# Blender 4.4.3
# www.blender.org
mtllib Katana_2.mtl
o Blade001
v 0.451235 0.001690 0.026690
v 0.033722 0.001690 0.026690
v -0.185591 0.001690 0.026690
v -0.544437 0.001690 0.016265
v -0.638576 0.009065 0.047235
v 0.451235 -0.000000 0.026690
v -0.189020 -0.000000 -0.010911
v -0.638576 -0.000000 -0.019756
v -0.544437 -0.000000 0.016265
v -0.185591 -0.000000 0.026690
v 0.033722 -0.000000 0.026690
v 0.247942 0.001690 -0.006131
v 0.033722 0.001690 -0.004423
v -0.189020 0.001690 -0.004423
v -0.544437 0.001690 -0.004423
v -0.638576 0.009065 -0.015472
v 0.252348 -0.000000 -0.012833
v 0.485485 -0.000000 0.026690
v -0.544505 0.009065 -0.015472
v -0.544505 0.009065 0.047235
v -0.544505 -0.000000 0.047235
v -0.544255 0.000033 0.016447
v -0.544324 0.012539 0.016447
v -0.544324 0.012539 0.042530
v -0.544324 -0.000025 0.042530
v -0.535287 0.000036 0.016468
v -0.535288 0.012621 0.016468
v -0.535364 0.012621 0.042551
v -0.180498 0.001743 0.014470
v -0.180498 0.001806 0.000535
v -0.544437 0.001806 0.000535
v -0.544437 0.001743 0.014470
v -0.180498 0.012061 0.013078
v -0.180498 0.010275 0.007076
v -0.544437 0.010275 0.007076
v -0.544437 0.012061 0.013078
v -0.180563 0.000036 0.016468
v -0.180631 0.005982 0.016468
v -0.188114 0.005982 0.039497
v -0.188114 -0.000022 0.039497
v -0.201139 0.000033 0.016447
v -0.201207 0.005900 0.016447
v -0.195940 0.005900 0.031659
v -0.638576 0.014469 0.042119
v -0.544505 0.014469 0.042119
v -0.544505 0.014469 -0.005330
v -0.638576 0.014469 -0.005330
v -0.607358 -0.000000 -0.017619
v -0.607358 0.006963 -0.011045
v -0.607358 0.011834 -0.000823
v -0.607358 0.011987 0.041051
v -0.607358 0.008066 0.044725
v -0.610960 0.009065 0.047235
v -0.610960 -0.000000 0.047235
v -0.603755 0.009065 -0.015472
v -0.610960 0.014469 0.042119
v -0.603755 0.014469 -0.005330
v -0.610960 0.009065 -0.015472
v -0.610960 0.014469 -0.005330
v -0.603755 0.014469 0.042119
v -0.603755 0.009065 0.047235
v -0.638576 0.009065 0.025472
v -0.638576 0.014469 0.026321
v -0.610960 0.014469 0.026321
v -0.607358 0.011931 0.025857
v -0.603755 0.014469 0.026321
v -0.544505 0.014469 0.026321
v -0.544505 0.009065 0.025472
v -0.544437 0.001690 0.014634
v -0.188213 0.001690 0.016265
v 0.033722 0.001690 0.014634
v 0.360960 0.001690 0.008776
v 0.365438 -0.000000 0.000793
v -0.188213 -0.000000 0.016265
v -0.188114 0.003579 0.039497
v -0.180584 0.003619 0.016468
v -0.201160 0.003592 0.016447
v -0.195940 0.003552 0.031659
v -0.195889 0.000018 0.023031
v -0.195905 0.003582 0.023031
v -0.195940 0.005900 0.023031
v -0.182830 0.005982 0.023052
v -0.182794 0.003609 0.023052
v -0.182779 0.000021 0.023052
v -0.191637 -0.000023 0.039489
v -0.191664 0.003552 0.039476
v -0.191865 0.005950 0.039489
v -0.191785 0.005950 0.023044
v -0.191759 0.005950 0.016460
v -0.191758 0.003609 0.016460
v -0.191757 0.000035 0.016460
v -0.191636 0.000018 0.023031
v -0.191636 0.003582 0.023031
v -0.189356 0.003575 0.043595
v -0.189356 0.005978 0.043595
v -0.191881 0.005945 0.043587
v -0.195956 0.005896 0.043574
v -0.195956 0.003548 0.043574
v -0.191680 0.003548 0.043574
v -0.191653 -0.000028 0.043587
v -0.189356 -0.000027 0.043595
v -0.192566 0.003552 0.040753
v -0.192563 -0.000023 0.040766
v -0.204647 -0.000028 0.052655
v -0.204649 0.003548 0.052642
v -0.541504 0.003508 0.040731
v -0.541501 -0.000067 0.040744
v -0.529421 -0.000072 0.052633
v -0.529423 0.003503 0.052620
v -0.544324 0.004948 0.042530
v -0.535364 0.004992 0.042551
v -0.535287 0.005020 0.016468
v -0.544291 0.004975 0.016447
v -0.544309 -0.000012 0.039239
v -0.544317 0.004954 0.039239
v -0.544324 0.012539 0.039239
v -0.535347 0.012621 0.039261
v -0.535347 0.004998 0.039261
v -0.535347 -0.000009 0.039261
v -0.541967 0.012575 0.042539
v -0.541960 0.012575 0.039249
v -0.541933 0.012575 0.016456
v -0.541915 0.004995 0.016456
v -0.541895 0.000034 0.016456
v -0.541714 0.004998 0.039261
v -0.541714 -0.000009 0.039261
v -0.541967 0.004968 0.042539
v -0.541967 -0.000024 0.042539
v -0.189873 0.004904 0.039331
v -0.188924 0.003579 0.039235
v -0.183605 0.003597 0.022790
v -0.184700 0.005021 0.022850
v -0.191782 0.005098 0.023044
v -0.191858 0.005098 0.039489
v -0.188646 0.001690 0.035532
v 0.056201 0.001690 0.035532
v -0.188646 -0.000000 0.040935
v 0.056201 -0.000000 0.040935
v 0.056201 0.001690 0.038953
v -0.188646 0.001690 0.038953
v -0.188646 -0.000000 0.035532
v 0.056201 -0.000000 0.035532
v 0.081276 0.000081 0.026962
v 0.482644 0.000081 0.026962
v 0.482644 0.001771 0.026962
v 0.081276 0.001771 0.026962
v 0.079069 0.000081 0.035826
v 0.181095 0.000081 0.035826
v 0.181095 0.001771 0.035826
v 0.079069 0.001771 0.035826
v -0.547353 0.014469 0.039271
v -0.547353 0.014469 0.029168
v -0.600908 0.014469 0.029168
v -0.600908 0.014469 0.039271
v -0.547353 0.010867 0.037882
v -0.547353 0.010867 0.030558
v -0.600908 0.010867 0.030558
v -0.600908 0.010867 0.037882
v 0.302346 -0.000000 -0.009802
v 0.297915 0.001690 -0.002643
v 0.033722 0.001690 0.002376
v -0.188732 0.001690 0.002957
v -0.544437 0.001690 0.002376
v -0.544505 0.009065 0.000891
v -0.544505 0.014469 0.008476
v -0.603755 0.014469 0.008476
v -0.607358 0.011869 0.008694
v -0.610960 0.014469 0.008476
v -0.638576 0.014469 0.008476
v -0.638576 0.009065 -0.006841
v -0.636563 0.010528 0.045850
v -0.612973 0.010528 0.045850
v -0.612973 0.013006 0.043504
v -0.636563 0.013006 0.043504
v -0.636563 0.010196 0.043684
v -0.612973 0.010196 0.043684
v -0.612973 0.010861 0.043054
v -0.636563 0.010861 0.043054
v -0.648482 -0.000000 0.047235
v -0.648482 0.009065 0.047235
v -0.648482 0.014469 0.042119
v -0.648482 0.014469 0.026321
v -0.648482 0.009065 0.025472
v -0.648482 -0.000000 0.022927
v -0.200443 0.005900 0.039458
v -0.200443 0.003552 0.039458
v -0.200458 0.003548 0.043557
v -0.200458 0.005896 0.043557
v -0.204635 -0.000025 0.040765
v -0.204637 0.003551 0.040753
v -0.214390 0.003546 0.052642
v -0.214387 -0.000029 0.052655
v -0.192565 0.003526 0.033549
v -0.192563 -0.000049 0.033562
v -0.198579 -0.000051 0.033561
v -0.198582 0.003525 0.033548
v -0.535395 -0.000066 0.040745
v -0.535398 0.003509 0.040732
v -0.523816 0.003505 0.052621
v -0.523813 -0.000071 0.052634
v -0.541501 -0.000077 0.039279
v -0.541504 0.003498 0.039266
v -0.535397 0.003499 0.039266
v -0.535395 -0.000076 0.039279
v -0.602064 -0.000000 0.047250
v -0.594593 -0.000000 0.047250
v -0.594593 0.008362 0.047250
v -0.602064 0.008362 0.047250
v -0.600463 -0.000000 0.052084
v -0.596194 -0.000000 0.052084
v -0.596194 0.008362 0.052084
v -0.600463 0.008362 0.052084
v -0.588340 -0.000000 0.052084
v -0.584071 -0.000000 0.052084
v -0.584071 0.008362 0.052084
v -0.588340 0.008362 0.052084
v -0.589941 -0.000000 0.047250
v -0.582470 -0.000000 0.047250
v -0.582470 0.008362 0.047250
v -0.589941 0.008362 0.047250
v -0.576258 -0.000000 0.052084
v -0.571990 -0.000000 0.052084
v -0.571990 0.008362 0.052084
v -0.576258 0.008362 0.052084
v -0.577859 -0.000000 0.047250
v -0.570389 -0.000000 0.047250
v -0.570389 0.008362 0.047250
v -0.577859 0.008362 0.047250
v -0.564135 -0.000000 0.052084
v -0.559866 -0.000000 0.052084
v -0.559866 0.008362 0.052084
v -0.564135 0.008362 0.052084
v -0.565736 -0.000000 0.047250
v -0.558265 -0.000000 0.047250
v -0.558265 0.008362 0.047250
v -0.565736 0.008362 0.047250
v -0.552639 -0.000000 0.052084
v -0.548370 -0.000000 0.052084
v -0.548370 0.008362 0.052084
v -0.552639 0.008362 0.052084
v -0.554240 -0.000000 0.047250
v -0.546769 -0.000000 0.047250
v -0.546769 0.008362 0.047250
v -0.554240 0.008362 0.047250
v -0.650283 0.009065 -0.015472
v -0.650283 -0.000000 -0.012261
v -0.650283 0.009065 -0.006841
v -0.602184 0.014469 0.040547
v -0.602184 0.014469 0.027892
v -0.546077 0.014469 0.027892
v -0.546077 0.014469 0.040547
v -0.637731 0.009680 0.046654
v -0.637731 0.013855 0.042700
v -0.611805 0.013855 0.042700
v -0.611805 0.009679 0.046654
v 0.451235 -0.001690 0.026690
v 0.360960 -0.001690 0.008776
v 0.033722 -0.001690 0.014634
v 0.033722 -0.001690 0.026690
v -0.188213 -0.001690 0.016265
v -0.185591 -0.001690 0.026690
v -0.544437 -0.001690 0.016265
v -0.544437 -0.001690 0.014634
v -0.544505 -0.009066 0.025472
v -0.544505 -0.009066 0.047235
v -0.638576 -0.000000 0.047235
v -0.610960 -0.009066 0.047235
v -0.638576 -0.009066 0.047235
v 0.247942 -0.001690 -0.006131
v 0.033722 -0.000000 -0.010911
v 0.033722 -0.001690 -0.004423
v -0.189020 -0.001690 -0.004423
v -0.544437 -0.001690 -0.004423
v -0.544437 -0.000000 -0.010911
v -0.544505 -0.000000 -0.019756
v -0.544505 -0.009066 -0.015472
v 0.297915 -0.001690 -0.002643
v -0.544505 -0.014469 -0.005330
v -0.603755 -0.014469 -0.005330
v -0.603755 -0.014469 0.008476
v -0.544505 -0.014469 0.008476
v -0.603755 -0.000000 -0.019756
v -0.603755 -0.009066 -0.015472
v -0.535287 -0.000036 0.016468
v -0.535287 -0.005020 0.016468
v -0.535347 -0.004999 0.039261
v -0.535347 0.000009 0.039261
v -0.544255 -0.000033 0.016447
v -0.544291 -0.004976 0.016447
v -0.541915 -0.004995 0.016456
v -0.541895 -0.000034 0.016456
v -0.544324 -0.012539 0.016447
v -0.544324 -0.012539 0.039239
v -0.541960 -0.012575 0.039249
v -0.541933 -0.012575 0.016456
v -0.544324 -0.012539 0.042530
v -0.544324 -0.004948 0.042530
v -0.541967 -0.004968 0.042539
v -0.541967 -0.012575 0.042539
v -0.544317 -0.004954 0.039239
v -0.180498 -0.012061 0.013078
v -0.180498 -0.010275 0.007076
v -0.544437 -0.010275 0.007076
v -0.544437 -0.012061 0.013078
v -0.180498 -0.001743 0.014470
v -0.180498 -0.001806 0.000535
v -0.544437 -0.001806 0.000535
v -0.544437 -0.001743 0.014470
v -0.180563 -0.000036 0.016468
v -0.180584 -0.003620 0.016468
v -0.182794 -0.003609 0.023052
v -0.182779 -0.000021 0.023052
v -0.201139 -0.000033 0.016447
v -0.201160 -0.003593 0.016447
v -0.191758 -0.003609 0.016460
v -0.191757 -0.000035 0.016460
v -0.201207 -0.005901 0.016447
v -0.195940 -0.005901 0.023031
v -0.191785 -0.005950 0.023044
v -0.191759 -0.005950 0.016460
v -0.195956 -0.005896 0.043574
v -0.195956 -0.003548 0.043574
v -0.191680 -0.003548 0.043574
v -0.191881 -0.005945 0.043587
v -0.195905 -0.003582 0.023031
v -0.648482 -0.000000 0.047235
v -0.648482 -0.009066 0.047235
v -0.648482 -0.009066 0.025472
v -0.648482 -0.000000 0.022927
v -0.636563 -0.010197 0.043684
v -0.612973 -0.010197 0.043684
v -0.612973 -0.010861 0.043054
v -0.636563 -0.010861 0.043054
v -0.544505 -0.014469 0.026321
v -0.544505 -0.014469 0.042119
v -0.638576 -0.009066 -0.015472
v -0.638576 -0.009066 -0.006841
v -0.638576 -0.014469 0.008476
v -0.638576 -0.014469 -0.005330
v -0.603755 -0.000000 0.047235
v -0.603755 -0.009066 0.047235
v -0.610960 -0.014469 -0.005330
v -0.610960 -0.014469 0.008476
v -0.610960 -0.000000 -0.019756
v -0.610960 -0.009066 -0.015472
v -0.603755 -0.014469 0.042119
v -0.607358 -0.000000 0.044533
v -0.607358 -0.008066 0.044725
v -0.607358 -0.011834 -0.000823
v -0.607358 -0.011869 0.008694
v -0.607358 -0.006963 -0.011045
v -0.607358 -0.011987 0.041051
v -0.610960 -0.014469 0.042119
v -0.607358 -0.011932 0.025857
v -0.610960 -0.014469 0.026321
v 0.033722 -0.001690 0.002376
v -0.188732 -0.001690 0.002957
v -0.544437 -0.001690 0.002376
v -0.544505 -0.009066 0.000891
v -0.600908 -0.010867 0.030558
v -0.600908 -0.010867 0.037882
v -0.547353 -0.010867 0.037882
v -0.547353 -0.010867 0.030558
v -0.638576 -0.009066 0.025472
v -0.638576 -0.000000 -0.012261
v -0.638576 -0.000000 0.022927
v -0.648482 -0.014469 0.042119
v -0.648482 -0.014469 0.026321
v -0.638576 -0.014469 0.026321
v -0.638576 -0.014469 0.042119
v -0.603755 -0.014469 0.026321
v -0.180631 -0.005982 0.016468
v -0.182830 -0.005982 0.023052
v -0.195889 -0.000019 0.023031
v -0.188114 -0.003579 0.039497
v -0.188114 0.000022 0.039497
v -0.195940 -0.005901 0.031659
v -0.191865 -0.005950 0.039489
v -0.195940 -0.003552 0.031659
v -0.184700 -0.005021 0.022850
v -0.189873 -0.004904 0.039331
v -0.188924 -0.003579 0.039235
v -0.183605 -0.003597 0.022790
v -0.189356 -0.003575 0.043595
v -0.189356 -0.005978 0.043595
v -0.191653 0.000028 0.043587
v -0.189356 0.000026 0.043595
v -0.191858 -0.005098 0.039489
v -0.191782 -0.005098 0.023044
v -0.191636 -0.003582 0.023031
v -0.191664 -0.003552 0.039476
v -0.191636 -0.000019 0.023031
v -0.191637 0.000023 0.039489
v -0.188114 -0.005982 0.039497
v -0.200443 -0.005901 0.039458
v -0.200443 -0.003552 0.039458
v -0.200458 -0.003548 0.043557
v -0.200458 -0.005896 0.043557
v -0.541504 -0.003508 0.040731
v -0.541501 0.000067 0.040744
v -0.529421 0.000072 0.052633
v -0.529423 -0.003504 0.052620
v -0.192565 -0.003526 0.033549
v -0.192563 0.000049 0.033562
v -0.198579 0.000050 0.033561
v -0.198582 -0.003525 0.033548
v -0.204647 0.000028 0.052655
v -0.204649 -0.003548 0.052642
v -0.214390 -0.003546 0.052642
v -0.214387 0.000029 0.052655
v -0.192566 -0.003552 0.040753
v -0.204637 -0.003551 0.040753
v -0.535288 -0.012621 0.016468
v -0.535347 -0.012621 0.039261
v -0.544324 0.000025 0.042530
v -0.541967 0.000024 0.042539
v -0.544309 0.000012 0.039239
v -0.535364 -0.012621 0.042551
v -0.535364 -0.004993 0.042551
v -0.541714 -0.004999 0.039261
v -0.541714 0.000009 0.039261
v -0.188646 -0.000000 0.040935
v 0.056201 -0.000000 0.040935
v 0.056201 -0.001690 0.038953
v -0.188646 -0.001690 0.038953
v 0.056201 -0.000000 0.035532
v 0.056201 -0.001690 0.035532
v -0.188646 -0.001690 0.035532
v -0.188646 -0.000000 0.035532
v 0.079069 0.000081 0.035826
v 0.181095 0.000081 0.035826
v 0.181095 -0.001608 0.035826
v 0.079069 -0.001608 0.035826
v 0.081276 0.000081 0.026962
v 0.482644 0.000081 0.026962
v 0.482644 -0.001608 0.026962
v 0.081276 -0.001608 0.026962
v -0.546077 -0.014469 0.027892
v -0.546077 -0.014469 0.040547
v -0.602184 -0.014469 0.027892
v -0.602184 -0.014469 0.040547
v -0.547353 -0.014469 0.039271
v -0.547353 -0.014469 0.029168
v -0.600908 -0.014469 0.029168
v -0.600908 -0.014469 0.039271
v -0.650283 -0.009066 -0.006841
v -0.650283 -0.009066 -0.015472
v -0.650283 -0.000000 -0.019756
v -0.611805 -0.009680 0.046654
v -0.637731 -0.009680 0.046654
v -0.611805 -0.013855 0.042700
v -0.637731 -0.013855 0.042700
v -0.636563 -0.010528 0.045850
v -0.612973 -0.010528 0.045850
v -0.612973 -0.013007 0.043504
v -0.636563 -0.013007 0.043504
v -0.192563 0.000023 0.040766
v -0.204635 0.000024 0.040765
v -0.535395 0.000066 0.040745
v -0.535398 -0.003509 0.040732
v -0.523816 -0.003505 0.052621
v -0.523813 0.000070 0.052634
v -0.535395 0.000076 0.039279
v -0.541501 0.000077 0.039279
v -0.541504 -0.003498 0.039266
v -0.535397 -0.003500 0.039266
v -0.600463 -0.000000 0.052084
v -0.596194 -0.000000 0.052084
v -0.596194 -0.008362 0.052084
v -0.600463 -0.008362 0.052084
v -0.602064 -0.000000 0.047250
v -0.594593 -0.000000 0.047250
v -0.594593 -0.008362 0.047250
v -0.602064 -0.008362 0.047250
v -0.588340 -0.000000 0.052084
v -0.584071 -0.000000 0.052084
v -0.584071 -0.008362 0.052084
v -0.588340 -0.008362 0.052084
v -0.589941 -0.000000 0.047250
v -0.582470 -0.000000 0.047250
v -0.582470 -0.008362 0.047250
v -0.589941 -0.008362 0.047250
v -0.576258 -0.000000 0.052084
v -0.571990 -0.000000 0.052084
v -0.571990 -0.008362 0.052084
v -0.576258 -0.008362 0.052084
v -0.577859 -0.000000 0.047250
v -0.570389 -0.000000 0.047250
v -0.570389 -0.008362 0.047250
v -0.577859 -0.008362 0.047250
v -0.564135 -0.000000 0.052084
v -0.559866 -0.000000 0.052084
v -0.559866 -0.008362 0.052084
v -0.564135 -0.008362 0.052084
v -0.565736 -0.000000 0.047250
v -0.558265 -0.000000 0.047250
v -0.558265 -0.008362 0.047250
v -0.565736 -0.008362 0.047250
v -0.552639 -0.000000 0.052084
v -0.548370 -0.000000 0.052084
v -0.548370 -0.008362 0.052084
v -0.552639 -0.008362 0.052084
v -0.554240 -0.000000 0.047250
v -0.546769 -0.000000 0.047250
v -0.546769 -0.008362 0.047250
v -0.554240 -0.008362 0.047250
v -0.535120 -0.000000 0.016911
v -0.535120 0.001107 0.016966
v -0.535120 0.002204 0.017128
v -0.535120 0.003280 0.017398
v -0.535120 0.004324 0.017771
v -0.535120 0.005326 0.018246
v -0.535120 0.006277 0.018816
v -0.535120 0.007168 0.019476
v -0.535120 0.007989 0.020221
v -0.535120 0.008734 0.021042
v -0.535120 0.009395 0.021933
v -0.535120 0.009965 0.022884
v -0.535120 0.010439 0.023886
v -0.535120 0.010812 0.024930
v -0.535120 0.011082 0.026006
v -0.535120 0.011244 0.027103
v -0.535120 0.011299 0.028210
v -0.535120 0.011244 0.029318
v -0.535120 0.011082 0.030415
v -0.535120 0.010812 0.031490
v -0.535120 0.010439 0.032534
v -0.535120 0.009965 0.033536
v -0.535120 0.009395 0.034488
v -0.535120 0.008734 0.035378
v -0.535120 0.007989 0.036200
v -0.535120 0.007168 0.036944
v -0.535120 0.006277 0.037605
v -0.535120 0.005326 0.038175
v -0.535120 0.004324 0.038649
v -0.535120 0.003280 0.039023
v -0.535120 0.002204 0.039292
v -0.535120 0.001107 0.039455
v -0.535120 -0.000000 0.039509
v -0.535120 -0.001108 0.039455
v -0.535120 -0.002204 0.039292
v -0.535120 -0.003280 0.039023
v -0.535120 -0.004324 0.038649
v -0.535120 -0.005326 0.038175
v -0.535120 -0.006277 0.037605
v -0.535120 -0.007168 0.036944
v -0.535120 -0.007990 0.036200
v -0.535120 -0.008734 0.035378
v -0.535120 -0.009395 0.034488
v -0.535120 -0.009965 0.033536
v -0.535120 -0.010439 0.032534
v -0.535120 -0.010812 0.031490
v -0.535120 -0.011082 0.030415
v -0.535120 -0.011245 0.029318
v -0.535120 -0.011299 0.028210
v -0.535120 -0.011245 0.027103
v -0.535120 -0.011082 0.026006
v -0.535120 -0.010812 0.024930
v -0.535120 -0.010439 0.023886
v -0.535120 -0.009965 0.022884
v -0.535120 -0.009395 0.021933
v -0.535120 -0.008734 0.021042
v -0.535120 -0.007990 0.020221
v -0.535120 -0.007168 0.019476
v -0.535120 -0.006277 0.018816
v -0.535120 -0.005326 0.018246
v -0.535120 -0.004324 0.017771
v -0.535120 -0.003280 0.017398
v -0.535120 -0.002204 0.017128
v -0.535120 -0.001108 0.016966
v -0.198978 -0.000000 0.024151
v -0.198978 0.000303 0.024171
v -0.198978 0.000604 0.024229
v -0.198978 0.000899 0.024326
v -0.198978 0.001185 0.024460
v -0.198978 0.001460 0.024630
v -0.198978 0.001721 0.024835
v -0.198978 0.001965 0.025073
v -0.198978 0.002190 0.025340
v -0.198978 0.002394 0.025635
v -0.198978 0.002575 0.025955
v -0.198978 0.002731 0.026297
v -0.198978 0.002861 0.026657
v -0.198978 0.002964 0.027032
v -0.198978 0.003038 0.027418
v -0.198978 0.003082 0.027812
v -0.198978 0.003097 0.028210
v -0.198978 0.003082 0.028608
v -0.198978 0.003038 0.029002
v -0.198978 0.002964 0.029389
v -0.198978 0.002861 0.029764
v -0.198978 0.002731 0.030124
v -0.198978 0.002575 0.030465
v -0.198978 0.002394 0.030785
v -0.198978 0.002190 0.031080
v -0.198978 0.001965 0.031348
v -0.198978 0.001721 0.031585
v -0.198978 0.001460 0.031790
v -0.198978 0.001185 0.031960
v -0.198978 0.000899 0.032094
v -0.198978 0.000604 0.032191
v -0.198978 0.000303 0.032250
v -0.198978 -0.000000 0.032269
v -0.198978 -0.000304 0.032250
v -0.198978 -0.000604 0.032191
v -0.198978 -0.000899 0.032094
v -0.198978 -0.001185 0.031960
v -0.198978 -0.001460 0.031790
v -0.198978 -0.001721 0.031585
v -0.198978 -0.001965 0.031348
v -0.198978 -0.002190 0.031080
v -0.198978 -0.002394 0.030785
v -0.198978 -0.002575 0.030465
v -0.198978 -0.002732 0.030124
v -0.198978 -0.002862 0.029764
v -0.198978 -0.002964 0.029389
v -0.198978 -0.003038 0.029002
v -0.198978 -0.003082 0.028608
v -0.198978 -0.003097 0.028210
v -0.198978 -0.003082 0.027812
v -0.198978 -0.003038 0.027418
v -0.198978 -0.002964 0.027032
v -0.198978 -0.002862 0.026657
v -0.198978 -0.002732 0.026297
v -0.198978 -0.002575 0.025955
v -0.198978 -0.002394 0.025635
v -0.198978 -0.002190 0.025340
v -0.198978 -0.001965 0.025073
v -0.198978 -0.001721 0.024835
v -0.198978 -0.001460 0.024630
v -0.198978 -0.001185 0.024460
v -0.198978 -0.000899 0.024326
v -0.198978 -0.000604 0.024229
v -0.198978 -0.000304 0.024171
v -0.204891 0.008734 0.035378
v -0.204891 0.009394 0.034488
v -0.204891 0.009965 0.033536
v -0.204891 0.010439 0.032534
v -0.204891 0.010812 0.031490
v -0.204891 0.011082 0.030415
v -0.204891 0.011244 0.029318
v -0.204891 0.011299 0.028210
v -0.204891 0.011244 0.027103
v -0.204891 0.011082 0.026006
v -0.204891 0.010812 0.024930
v -0.204891 0.010439 0.023886
v -0.204891 0.009965 0.022884
v -0.204891 0.009395 0.021933
v -0.204891 0.008734 0.021042
v -0.204891 0.007989 0.020221
v -0.204891 0.007168 0.019476
v -0.204891 0.006277 0.018816
v -0.204891 0.005326 0.018246
v -0.204891 0.004324 0.017771
v -0.204891 0.003280 0.017398
v -0.204891 0.002204 0.017128
v -0.204891 0.001107 0.016966
v -0.204891 -0.000000 0.016911
v -0.204891 -0.001108 0.016966
v -0.204891 -0.002204 0.017128
v -0.204891 -0.003280 0.017398
v -0.204891 -0.004324 0.017771
v -0.204891 -0.005326 0.018246
v -0.204891 -0.006277 0.018816
v -0.204891 -0.007168 0.019476
v -0.204891 -0.007990 0.020221
v -0.204891 -0.008734 0.021042
v -0.204891 -0.009395 0.021933
v -0.204891 -0.009965 0.022884
v -0.204891 -0.010439 0.023886
v -0.204891 -0.010812 0.024930
v -0.204891 -0.011082 0.026006
v -0.204891 -0.011245 0.027103
v -0.204891 -0.011299 0.028210
v -0.204891 -0.011245 0.029318
v -0.204891 -0.011082 0.030415
v -0.204891 -0.010812 0.031490
v -0.204891 -0.010439 0.032534
v -0.204891 -0.009965 0.033536
v -0.204891 -0.009395 0.034488
v -0.204891 -0.008734 0.035378
v -0.204891 -0.007990 0.036200
v -0.204891 -0.007168 0.036944
v -0.204891 -0.006277 0.037605
v -0.204891 -0.005326 0.038175
v -0.204891 -0.004324 0.038649
v -0.204891 -0.003280 0.039023
v -0.204891 -0.002204 0.039292
v -0.204891 -0.001108 0.039455
v -0.204891 -0.000000 0.039509
v -0.204891 0.001107 0.039455
v -0.204891 0.002204 0.039292
v -0.204891 0.003280 0.039023
v -0.204891 0.004324 0.038649
v -0.204891 0.005326 0.038175
v -0.204891 0.006277 0.037605
v -0.204891 0.007168 0.036944
v -0.204891 0.007989 0.036200
v -0.186619 -0.000000 0.024151
v -0.186619 0.000303 0.024171
v -0.186619 0.000604 0.024229
v -0.186619 0.000899 0.024326
v -0.186619 0.001185 0.024460
v -0.186619 0.001460 0.024630
v -0.186619 0.001721 0.024835
v -0.186619 0.001965 0.025073
v -0.186619 0.002190 0.025340
v -0.186619 0.002394 0.025635
v -0.186619 0.002575 0.025955
v -0.186619 0.002731 0.026297
v -0.186619 0.002861 0.026657
v -0.186619 0.002964 0.027032
v -0.186619 0.003038 0.027418
v -0.186619 0.003082 0.027812
v -0.186619 0.003097 0.028210
v -0.186619 0.003082 0.028608
v -0.186619 0.003038 0.029002
v -0.186619 0.002964 0.029389
v -0.186619 0.002861 0.029764
v -0.186619 0.002731 0.030124
v -0.186619 0.002575 0.030465
v -0.186619 0.002394 0.030785
v -0.186619 0.002190 0.031080
v -0.186619 0.001965 0.031348
v -0.186619 0.001721 0.031585
v -0.186619 0.001460 0.031790
v -0.186619 0.001185 0.031960
v -0.186619 0.000899 0.032095
v -0.186619 0.000604 0.032191
v -0.186619 0.000303 0.032250
v -0.186619 -0.000000 0.032269
v -0.186619 -0.000304 0.032250
v -0.186619 -0.000604 0.032191
v -0.186619 -0.000899 0.032095
v -0.186619 -0.001185 0.031960
v -0.186619 -0.001460 0.031790
v -0.186619 -0.001721 0.031585
v -0.186619 -0.001965 0.031348
v -0.186619 -0.002190 0.031080
v -0.186619 -0.002394 0.030785
v -0.186619 -0.002575 0.030465
v -0.186619 -0.002732 0.030124
v -0.186619 -0.002862 0.029764
v -0.186619 -0.002964 0.029389
v -0.186619 -0.003038 0.029002
v -0.186619 -0.003082 0.028608
v -0.186619 -0.003097 0.028210
v -0.186619 -0.003082 0.027812
v -0.186619 -0.003038 0.027418
v -0.186619 -0.002964 0.027032
v -0.186619 -0.002862 0.026657
v -0.186619 -0.002732 0.026297
v -0.186619 -0.002575 0.025955
v -0.186619 -0.002394 0.025635
v -0.186619 -0.002190 0.025340
v -0.186619 -0.001965 0.025073
v -0.186619 -0.001721 0.024835
v -0.186619 -0.001460 0.024630
v -0.186619 -0.001185 0.024460
v -0.186619 -0.000899 0.024326
v -0.186619 -0.000604 0.024229
v -0.186619 -0.000304 0.024171
v -0.219301 0.005777 0.036856
v -0.219301 0.006596 0.036248
v -0.219301 0.007353 0.035563
v -0.219301 0.008038 0.034807
v -0.219301 0.008646 0.033987
v -0.219301 0.009170 0.033112
v -0.219301 0.009607 0.032189
v -0.219301 0.009950 0.031229
v -0.219301 0.010198 0.030239
v -0.219301 0.010348 0.029229
v -0.219301 0.010398 0.028210
v -0.219301 0.010348 0.027191
v -0.219301 0.010198 0.026182
v -0.219301 0.009950 0.025192
v -0.219301 0.009607 0.024231
v -0.219301 0.009170 0.023308
v -0.219301 0.008646 0.022433
v -0.219301 0.008038 0.021614
v -0.219301 0.007353 0.020857
v -0.219301 0.006596 0.020172
v -0.219301 0.005777 0.019564
v -0.219301 0.004902 0.019040
v -0.219301 0.003979 0.018603
v -0.219301 0.003018 0.018260
v -0.219301 0.002028 0.018012
v -0.219301 0.001019 0.017862
v -0.219301 -0.000000 0.017812
v -0.219301 -0.001019 0.017862
v -0.219301 -0.002029 0.018012
v -0.219301 -0.003019 0.018260
v -0.219301 -0.003979 0.018603
v -0.219301 -0.004902 0.019040
v -0.219301 -0.005777 0.019564
v -0.219301 -0.006597 0.020172
v -0.219301 -0.007353 0.020858
v -0.219301 -0.008038 0.021614
v -0.219301 -0.008646 0.022433
v -0.219301 -0.009171 0.023309
v -0.219301 -0.009607 0.024231
v -0.219301 -0.009951 0.025192
v -0.219301 -0.010199 0.026182
v -0.219301 -0.010348 0.027191
v -0.219301 -0.010398 0.028210
v -0.219301 -0.010348 0.029229
v -0.219301 -0.010199 0.030239
v -0.219301 -0.009951 0.031229
v -0.219301 -0.009607 0.032189
v -0.219301 -0.009171 0.033112
v -0.219301 -0.008646 0.033987
v -0.219301 -0.008038 0.034807
v -0.219301 -0.007353 0.035563
v -0.219301 -0.006597 0.036248
v -0.219301 -0.005777 0.036856
v -0.219301 -0.004902 0.037381
v -0.219301 -0.003979 0.037817
v -0.219301 -0.003019 0.038161
v -0.219301 -0.002029 0.038409
v -0.219301 -0.001019 0.038558
v -0.219301 -0.000000 0.038609
v -0.219301 0.001019 0.038558
v -0.219301 0.002028 0.038409
v -0.219301 0.003018 0.038161
v -0.219301 0.003979 0.037817
v -0.219301 0.004902 0.037381
v -0.517968 0.003979 0.037817
v -0.517968 0.004902 0.037381
v -0.517968 0.005777 0.036856
v -0.517968 0.006597 0.036248
v -0.517968 0.007353 0.035563
v -0.517968 0.008038 0.034807
v -0.517968 0.008646 0.033987
v -0.517968 0.009170 0.033112
v -0.517968 0.009607 0.032189
v -0.517968 0.009950 0.031229
v -0.517968 0.010198 0.030239
v -0.517968 0.010348 0.029229
v -0.517968 0.010398 0.028210
v -0.517968 0.010348 0.027191
v -0.517968 0.010198 0.026182
v -0.517968 0.009950 0.025192
v -0.517968 0.009607 0.024231
v -0.517968 0.009170 0.023308
v -0.517968 0.008646 0.022433
v -0.517968 0.008038 0.021614
v -0.517968 0.007353 0.020857
v -0.517968 0.006597 0.020172
v -0.517968 0.005777 0.019564
v -0.517968 0.004902 0.019040
v -0.517968 0.003979 0.018603
v -0.517968 0.003018 0.018260
v -0.517968 0.002029 0.018012
v -0.517968 0.001019 0.017862
v -0.517968 -0.000000 0.017812
v -0.517968 -0.001019 0.017862
v -0.517968 -0.002029 0.018012
v -0.517968 -0.003019 0.018260
v -0.517968 -0.003979 0.018603
v -0.517968 -0.004902 0.019040
v -0.517968 -0.005777 0.019564
v -0.517968 -0.006597 0.020172
v -0.517968 -0.007353 0.020858
v -0.517968 -0.008038 0.021614
v -0.517968 -0.008646 0.022433
v -0.517968 -0.009171 0.023308
v -0.517968 -0.009607 0.024231
v -0.517968 -0.009951 0.025192
v -0.517968 -0.010199 0.026182
v -0.517968 -0.010348 0.027191
v -0.517968 -0.010398 0.028210
v -0.517968 -0.010348 0.029229
v -0.517968 -0.010199 0.030239
v -0.517968 -0.009951 0.031229
v -0.517968 -0.009607 0.032189
v -0.517968 -0.009171 0.033112
v -0.517968 -0.008646 0.033987
v -0.517968 -0.008038 0.034807
v -0.517968 -0.007353 0.035563
v -0.517968 -0.006597 0.036248
v -0.517968 -0.005777 0.036856
v -0.517968 -0.004902 0.037381
v -0.517968 -0.003979 0.037817
v -0.517968 -0.003019 0.038161
v -0.517968 -0.002029 0.038409
v -0.517968 -0.001019 0.038558
v -0.517968 -0.000000 0.038609
v -0.517968 0.001019 0.038558
v -0.517968 0.002029 0.038409
v -0.517968 0.003018 0.038161
v -0.518868 0.001107 0.016966
v -0.518868 0.002204 0.017128
v -0.518868 0.003280 0.017398
v -0.518868 0.004324 0.017771
v -0.518868 0.005326 0.018246
v -0.518868 0.006277 0.018816
v -0.518868 0.007168 0.019476
v -0.518868 0.007989 0.020221
v -0.518868 0.008734 0.021042
v -0.518868 0.009395 0.021933
v -0.518868 0.009965 0.022884
v -0.518868 0.010439 0.023886
v -0.518868 0.010812 0.024930
v -0.518868 0.011082 0.026006
v -0.518868 0.011244 0.027103
v -0.518868 0.011299 0.028210
v -0.518868 0.011244 0.029318
v -0.518868 0.011082 0.030415
v -0.518868 0.010812 0.031490
v -0.518868 0.010439 0.032534
v -0.518868 0.009965 0.033536
v -0.518868 0.009395 0.034488
v -0.518868 0.008734 0.035378
v -0.518868 0.007989 0.036200
v -0.518868 0.007168 0.036944
v -0.518868 0.006277 0.037605
v -0.518868 0.005326 0.038175
v -0.518868 0.004324 0.038649
v -0.518868 0.003280 0.039023
v -0.518868 0.002204 0.039292
v -0.518868 0.001107 0.039455
v -0.518868 -0.000000 0.039509
v -0.518868 -0.001108 0.039455
v -0.518868 -0.002204 0.039292
v -0.518868 -0.003280 0.039023
v -0.518868 -0.004324 0.038649
v -0.518868 -0.005326 0.038175
v -0.518868 -0.006277 0.037605
v -0.518868 -0.007168 0.036944
v -0.518868 -0.007990 0.036200
v -0.518868 -0.008734 0.035378
v -0.518868 -0.009395 0.034488
v -0.518868 -0.009965 0.033536
v -0.518868 -0.010439 0.032534
v -0.518868 -0.010812 0.031490
v -0.518868 -0.011082 0.030415
v -0.518868 -0.011245 0.029318
v -0.518868 -0.011299 0.028210
v -0.518868 -0.011245 0.027103
v -0.518868 -0.011082 0.026006
v -0.518868 -0.010812 0.024930
v -0.518868 -0.010439 0.023886
v -0.518868 -0.009965 0.022884
v -0.518868 -0.009395 0.021933
v -0.518868 -0.008734 0.021042
v -0.518868 -0.007990 0.020221
v -0.518868 -0.007168 0.019476
v -0.518868 -0.006277 0.018816
v -0.518868 -0.005326 0.018246
v -0.518868 -0.004324 0.017771
v -0.518868 -0.003280 0.017398
v -0.518868 -0.002204 0.017128
v -0.518868 -0.001108 0.016966
v -0.218400 -0.000000 0.016911
v -0.218400 0.006277 0.037605
v -0.218400 0.007168 0.036944
v -0.218400 0.007989 0.036200
v -0.218400 0.008734 0.035378
v -0.218400 0.009394 0.034488
v -0.218400 0.009965 0.033536
v -0.218400 0.010439 0.032534
v -0.218400 0.010812 0.031490
v -0.218400 0.011082 0.030415
v -0.218400 0.011244 0.029318
v -0.218400 0.011299 0.028210
v -0.218400 0.011244 0.027103
v -0.218400 0.011082 0.026006
v -0.218400 0.010812 0.024930
v -0.218400 0.010439 0.023886
v -0.218400 0.009965 0.022884
v -0.218400 0.009395 0.021933
v -0.218400 0.008734 0.021042
v -0.218400 0.007989 0.020221
v -0.218400 0.007168 0.019476
v -0.218400 0.006277 0.018816
v -0.218400 0.005326 0.018246
v -0.218400 0.004324 0.017771
v -0.218400 0.003280 0.017398
v -0.218400 0.002204 0.017128
v -0.218400 0.001107 0.016966
v -0.220201 -0.000000 0.016911
v -0.517067 -0.000000 0.016911
v -0.218400 -0.001108 0.016966
v -0.218400 -0.002204 0.017128
v -0.218400 -0.003280 0.017398
v -0.218400 -0.004324 0.017771
v -0.218400 -0.005326 0.018246
v -0.218400 -0.006277 0.018816
v -0.218400 -0.007168 0.019476
v -0.218400 -0.007990 0.020221
v -0.218400 -0.008734 0.021042
v -0.218400 -0.009395 0.021933
v -0.218400 -0.009965 0.022884
v -0.218400 -0.010439 0.023886
v -0.218400 -0.010812 0.024930
v -0.218400 -0.011082 0.026006
v -0.218400 -0.011245 0.027103
v -0.218400 -0.011299 0.028210
v -0.218400 -0.011245 0.029318
v -0.218400 -0.011082 0.030415
v -0.218400 -0.010812 0.031490
v -0.218400 -0.010439 0.032534
v -0.218400 -0.009965 0.033536
v -0.218400 -0.009395 0.034488
v -0.218400 -0.008734 0.035378
v -0.218400 -0.007990 0.036200
v -0.218400 -0.007168 0.036944
v -0.218400 -0.006277 0.037605
v -0.218400 -0.005326 0.038175
v -0.218400 -0.004324 0.038649
v -0.218400 -0.003280 0.039023
v -0.218400 -0.002204 0.039292
v -0.218400 -0.001108 0.039455
v -0.218400 -0.000000 0.039509
v -0.218400 0.001107 0.039455
v -0.218400 0.002204 0.039292
v -0.218400 0.003280 0.039023
v -0.218400 0.004324 0.038649
v -0.218400 0.005326 0.038175
v -0.517067 0.004324 0.038649
v -0.220201 0.004324 0.038649
v -0.517067 0.005326 0.038175
v -0.220201 0.005326 0.038175
v -0.517067 0.006277 0.037605
v -0.220201 0.006277 0.037605
v -0.517067 0.007168 0.036944
v -0.220201 0.007168 0.036944
v -0.517067 0.007989 0.036200
v -0.220201 0.007989 0.036200
v -0.517067 0.008734 0.035378
v -0.220201 0.008734 0.035378
v -0.517067 0.009395 0.034488
v -0.220201 0.009394 0.034488
v -0.517067 0.009965 0.033536
v -0.220201 0.009965 0.033536
v -0.517067 0.010439 0.032534
v -0.220201 0.010439 0.032534
v -0.517067 0.010812 0.031490
v -0.220201 0.010812 0.031490
v -0.517067 0.011082 0.030415
v -0.220201 0.011082 0.030415
v -0.517067 0.011244 0.029318
v -0.220201 0.011244 0.029318
v -0.517067 0.011299 0.028210
v -0.220201 0.011299 0.028210
v -0.517067 0.011244 0.027103
v -0.220201 0.011244 0.027103
v -0.517067 0.011082 0.026006
v -0.220201 0.011082 0.026006
v -0.517067 0.010812 0.024930
v -0.220201 0.010812 0.024930
v -0.517067 0.010439 0.023886
v -0.220201 0.010439 0.023886
v -0.517067 0.009965 0.022884
v -0.220201 0.009965 0.022884
v -0.517067 0.009395 0.021933
v -0.220201 0.009395 0.021933
v -0.517067 0.008734 0.021042
v -0.220201 0.008734 0.021042
v -0.517067 0.007989 0.020221
v -0.220201 0.007989 0.020221
v -0.517067 0.007168 0.019476
v -0.220201 0.007168 0.019476
v -0.517067 0.006277 0.018816
v -0.220201 0.006277 0.018816
v -0.517067 0.005326 0.018246
v -0.220201 0.005326 0.018246
v -0.517067 0.004324 0.017771
v -0.220201 0.004324 0.017771
v -0.517067 0.003280 0.017398
v -0.220201 0.003280 0.017398
v -0.517067 0.002204 0.017128
v -0.220201 0.002204 0.017128
v -0.517067 0.001107 0.016966
v -0.220201 0.001107 0.016966
v -0.518868 -0.000000 0.016911
v -0.517067 -0.001108 0.016966
v -0.220201 -0.001108 0.016966
v -0.517067 -0.002204 0.017128
v -0.220201 -0.002204 0.017128
v -0.517067 -0.003280 0.017398
v -0.220201 -0.003280 0.017398
v -0.517067 -0.004324 0.017771
v -0.220201 -0.004324 0.017771
v -0.517067 -0.005326 0.018246
v -0.220201 -0.005326 0.018246
v -0.517067 -0.006277 0.018816
v -0.220201 -0.006277 0.018816
v -0.517067 -0.007168 0.019476
v -0.220201 -0.007168 0.019476
v -0.517067 -0.007990 0.020221
v -0.220201 -0.007990 0.020221
v -0.517067 -0.008734 0.021042
v -0.220201 -0.008734 0.021042
v -0.517067 -0.009395 0.021933
v -0.220201 -0.009395 0.021933
v -0.517067 -0.009965 0.022884
v -0.220201 -0.009965 0.022884
v -0.517067 -0.010439 0.023886
v -0.220201 -0.010439 0.023886
v -0.517067 -0.010812 0.024930
v -0.220201 -0.010812 0.024930
v -0.517067 -0.011082 0.026006
v -0.220201 -0.011082 0.026006
v -0.517067 -0.011245 0.027103
v -0.220201 -0.011245 0.027103
v -0.517067 -0.011299 0.028210
v -0.220201 -0.011299 0.028210
v -0.517067 -0.011245 0.029318
v -0.220201 -0.011245 0.029318
v -0.517067 -0.011082 0.030415
v -0.220201 -0.011082 0.030415
v -0.517067 -0.010812 0.031490
v -0.220201 -0.010812 0.031490
v -0.517067 -0.010439 0.032534
v -0.220201 -0.010439 0.032534
v -0.517067 -0.009965 0.033536
v -0.220201 -0.009965 0.033536
v -0.517067 -0.009395 0.034488
v -0.220201 -0.009395 0.034488
v -0.517067 -0.008734 0.035378
v -0.220201 -0.008734 0.035378
v -0.517067 -0.007990 0.036200
v -0.220201 -0.007990 0.036200
v -0.517067 -0.007168 0.036944
v -0.220201 -0.007168 0.036944
v -0.517067 -0.006277 0.037605
v -0.220201 -0.006277 0.037605
v -0.517067 -0.005326 0.038175
v -0.220201 -0.005326 0.038175
v -0.517067 -0.004324 0.038649
v -0.220201 -0.004324 0.038649
v -0.517067 -0.003280 0.039023
v -0.220201 -0.003280 0.039023
v -0.517067 -0.002204 0.039292
v -0.220201 -0.002204 0.039292
v -0.517067 -0.001108 0.039455
v -0.220201 -0.001108 0.039455
v -0.517067 -0.000000 0.039509
v -0.220201 -0.000000 0.039509
v -0.517067 0.001107 0.039455
v -0.220201 0.001107 0.039455
v -0.517067 0.002204 0.039292
v -0.220201 0.002204 0.039292
v -0.517067 0.003280 0.039023
v -0.220201 0.003280 0.039023
v -0.206008 0.010812 0.031490
v -0.206008 0.011082 0.030415
v -0.206008 0.011244 0.029318
v -0.206008 0.011299 0.028210
v -0.206008 0.011244 0.027103
v -0.206008 0.011082 0.026006
v -0.206008 0.010812 0.024930
v -0.206008 0.010439 0.023886
v -0.206008 0.009965 0.022884
v -0.206008 0.009395 0.021933
v -0.206008 0.008734 0.021042
v -0.206008 0.007989 0.020221
v -0.206008 0.007168 0.019476
v -0.206008 0.006277 0.018816
v -0.206008 0.005326 0.018246
v -0.206008 0.004324 0.017771
v -0.206008 0.003280 0.017398
v -0.206008 0.002204 0.017128
v -0.206008 0.001107 0.016966
v -0.206008 -0.000000 0.016911
v -0.206008 -0.001108 0.016966
v -0.206008 -0.002204 0.017128
v -0.206008 -0.003280 0.017398
v -0.206008 -0.004324 0.017771
v -0.206008 -0.005326 0.018246
v -0.206008 -0.006277 0.018816
v -0.206008 -0.007168 0.019476
v -0.206008 -0.007990 0.020221
v -0.206008 -0.008734 0.021042
v -0.206008 -0.009395 0.021933
v -0.206008 -0.009965 0.022884
v -0.206008 -0.010439 0.023886
v -0.206008 -0.010812 0.024930
v -0.206008 -0.011082 0.026006
v -0.206008 -0.011245 0.027103
v -0.206008 -0.011299 0.028210
v -0.206008 -0.011245 0.029318
v -0.206008 -0.011082 0.030415
v -0.206008 -0.010812 0.031490
v -0.206008 -0.010439 0.032534
v -0.206008 -0.009965 0.033536
v -0.206008 -0.009395 0.034488
v -0.206008 -0.008734 0.035378
v -0.206008 -0.007990 0.036200
v -0.206008 -0.007168 0.036944
v -0.206008 -0.006277 0.037605
v -0.206008 -0.005326 0.038175
v -0.206008 -0.004324 0.038649
v -0.206008 -0.003280 0.039023
v -0.206008 -0.002204 0.039292
v -0.206008 -0.001108 0.039455
v -0.206008 -0.000000 0.039509
v -0.206008 0.001107 0.039455
v -0.206008 0.002204 0.039292
v -0.206008 0.003280 0.039023
v -0.206008 0.004324 0.038649
v -0.206008 0.005326 0.038175
v -0.206008 0.006277 0.037605
v -0.206008 0.007168 0.036944
v -0.206008 0.007989 0.036200
v -0.206008 0.008734 0.035378
v -0.206008 0.009394 0.034488
v -0.206008 0.009965 0.033536
v -0.206008 0.010439 0.032534
v -0.204172 0.009517 0.032197
v -0.204172 0.009857 0.031234
v -0.204172 0.010103 0.030243
v -0.204172 0.010251 0.029231
v -0.204172 0.010301 0.028210
v -0.204172 0.010251 0.027189
v -0.204172 0.010103 0.026178
v -0.204172 0.009857 0.025186
v -0.204172 0.009517 0.024223
v -0.204172 0.009084 0.023299
v -0.204172 0.008565 0.022422
v -0.204172 0.007962 0.021601
v -0.204172 0.007284 0.020844
v -0.204172 0.006535 0.020157
v -0.204172 0.005723 0.019548
v -0.204172 0.004856 0.019023
v -0.204172 0.003942 0.018585
v -0.204172 0.002990 0.018241
v -0.204172 0.002009 0.017993
v -0.204172 0.001010 0.017843
v -0.204172 -0.000000 0.017792
v -0.204172 -0.001010 0.017843
v -0.204172 -0.002010 0.017993
v -0.204172 -0.002990 0.018241
v -0.204172 -0.003942 0.018585
v -0.204172 -0.004856 0.019023
v -0.204172 -0.005723 0.019548
v -0.204172 -0.006535 0.020157
v -0.204172 -0.007284 0.020844
v -0.204172 -0.007963 0.021601
v -0.204172 -0.008565 0.022422
v -0.204172 -0.009085 0.023299
v -0.204172 -0.009517 0.024223
v -0.204172 -0.009857 0.025186
v -0.204172 -0.010103 0.026178
v -0.204172 -0.010251 0.027189
v -0.204172 -0.010301 0.028210
v -0.204172 -0.010251 0.029231
v -0.204172 -0.010103 0.030243
v -0.204172 -0.009857 0.031234
v -0.204172 -0.009517 0.032197
v -0.204172 -0.009085 0.033121
v -0.204172 -0.008565 0.033998
v -0.204172 -0.007963 0.034819
v -0.204172 -0.007284 0.035577
v -0.204172 -0.006535 0.036263
v -0.204172 -0.005723 0.036872
v -0.204172 -0.004856 0.037398
v -0.204172 -0.003942 0.037835
v -0.204172 -0.002990 0.038179
v -0.204172 -0.002010 0.038428
v -0.204172 -0.001010 0.038578
v -0.204172 -0.000000 0.038628
v -0.204172 0.001010 0.038578
v -0.204172 0.002009 0.038428
v -0.204172 0.002990 0.038179
v -0.204172 0.003942 0.037835
v -0.204172 0.004856 0.037398
v -0.204172 0.005723 0.036872
v -0.204172 0.006535 0.036263
v -0.204172 0.007284 0.035577
v -0.204172 0.007962 0.034819
v -0.204172 0.008565 0.033998
v -0.204172 0.009084 0.033121
v -0.199508 0.003832 0.028210
v -0.199508 0.003814 0.027749
v -0.199508 0.003759 0.027292
v -0.199508 0.003667 0.026844
v -0.199508 0.003541 0.026409
v -0.199508 0.003380 0.025991
v -0.199508 0.003186 0.025595
v -0.199508 0.002962 0.025224
v -0.199508 0.002710 0.024881
v -0.199508 0.002431 0.024571
v -0.199508 0.002129 0.024296
v -0.199508 0.001806 0.024058
v -0.199508 0.001466 0.023861
v -0.199508 0.001112 0.023705
v -0.199508 0.000748 0.023593
v -0.199508 0.000375 0.023525
v -0.199508 -0.000000 0.023502
v -0.199508 -0.000376 0.023525
v -0.199508 -0.000748 0.023593
v -0.199508 -0.001113 0.023705
v -0.199508 -0.001467 0.023861
v -0.199508 -0.001807 0.024058
v -0.199508 -0.002129 0.024296
v -0.199508 -0.002431 0.024571
v -0.199508 -0.002710 0.024881
v -0.199508 -0.002963 0.025224
v -0.199508 -0.003187 0.025595
v -0.199508 -0.003380 0.025991
v -0.199508 -0.003541 0.026409
v -0.199508 -0.003668 0.026844
v -0.199508 -0.003759 0.027292
v -0.199508 -0.003814 0.027749
v -0.199508 -0.003833 0.028210
v -0.199508 -0.003814 0.028672
v -0.199508 -0.003759 0.029129
v -0.199508 -0.003668 0.029577
v -0.199508 -0.003541 0.030012
v -0.199508 -0.003380 0.030430
v -0.199508 -0.003187 0.030826
v -0.199508 -0.002963 0.031197
v -0.199508 -0.002710 0.031539
v -0.199508 -0.002431 0.031850
v -0.199508 -0.002129 0.032125
v -0.199508 -0.001807 0.032362
v -0.199508 -0.001467 0.032560
v -0.199508 -0.001113 0.032715
v -0.199508 -0.000748 0.032828
v -0.199508 -0.000376 0.032896
v -0.199508 -0.000000 0.032918
v -0.199508 0.000375 0.032896
v -0.199508 0.000748 0.032828
v -0.199508 0.001112 0.032715
v -0.199508 0.001466 0.032560
v -0.199508 0.001806 0.032362
v -0.199508 0.002129 0.032125
v -0.199508 0.002431 0.031850
v -0.199508 0.002710 0.031539
v -0.199508 0.002962 0.031197
v -0.199508 0.003186 0.030826
v -0.199508 0.003380 0.030430
v -0.199508 0.003541 0.030012
v -0.199508 0.003667 0.029577
v -0.199508 0.003759 0.029129
v -0.199508 0.003814 0.028672
v -0.198475 0.003097 0.028210
v -0.198475 0.003082 0.027812
v -0.198475 0.003038 0.027418
v -0.198475 0.002964 0.027032
v -0.198475 0.002861 0.026657
v -0.198475 0.002731 0.026297
v -0.198475 0.002575 0.025955
v -0.198475 0.002394 0.025635
v -0.198475 0.002190 0.025340
v -0.198475 0.001965 0.025073
v -0.198475 0.001721 0.024835
v -0.198475 0.001460 0.024630
v -0.198475 0.001185 0.024460
v -0.198475 0.000899 0.024326
v -0.198475 0.000604 0.024229
v -0.198475 0.000303 0.024171
v -0.198475 -0.000000 0.024151
v -0.198475 -0.000304 0.024171
v -0.198475 -0.000604 0.024229
v -0.198475 -0.000899 0.024326
v -0.198475 -0.001185 0.024460
v -0.198475 -0.001460 0.024630
v -0.198475 -0.001721 0.024835
v -0.198475 -0.001965 0.025073
v -0.198475 -0.002190 0.025340
v -0.198475 -0.002394 0.025635
v -0.198475 -0.002575 0.025955
v -0.198475 -0.002732 0.026297
v -0.198475 -0.002862 0.026657
v -0.198475 -0.002964 0.027032
v -0.198475 -0.003038 0.027418
v -0.198475 -0.003082 0.027812
v -0.198475 -0.003097 0.028210
v -0.198475 -0.003082 0.028608
v -0.198475 -0.003038 0.029002
v -0.198475 -0.002964 0.029389
v -0.198475 -0.002862 0.029764
v -0.198475 -0.002732 0.030124
v -0.198475 -0.002575 0.030465
v -0.198475 -0.002394 0.030785
v -0.198475 -0.002190 0.031080
v -0.198475 -0.001965 0.031348
v -0.198475 -0.001721 0.031585
v -0.198475 -0.001460 0.031790
v -0.198475 -0.001185 0.031960
v -0.198475 -0.000899 0.032094
v -0.198475 -0.000604 0.032191
v -0.198475 -0.000304 0.032250
v -0.198475 -0.000000 0.032269
v -0.198475 0.000303 0.032250
v -0.198475 0.000604 0.032191
v -0.198475 0.000899 0.032094
v -0.198475 0.001185 0.031960
v -0.198475 0.001460 0.031790
v -0.198475 0.001721 0.031585
v -0.198475 0.001965 0.031348
v -0.198475 0.002190 0.031080
v -0.198475 0.002394 0.030785
v -0.198475 0.002575 0.030465
v -0.198475 0.002731 0.030124
v -0.198475 0.002861 0.029764
v -0.198475 0.002964 0.029389
v -0.198475 0.003038 0.029002
v -0.198475 0.003082 0.028608
v -0.233453 0.011082 0.026006
v -0.233453 0.010812 0.024930
v -0.233453 0.010439 0.023886
v -0.233453 0.009965 0.022884
v -0.233453 0.009395 0.021933
v -0.233453 0.008734 0.021042
v -0.233453 0.007989 0.020221
v -0.233453 0.007168 0.019476
v -0.233453 0.006277 0.018816
v -0.233453 0.005326 0.018246
v -0.233453 0.004324 0.017771
v -0.233453 0.003280 0.017398
v -0.233453 0.002204 0.017128
v -0.233453 0.001107 0.016966
v -0.233453 -0.000000 0.016911
v -0.233453 -0.001108 0.016966
v -0.233453 -0.002204 0.017128
v -0.233453 -0.003280 0.017398
v -0.233453 -0.004324 0.017771
v -0.233453 -0.005326 0.018246
v -0.233453 -0.006277 0.018816
v -0.233453 -0.007168 0.019476
v -0.233453 -0.007990 0.020221
v -0.233453 -0.008734 0.021042
v -0.233453 -0.009395 0.021933
v -0.233453 -0.009965 0.022884
v -0.233453 -0.010439 0.023886
v -0.233453 -0.010812 0.024930
v -0.233453 -0.011082 0.026006
v -0.233453 -0.011245 0.027103
v -0.233453 -0.011299 0.028210
v -0.233453 -0.011245 0.029318
v -0.233453 -0.011082 0.030415
v -0.233453 -0.010812 0.031490
v -0.233453 -0.010439 0.032534
v -0.233453 -0.009965 0.033536
v -0.233453 -0.009395 0.034488
v -0.233453 -0.008734 0.035378
v -0.233453 -0.007990 0.036200
v -0.233453 -0.007168 0.036944
v -0.233453 -0.006277 0.037605
v -0.233453 -0.005326 0.038175
v -0.233453 -0.004324 0.038649
v -0.233453 -0.003280 0.039023
v -0.233453 -0.002204 0.039292
v -0.233453 -0.001108 0.039455
v -0.233453 -0.000000 0.039509
v -0.233453 0.001107 0.039455
v -0.233453 0.002204 0.039292
v -0.233453 0.003280 0.039023
v -0.233453 0.004324 0.038649
v -0.233453 0.005326 0.038175
v -0.233453 0.006277 0.037605
v -0.233453 0.007168 0.036944
v -0.233453 0.007989 0.036200
v -0.233453 0.008734 0.035378
v -0.233453 0.009395 0.034488
v -0.233453 0.009965 0.033536
v -0.233453 0.010439 0.032534
v -0.233453 0.010812 0.031490
v -0.233453 0.011082 0.030415
v -0.233453 0.011244 0.029318
v -0.233453 0.011299 0.028210
v -0.233453 0.011244 0.027103
v -0.502733 0.008734 0.021042
v -0.502733 0.007989 0.020221
v -0.502733 0.007168 0.019476
v -0.502733 0.006277 0.018816
v -0.502733 0.005326 0.018246
v -0.502733 0.004324 0.017771
v -0.502733 0.003280 0.017398
v -0.502733 0.002204 0.017128
v -0.502733 0.001107 0.016966
v -0.502733 -0.000000 0.016911
v -0.502733 -0.001108 0.016966
v -0.502733 -0.002204 0.017128
v -0.502733 -0.003280 0.017398
v -0.502733 -0.004324 0.017771
v -0.502733 -0.005326 0.018246
v -0.502733 -0.006277 0.018816
v -0.502733 -0.007168 0.019476
v -0.502733 -0.007990 0.020221
v -0.502733 -0.008734 0.021042
v -0.502733 -0.009395 0.021933
v -0.502733 -0.009965 0.022884
v -0.502733 -0.010439 0.023886
v -0.502733 -0.010812 0.024930
v -0.502733 -0.011082 0.026006
v -0.502733 -0.011245 0.027103
v -0.502733 -0.011299 0.028210
v -0.502733 -0.011245 0.029318
v -0.502733 -0.011082 0.030415
v -0.502733 -0.010812 0.031490
v -0.502733 -0.010439 0.032534
v -0.502733 -0.009965 0.033536
v -0.502733 -0.009395 0.034488
v -0.502733 -0.008734 0.035378
v -0.502733 -0.007990 0.036200
v -0.502733 -0.007168 0.036944
v -0.502733 -0.006277 0.037605
v -0.502733 -0.005326 0.038175
v -0.502733 -0.004324 0.038649
v -0.502733 -0.003280 0.039023
v -0.502733 -0.002204 0.039292
v -0.502733 -0.001108 0.039455
v -0.502733 -0.000000 0.039509
v -0.502733 0.001107 0.039455
v -0.502733 0.002204 0.039292
v -0.502733 0.003280 0.039023
v -0.502733 0.004324 0.038649
v -0.502733 0.005326 0.038175
v -0.502733 0.006277 0.037605
v -0.502733 0.007168 0.036944
v -0.502733 0.007989 0.036200
v -0.502733 0.008734 0.035378
v -0.502733 0.009395 0.034488
v -0.502733 0.009965 0.033536
v -0.502733 0.010439 0.032534
v -0.502733 0.010812 0.031490
v -0.502733 0.011082 0.030415
v -0.502733 0.011244 0.029318
v -0.502733 0.011299 0.028210
v -0.502733 0.011244 0.027103
v -0.502733 0.011082 0.026006
v -0.502733 0.010812 0.024930
v -0.502733 0.010439 0.023886
v -0.502733 0.009965 0.022884
v -0.502733 0.009395 0.021933
v -0.233453 0.009717 0.026006
v -0.233453 0.009448 0.024930
v -0.502733 0.009448 0.024930
v -0.502733 0.009717 0.026006
v -0.502733 0.009880 0.027103
v -0.502733 0.009934 0.028210
v -0.502733 0.009880 0.029318
v -0.502733 0.009717 0.030415
v -0.502733 0.009448 0.031490
v -0.233453 0.009448 0.031490
v -0.233453 0.009717 0.030415
v -0.233453 0.009880 0.029318
v -0.233453 0.009934 0.028210
v -0.233453 0.009880 0.027103
v -0.177312 0.007159 0.014153
v -0.182321 0.007138 0.038859
v -0.160384 0.007179 0.014350
v -0.165392 0.007142 0.039040
v -0.160384 -0.007223 0.014350
v -0.165392 -0.007187 0.039040
v -0.166671 -0.000022 0.042710
v -0.159404 -0.000022 0.009590
v -0.177312 -0.007204 0.014153
v -0.182321 -0.007183 0.038859
v -0.183598 -0.000022 0.042528
v -0.176331 -0.000022 0.009393
v -0.153693 0.007159 0.014153
v -0.158703 0.007138 0.038859
v -0.136765 0.007179 0.014350
v -0.141773 0.007142 0.039040
v -0.136765 -0.007223 0.014350
v -0.141773 -0.007187 0.039040
v -0.143052 -0.000022 0.042710
v -0.135785 -0.000022 0.009590
v -0.153693 -0.007204 0.014153
v -0.158703 -0.007183 0.038859
v -0.159979 -0.000022 0.042528
v -0.152712 -0.000022 0.009393
v -0.106456 0.007159 0.014153
v -0.111466 0.007138 0.038859
v -0.089528 0.007179 0.014350
v -0.094536 0.007142 0.039040
v -0.089528 -0.007223 0.014350
v -0.094536 -0.007187 0.039040
v -0.095815 -0.000022 0.042710
v -0.088548 -0.000022 0.009590
v -0.106456 -0.007204 0.014153
v -0.111466 -0.007183 0.038859
v -0.112742 -0.000022 0.042528
v -0.105475 -0.000022 0.009393
v -0.130075 0.007159 0.014153
v -0.135084 0.007138 0.038859
v -0.113147 0.007179 0.014350
v -0.118155 0.007142 0.039040
v -0.113147 -0.007223 0.014350
v -0.118155 -0.007187 0.039040
v -0.119434 -0.000022 0.042710
v -0.112167 -0.000022 0.009590
v -0.130075 -0.007204 0.014153
v -0.135084 -0.007183 0.038859
v -0.136361 -0.000022 0.042528
v -0.129094 -0.000022 0.009393
v -0.059219 0.007159 0.014153
v -0.064228 0.007138 0.038859
v -0.042291 0.007179 0.014350
v -0.047299 0.007142 0.039040
v -0.042291 -0.007223 0.014350
v -0.047299 -0.007187 0.039040
v -0.048578 -0.000022 0.042710
v -0.041311 -0.000022 0.009590
v -0.059219 -0.007204 0.014153
v -0.064228 -0.007183 0.038859
v -0.065505 -0.000022 0.042528
v -0.058238 -0.000022 0.009393
v -0.035600 0.007159 0.014153
v -0.040610 0.007138 0.038859
v -0.018672 0.007179 0.014350
v -0.023680 0.007142 0.039040
v -0.018672 -0.007223 0.014350
v -0.023680 -0.007187 0.039040
v -0.024959 -0.000022 0.042710
v -0.017692 -0.000022 0.009590
v -0.035600 -0.007204 0.014153
v -0.040610 -0.007183 0.038859
v -0.041886 -0.000022 0.042528
v -0.034619 -0.000022 0.009393
v 0.011637 0.007159 0.014153
v 0.006628 0.007138 0.038859
v 0.028565 0.007179 0.014350
v 0.023557 0.007142 0.039040
v 0.028565 -0.007223 0.014350
v 0.023557 -0.007187 0.039040
v 0.022278 -0.000022 0.042710
v 0.029545 -0.000022 0.009590
v 0.011637 -0.007204 0.014153
v 0.006628 -0.007183 0.038859
v 0.005351 -0.000022 0.042528
v 0.012618 -0.000022 0.009393
v 0.035256 0.007159 0.014153
v 0.030246 0.007138 0.038859
v 0.052184 0.007179 0.014350
v 0.047176 0.007142 0.039040
v 0.052184 -0.007223 0.014350
v 0.047176 -0.007187 0.039040
v 0.045897 -0.000022 0.042710
v 0.053163 -0.000022 0.009590
v 0.035256 -0.007204 0.014153
v 0.030246 -0.007183 0.038859
v 0.028970 -0.000022 0.042528
v 0.036237 -0.000022 0.009393
v 0.058874 0.007159 0.014153
v 0.053865 0.007138 0.038859
v 0.075802 0.007179 0.014350
v 0.070794 0.007142 0.039040
v 0.075802 -0.007223 0.014350
v 0.070794 -0.007187 0.039040
v 0.069515 -0.000022 0.042710
v 0.076782 -0.000022 0.009590
v 0.058874 -0.007204 0.014153
v 0.053865 -0.007183 0.038859
v 0.052588 -0.000022 0.042528
v 0.059855 -0.000022 0.009393
v -0.082837 0.007159 0.014153
v -0.087847 0.007138 0.038859
v -0.065909 0.007179 0.014350
v -0.070917 0.007142 0.039040
v -0.065909 -0.007223 0.014350
v -0.070917 -0.007187 0.039040
v -0.072196 -0.000022 0.042710
v -0.064930 -0.000022 0.009590
v -0.082837 -0.007204 0.014153
v -0.087847 -0.007183 0.038859
v -0.089123 -0.000022 0.042528
v -0.081856 -0.000022 0.009393
v -0.011981 0.007159 0.014153
v -0.016991 0.007138 0.038859
v 0.004946 0.007179 0.014350
v -0.000062 0.007142 0.039040
v 0.004946 -0.007223 0.014350
v -0.000062 -0.007187 0.039040
v -0.001341 -0.000022 0.042710
v 0.005926 -0.000022 0.009590
v -0.011981 -0.007204 0.014153
v -0.016991 -0.007183 0.038859
v -0.018268 -0.000022 0.042528
v -0.011001 -0.000022 0.009393
v -0.632133 0.012208 0.032519
v -0.670027 0.012208 0.032519
v -0.895924 0.009109 0.026140
v -0.933851 0.009094 0.026140
v -0.933851 0.009094 0.019203
v -0.632133 -0.000000 0.038965
v -0.632133 0.008606 0.038965
v -0.670027 0.008606 0.038965
v -0.895924 0.005507 0.030108
v -0.933851 0.005877 0.032437
v -0.632133 0.012208 0.003601
v -0.632133 0.012208 0.018060
v -0.670027 0.012208 0.018060
v -0.670027 0.012208 0.003601
v -0.895924 0.009109 0.018060
v -0.895924 0.009109 0.009980
v -0.933851 0.004832 -0.007525
v -0.632133 -0.000000 -0.002845
v -0.632133 -0.000000 0.018060
v -0.632133 0.008606 -0.002845
v -0.933851 0.002559 -0.009583
v -0.895924 0.005507 0.006378
v -0.670027 -0.000000 -0.002845
v -0.670027 0.008606 -0.002845
v -0.933851 0.007396 -0.010956
v -0.908559 0.007396 -0.010956
v -0.908559 0.003794 -0.014558
v -0.933851 -0.000000 -0.014558
v -0.933851 0.003794 -0.014558
v -0.670122 -0.000000 0.006378
v -0.670122 0.005507 0.006378
v -0.670122 0.009109 0.009980
v -0.670122 0.009109 0.018060
v -0.670122 0.009109 0.026140
v -0.670122 0.005507 0.030108
v -0.895924 0.011113 0.027225
v -0.895924 0.011268 0.019354
v -0.895924 0.011268 0.011274
v -0.899651 0.011294 0.005099
v -0.933851 0.011294 0.005099
v -0.933851 0.011268 0.011274
v -0.933851 0.011268 0.019354
v -0.933851 0.011113 0.027225
v -0.933851 0.007853 0.034079
v -0.933851 -0.000000 0.037396
v -0.895924 0.007853 0.034079
v -0.899452 0.009133 0.004134
v -0.898507 0.005525 0.002099
v -0.898571 -0.000000 0.001992
v -0.933851 0.009081 0.005162
v -0.933851 0.009087 0.011312
v -0.928448 0.009094 0.026140
v -0.928448 0.009094 0.019203
v -0.928448 0.009087 0.011312
v -0.928448 0.009081 0.005162
v -0.928448 0.004832 -0.007525
v -0.928448 0.002559 -0.009583
v -0.928448 -0.000000 -0.009583
v -0.928448 -0.000000 0.004886
v -0.928448 -0.000000 0.034355
v -0.928448 0.005877 0.032437
v -0.632133 -0.012208 0.032519
v -0.632133 -0.012208 0.018060
v -0.670027 -0.012208 0.018060
v -0.670027 -0.012208 0.032519
v -0.670122 -0.009109 0.018060
v -0.670122 -0.009109 0.026140
v -0.895924 -0.011113 0.027225
v -0.895924 -0.011268 0.019354
v -0.933851 -0.011268 0.019354
v -0.933851 -0.011113 0.027225
v -0.632133 -0.008606 0.038965
v -0.928448 -0.000000 0.019203
v -0.928448 -0.005877 0.032437
v -0.928448 -0.009094 0.026140
v -0.928448 -0.009094 0.019203
v -0.895924 -0.000000 0.037396
v -0.895924 -0.007853 0.034079
v -0.933851 -0.007853 0.034079
v -0.895924 -0.000000 0.030174
v -0.670122 -0.000000 0.030108
v -0.670122 -0.005507 0.030108
v -0.895924 -0.005507 0.030108
v -0.670027 -0.000000 0.038965
v -0.670027 -0.008606 0.038965
v -0.895924 -0.009109 0.026140
v -0.632133 -0.012208 0.003601
v -0.670027 -0.012208 0.003601
v -0.670122 -0.009109 0.009980
v -0.895924 -0.011268 0.011274
v -0.933851 -0.011268 0.011274
v -0.632133 -0.008606 -0.002845
v -0.933851 -0.003794 -0.014558
v -0.908559 -0.003794 -0.014558
v -0.908559 -0.000000 -0.014558
v -0.895924 -0.000000 0.006378
v -0.895924 -0.005507 0.006378
v -0.670122 -0.005507 0.006378
v -0.670027 -0.008606 -0.002845
v -0.895924 -0.009109 0.009980
v -0.933851 -0.007396 -0.010956
v -0.908559 -0.007396 -0.010956
v -0.899651 -0.011294 0.005099
v -0.933851 -0.011294 0.005099
v -0.898507 -0.005525 0.002099
v -0.899452 -0.009133 0.004134
v -0.933851 -0.000000 -0.009583
v -0.933851 -0.002559 -0.009583
v -0.933851 -0.004832 -0.007525
v -0.895924 -0.009109 0.018060
v -0.933851 -0.009081 0.005162
v -0.928448 -0.000000 0.011469
v -0.928448 -0.009087 0.011312
v -0.933851 -0.009094 0.019203
v -0.933851 -0.009094 0.026140
v -0.933851 -0.005877 0.032437
v -0.933851 -0.000000 0.034355
v -0.933851 -0.009087 0.011312
v -0.928448 -0.009081 0.005162
v -0.928448 -0.004832 -0.007525
v -0.928448 -0.002559 -0.009583
v -0.659553 0.008875 0.020105
v -0.659828 0.008875 0.020118
v -0.660101 0.008875 0.020158
v -0.660368 0.008875 0.020225
v -0.660627 0.008875 0.020318
v -0.660876 0.008875 0.020436
v -0.661112 0.008875 0.020577
v -0.661333 0.008875 0.020741
v -0.661537 0.008875 0.020926
v -0.661722 0.008875 0.021130
v -0.661886 0.008875 0.021351
v -0.662028 0.008875 0.021588
v -0.662145 0.008875 0.021836
v -0.662238 0.008875 0.022096
v -0.662305 0.008875 0.022363
v -0.662345 0.008875 0.022635
v -0.662359 0.008875 0.022910
v -0.662345 0.008875 0.023185
v -0.662305 0.008875 0.023457
v -0.662238 0.008875 0.023724
v -0.662145 0.008875 0.023984
v -0.662028 0.008875 0.024233
v -0.661886 0.008875 0.024469
v -0.661722 0.008875 0.024690
v -0.661537 0.008875 0.024894
v -0.661333 0.008875 0.025079
v -0.661112 0.008875 0.025243
v -0.660876 0.008875 0.025384
v -0.660627 0.008875 0.025502
v -0.660368 0.008875 0.025595
v -0.660101 0.008875 0.025662
v -0.659828 0.008875 0.025702
v -0.659553 0.008875 0.025716
v -0.659278 0.008875 0.025702
v -0.659006 0.008875 0.025662
v -0.658739 0.008875 0.025595
v -0.658480 0.008875 0.025502
v -0.658231 0.008875 0.025384
v -0.657995 0.008875 0.025243
v -0.657774 0.008875 0.025079
v -0.657570 0.008875 0.024894
v -0.657385 0.008875 0.024690
v -0.657221 0.008875 0.024469
v -0.657079 0.008875 0.024233
v -0.656961 0.008875 0.023984
v -0.656869 0.008875 0.023724
v -0.656802 0.008875 0.023457
v -0.656761 0.008875 0.023185
v -0.656748 0.008875 0.022910
v -0.656761 0.008875 0.022635
v -0.656802 0.008875 0.022363
v -0.656869 0.008875 0.022096
v -0.656961 0.008875 0.021836
v -0.657079 0.008875 0.021588
v -0.657221 0.008875 0.021351
v -0.657385 0.008875 0.021130
v -0.657570 0.008875 0.020926
v -0.657774 0.008875 0.020741
v -0.657995 0.008875 0.020577
v -0.658231 0.008875 0.020436
v -0.658480 0.008875 0.020318
v -0.658739 0.008875 0.020225
v -0.659006 0.008875 0.020158
v -0.659278 0.008875 0.020118
v -0.659553 0.014280 0.020105
v -0.659828 0.014280 0.020118
v -0.660101 0.014280 0.020158
v -0.660368 0.014280 0.020225
v -0.660627 0.014280 0.020318
v -0.660876 0.014280 0.020436
v -0.661112 0.014280 0.020577
v -0.661333 0.014280 0.020741
v -0.661537 0.014280 0.020926
v -0.661722 0.014280 0.021130
v -0.661886 0.014280 0.021351
v -0.662028 0.014280 0.021588
v -0.662145 0.014280 0.021836
v -0.662238 0.014280 0.022096
v -0.662305 0.014280 0.022363
v -0.662345 0.014280 0.022635
v -0.662359 0.014280 0.022910
v -0.662345 0.014280 0.023185
v -0.662305 0.014280 0.023457
v -0.662238 0.014280 0.023724
v -0.662145 0.014280 0.023984
v -0.662028 0.014280 0.024233
v -0.661886 0.014280 0.024469
v -0.661722 0.014280 0.024690
v -0.661537 0.014280 0.024894
v -0.661333 0.014280 0.025079
v -0.661112 0.014280 0.025243
v -0.660876 0.014280 0.025384
v -0.660627 0.014280 0.025502
v -0.660368 0.014280 0.025595
v -0.660101 0.014280 0.025662
v -0.659828 0.014280 0.025702
v -0.659553 0.014280 0.025716
v -0.659278 0.014280 0.025702
v -0.659006 0.014280 0.025662
v -0.658739 0.014280 0.025595
v -0.658480 0.014280 0.025502
v -0.658231 0.014280 0.025384
v -0.657995 0.014280 0.025243
v -0.657774 0.014280 0.025079
v -0.657570 0.014280 0.024894
v -0.657385 0.014280 0.024690
v -0.657221 0.014280 0.024469
v -0.657079 0.014280 0.024233
v -0.656961 0.014280 0.023984
v -0.656869 0.014280 0.023724
v -0.656802 0.014280 0.023457
v -0.656761 0.014280 0.023185
v -0.656748 0.014280 0.022910
v -0.656761 0.014280 0.022635
v -0.656802 0.014280 0.022363
v -0.656869 0.014280 0.022096
v -0.656961 0.014280 0.021836
v -0.657079 0.014280 0.021588
v -0.657221 0.014280 0.021351
v -0.657385 0.014280 0.021130
v -0.657570 0.014280 0.020926
v -0.657774 0.014280 0.020741
v -0.657995 0.014280 0.020577
v -0.658231 0.014280 0.020436
v -0.658480 0.014280 0.020318
v -0.658739 0.014280 0.020225
v -0.659006 0.014280 0.020158
v -0.659278 0.014280 0.020118
v -0.686933 0.000081 0.028761
v -0.674176 0.000081 0.028706
v -0.674176 0.004627 0.028706
v -0.686933 0.004627 0.028706
v -0.686933 0.007645 0.025381
v -0.674176 0.007645 0.025381
v -0.684817 0.000081 0.002280
v -0.686933 0.004627 0.008823
v -0.674176 0.004627 0.008823
v -0.686933 0.007645 0.011841
v -0.674176 0.007645 0.011841
v -0.674176 0.007645 0.018611
v -0.686933 0.007645 0.018611
v -0.684815 0.000081 0.035122
v -0.676289 0.000081 0.035067
v -0.676289 0.007927 0.032415
v -0.676289 0.012172 0.027606
v -0.676289 0.012172 0.018611
v -0.676289 0.012172 0.011841
v -0.676289 0.009154 0.004778
v -0.676289 0.004540 0.002280
v -0.684815 0.004540 0.002280
v -0.684815 0.009154 0.004778
v -0.684815 0.012172 0.011841
v -0.684815 0.012172 0.018611
v -0.684815 0.012172 0.027606
v -0.684815 0.007927 0.032415
v -0.676291 0.000081 0.002280
v -0.676289 -0.007766 0.032415
v -0.684815 -0.007766 0.032415
v -0.684815 -0.012011 0.027606
v -0.676289 -0.012011 0.027606
v -0.684815 -0.004379 0.002280
v -0.684815 -0.008993 0.004778
v -0.676289 -0.008993 0.004778
v -0.676289 -0.004379 0.002280
v -0.684815 -0.012011 0.011841
v -0.676289 -0.012011 0.011841
v -0.676289 -0.012011 0.018611
v -0.684815 -0.012011 0.018611
v -0.674176 -0.004466 0.028706
v -0.674176 -0.007484 0.025381
v -0.674176 -0.007484 0.018611
v -0.674176 -0.007484 0.011841
v -0.674176 -0.004466 0.008823
v -0.686933 0.000081 0.008823
v -0.686933 -0.004466 0.008823
v -0.686933 -0.007484 0.011841
v -0.686933 -0.007484 0.018611
v -0.686933 -0.007484 0.025381
v -0.686933 -0.004466 0.028706
v -0.674176 0.000081 0.008823
v -0.702972 0.000081 0.028761
v -0.690215 0.000081 0.028706
v -0.690215 0.004627 0.028706
v -0.702972 0.004627 0.028706
v -0.702972 0.007645 0.025381
v -0.690215 0.007645 0.025381
v -0.700857 0.000081 0.002280
v -0.702972 0.004627 0.008823
v -0.690215 0.004627 0.008823
v -0.702972 0.007645 0.011841
v -0.690215 0.007645 0.011841
v -0.690215 0.007645 0.018611
v -0.702972 0.007645 0.018611
v -0.700854 0.000081 0.035122
v -0.692328 0.000081 0.035067
v -0.692328 0.007927 0.032415
v -0.692328 0.012172 0.027606
v -0.692328 0.012172 0.018611
v -0.692328 0.012172 0.011841
v -0.692328 0.009154 0.004778
v -0.692328 0.004540 0.002280
v -0.700854 0.004540 0.002280
v -0.700854 0.009154 0.004778
v -0.700854 0.012172 0.011841
v -0.700854 0.012172 0.018611
v -0.700854 0.012172 0.027606
v -0.700854 0.007927 0.032415
v -0.692331 0.000081 0.002280
v -0.692328 -0.007766 0.032415
v -0.700854 -0.007766 0.032415
v -0.700854 -0.012011 0.027606
v -0.692328 -0.012011 0.027606
v -0.700854 -0.004379 0.002280
v -0.700854 -0.008993 0.004778
v -0.692328 -0.008993 0.004778
v -0.692328 -0.004379 0.002280
v -0.700854 -0.012011 0.011841
v -0.692328 -0.012011 0.011841
v -0.692328 -0.012011 0.018611
v -0.700854 -0.012011 0.018611
v -0.690215 -0.004466 0.028706
v -0.690215 -0.007484 0.025381
v -0.690215 -0.007484 0.018611
v -0.690215 -0.007484 0.011841
v -0.690215 -0.004466 0.008823
v -0.702972 0.000081 0.008823
v -0.702972 -0.004466 0.008823
v -0.702972 -0.007484 0.011841
v -0.702972 -0.007484 0.018611
v -0.702972 -0.007484 0.025381
v -0.702972 -0.004466 0.028706
v -0.690215 0.000081 0.008823
v -0.719012 0.000081 0.028761
v -0.706254 0.000081 0.028706
v -0.706254 0.004627 0.028706
v -0.719012 0.004627 0.028706
v -0.719012 0.007645 0.025381
v -0.706254 0.007645 0.025381
v -0.716896 0.000081 0.002280
v -0.719012 0.004627 0.008823
v -0.706254 0.004627 0.008823
v -0.719012 0.007645 0.011841
v -0.706254 0.007645 0.011841
v -0.706254 0.007645 0.018611
v -0.719012 0.007645 0.018611
v -0.716894 0.000081 0.035122
v -0.708368 0.000081 0.035067
v -0.708368 0.007927 0.032415
v -0.708368 0.012172 0.027606
v -0.708368 0.012172 0.018611
v -0.708368 0.012172 0.011841
v -0.708368 0.009154 0.004778
v -0.708368 0.004540 0.002280
v -0.716894 0.004540 0.002280
v -0.716894 0.009154 0.004778
v -0.716894 0.012172 0.011841
v -0.716894 0.012172 0.018611
v -0.716894 0.012172 0.027606
v -0.716894 0.007927 0.032415
v -0.708370 0.000081 0.002280
v -0.708368 -0.007766 0.032415
v -0.716894 -0.007766 0.032415
v -0.716894 -0.012011 0.027606
v -0.708368 -0.012011 0.027606
v -0.716894 -0.004379 0.002280
v -0.716894 -0.008993 0.004778
v -0.708368 -0.008993 0.004778
v -0.708368 -0.004379 0.002280
v -0.716894 -0.012011 0.011841
v -0.708368 -0.012011 0.011841
v -0.708368 -0.012011 0.018611
v -0.716894 -0.012011 0.018611
v -0.706254 -0.004466 0.028706
v -0.706254 -0.007484 0.025381
v -0.706254 -0.007484 0.018611
v -0.706254 -0.007484 0.011841
v -0.706254 -0.004466 0.008823
v -0.719012 0.000081 0.008823
v -0.719012 -0.004466 0.008823
v -0.719012 -0.007484 0.011841
v -0.719012 -0.007484 0.018611
v -0.719012 -0.007484 0.025381
v -0.719012 -0.004466 0.028706
v -0.706254 0.000081 0.008823
v -0.735051 0.000081 0.028761
v -0.722294 0.000081 0.028706
v -0.722294 0.004627 0.028706
v -0.735051 0.004627 0.028706
v -0.735051 0.007645 0.025381
v -0.722294 0.007645 0.025381
v -0.732936 0.000081 0.002280
v -0.735051 0.004627 0.008823
v -0.722294 0.004627 0.008823
v -0.735051 0.007645 0.011841
v -0.722294 0.007645 0.011841
v -0.722294 0.007645 0.018611
v -0.735051 0.007645 0.018611
v -0.732933 0.000081 0.035122
v -0.724407 0.000081 0.035067
v -0.724407 0.007927 0.032415
v -0.724407 0.012172 0.027606
v -0.724407 0.012172 0.018611
v -0.724407 0.012172 0.011841
v -0.724407 0.009154 0.004778
v -0.724407 0.004540 0.002280
v -0.732933 0.004540 0.002280
v -0.732933 0.009154 0.004778
v -0.732933 0.012172 0.011841
v -0.732933 0.012172 0.018611
v -0.732933 0.012172 0.027606
v -0.732933 0.007927 0.032415
v -0.724409 0.000081 0.002280
v -0.724407 -0.007766 0.032415
v -0.732933 -0.007766 0.032415
v -0.732933 -0.012011 0.027606
v -0.724407 -0.012011 0.027606
v -0.732933 -0.004379 0.002280
v -0.732933 -0.008993 0.004778
v -0.724407 -0.008993 0.004778
v -0.724407 -0.004379 0.002280
v -0.732933 -0.012011 0.011841
v -0.724407 -0.012011 0.011841
v -0.724407 -0.012011 0.018611
v -0.732933 -0.012011 0.018611
v -0.722294 -0.004466 0.028706
v -0.722294 -0.007484 0.025381
v -0.722294 -0.007484 0.018611
v -0.722294 -0.007484 0.011841
v -0.722294 -0.004466 0.008823
v -0.735051 0.000081 0.008823
v -0.735051 -0.004466 0.008823
v -0.735051 -0.007484 0.011841
v -0.735051 -0.007484 0.018611
v -0.735051 -0.007484 0.025381
v -0.735051 -0.004466 0.028706
v -0.722294 0.000081 0.008823
v -0.751091 0.000081 0.028761
v -0.738333 0.000081 0.028706
v -0.738333 0.004627 0.028706
v -0.751091 0.004627 0.028706
v -0.751091 0.007645 0.025381
v -0.738333 0.007645 0.025381
v -0.748975 0.000081 0.002280
v -0.751091 0.004627 0.008823
v -0.738333 0.004627 0.008823
v -0.751091 0.007645 0.011841
v -0.738333 0.007645 0.011841
v -0.738333 0.007645 0.018611
v -0.751091 0.007645 0.018611
v -0.748973 0.000081 0.035122
v -0.740447 0.000081 0.035067
v -0.740447 0.007927 0.032415
v -0.740447 0.012172 0.027606
v -0.740447 0.012172 0.018611
v -0.740447 0.012172 0.011841
v -0.740447 0.009154 0.004778
v -0.740447 0.004540 0.002280
v -0.748973 0.004540 0.002280
v -0.748973 0.009154 0.004778
v -0.748973 0.012172 0.011841
v -0.748973 0.012172 0.018611
v -0.748973 0.012172 0.027606
v -0.748973 0.007927 0.032415
v -0.740449 0.000081 0.002280
v -0.740447 -0.007766 0.032415
v -0.748973 -0.007766 0.032415
v -0.748973 -0.012011 0.027606
v -0.740447 -0.012011 0.027606
v -0.748973 -0.004379 0.002280
v -0.748973 -0.008993 0.004778
v -0.740447 -0.008993 0.004778
v -0.740447 -0.004379 0.002280
v -0.748973 -0.012011 0.011841
v -0.740447 -0.012011 0.011841
v -0.740447 -0.012011 0.018611
v -0.748973 -0.012011 0.018611
v -0.738333 -0.004466 0.028706
v -0.738333 -0.007484 0.025381
v -0.738333 -0.007484 0.018611
v -0.738333 -0.007484 0.011841
v -0.738333 -0.004466 0.008823
v -0.751091 0.000081 0.008823
v -0.751091 -0.004466 0.008823
v -0.751091 -0.007484 0.011841
v -0.751091 -0.007484 0.018611
v -0.751091 -0.007484 0.025381
v -0.751091 -0.004466 0.028706
v -0.738333 0.000081 0.008823
v -0.767130 0.000081 0.028761
v -0.754373 0.000081 0.028706
v -0.754373 0.004627 0.028706
v -0.767130 0.004627 0.028706
v -0.767130 0.007645 0.025381
v -0.754373 0.007645 0.025381
v -0.765015 0.000081 0.002280
v -0.767130 0.004627 0.008823
v -0.754373 0.004627 0.008823
v -0.767130 0.007645 0.011841
v -0.754373 0.007645 0.011841
v -0.754373 0.007645 0.018611
v -0.767130 0.007645 0.018611
v -0.765012 0.000081 0.035122
v -0.756486 0.000081 0.035067
v -0.756486 0.007927 0.032415
v -0.756486 0.012172 0.027606
v -0.756486 0.012172 0.018611
v -0.756486 0.012172 0.011841
v -0.756486 0.009154 0.004778
v -0.756486 0.004540 0.002280
v -0.765012 0.004540 0.002280
v -0.765012 0.009154 0.004778
v -0.765012 0.012172 0.011841
v -0.765012 0.012172 0.018611
v -0.765012 0.012172 0.027606
v -0.765012 0.007927 0.032415
v -0.756488 0.000081 0.002280
v -0.756486 -0.007766 0.032415
v -0.765012 -0.007766 0.032415
v -0.765012 -0.012011 0.027606
v -0.756486 -0.012011 0.027606
v -0.765012 -0.004379 0.002280
v -0.765012 -0.008993 0.004778
v -0.756486 -0.008993 0.004778
v -0.756486 -0.004379 0.002280
v -0.765012 -0.012011 0.011841
v -0.756486 -0.012011 0.011841
v -0.756486 -0.012011 0.018611
v -0.765012 -0.012011 0.018611
v -0.754373 -0.004466 0.028706
v -0.754373 -0.007484 0.025381
v -0.754373 -0.007484 0.018611
v -0.754373 -0.007484 0.011841
v -0.754373 -0.004466 0.008823
v -0.767130 0.000081 0.008823
v -0.767130 -0.004466 0.008823
v -0.767130 -0.007484 0.011841
v -0.767130 -0.007484 0.018611
v -0.767130 -0.007484 0.025381
v -0.767130 -0.004466 0.028706
v -0.754373 0.000081 0.008823
v -0.799209 0.000081 0.028761
v -0.786452 0.000081 0.028706
v -0.786452 0.004627 0.028706
v -0.799209 0.004627 0.028706
v -0.799209 0.007645 0.025381
v -0.786452 0.007645 0.025381
v -0.797093 0.000081 0.002280
v -0.799209 0.004627 0.008823
v -0.786452 0.004627 0.008823
v -0.799209 0.007645 0.011841
v -0.786452 0.007645 0.011841
v -0.786452 0.007645 0.018611
v -0.799209 0.007645 0.018611
v -0.797091 0.000081 0.035122
v -0.788565 0.000081 0.035067
v -0.788565 0.007927 0.032415
v -0.788565 0.012172 0.027606
v -0.788565 0.012172 0.018611
v -0.788565 0.012172 0.011841
v -0.788565 0.009154 0.004778
v -0.788565 0.004540 0.002280
v -0.797091 0.004540 0.002280
v -0.797091 0.009154 0.004778
v -0.797091 0.012172 0.011841
v -0.797091 0.012172 0.018611
v -0.797091 0.012172 0.027606
v -0.797091 0.007927 0.032415
v -0.788567 0.000081 0.002280
v -0.788565 -0.007766 0.032415
v -0.797091 -0.007766 0.032415
v -0.797091 -0.012011 0.027606
v -0.788565 -0.012011 0.027606
v -0.797091 -0.004379 0.002280
v -0.797091 -0.008993 0.004778
v -0.788565 -0.008993 0.004778
v -0.788565 -0.004379 0.002280
v -0.797091 -0.012011 0.011841
v -0.788565 -0.012011 0.011841
v -0.788565 -0.012011 0.018611
v -0.797091 -0.012011 0.018611
v -0.786452 -0.004466 0.028706
v -0.786452 -0.007484 0.025381
v -0.786452 -0.007484 0.018611
v -0.786452 -0.007484 0.011841
v -0.786452 -0.004466 0.008823
v -0.799209 0.000081 0.008823
v -0.799209 -0.004466 0.008823
v -0.799209 -0.007484 0.011841
v -0.799209 -0.007484 0.018611
v -0.799209 -0.007484 0.025381
v -0.799209 -0.004466 0.028706
v -0.786452 0.000081 0.008823
v -0.783170 0.000081 0.028761
v -0.770412 0.000081 0.028706
v -0.770412 0.004627 0.028706
v -0.783170 0.004627 0.028706
v -0.783170 0.007645 0.025381
v -0.770412 0.007645 0.025381
v -0.781054 0.000081 0.002280
v -0.783170 0.004627 0.008823
v -0.770412 0.004627 0.008823
v -0.783170 0.007645 0.011841
v -0.770412 0.007645 0.011841
v -0.770412 0.007645 0.018611
v -0.783170 0.007645 0.018611
v -0.781052 0.000081 0.035122
v -0.772525 0.000081 0.035067
v -0.772525 0.007927 0.032415
v -0.772525 0.012172 0.027606
v -0.772525 0.012172 0.018611
v -0.772525 0.012172 0.011841
v -0.772525 0.009154 0.004778
v -0.772525 0.004540 0.002280
v -0.781052 0.004540 0.002280
v -0.781052 0.009154 0.004778
v -0.781052 0.012172 0.011841
v -0.781052 0.012172 0.018611
v -0.781052 0.012172 0.027606
v -0.781052 0.007927 0.032415
v -0.772528 0.000081 0.002280
v -0.772525 -0.007766 0.032415
v -0.781052 -0.007766 0.032415
v -0.781052 -0.012011 0.027606
v -0.772525 -0.012011 0.027606
v -0.781052 -0.004379 0.002280
v -0.781052 -0.008993 0.004778
v -0.772525 -0.008993 0.004778
v -0.772525 -0.004379 0.002280
v -0.781052 -0.012011 0.011841
v -0.772525 -0.012011 0.011841
v -0.772525 -0.012011 0.018611
v -0.781052 -0.012011 0.018611
v -0.770412 -0.004466 0.028706
v -0.770412 -0.007484 0.025381
v -0.770412 -0.007484 0.018611
v -0.770412 -0.007484 0.011841
v -0.770412 -0.004466 0.008823
v -0.783170 0.000081 0.008823
v -0.783170 -0.004466 0.008823
v -0.783170 -0.007484 0.011841
v -0.783170 -0.007484 0.018611
v -0.783170 -0.007484 0.025381
v -0.783170 -0.004466 0.028706
v -0.770412 0.000081 0.008823
v -0.815248 0.000081 0.028761
v -0.802491 0.000081 0.028706
v -0.802491 0.004627 0.028706
v -0.815248 0.004627 0.028706
v -0.815248 0.007645 0.025381
v -0.802491 0.007645 0.025381
v -0.813133 0.000081 0.002280
v -0.815248 0.004627 0.008823
v -0.802491 0.004627 0.008823
v -0.815248 0.007645 0.011841
v -0.802491 0.007645 0.011841
v -0.802491 0.007645 0.018611
v -0.815248 0.007645 0.018611
v -0.813130 0.000081 0.035122
v -0.804604 0.000081 0.035067
v -0.804604 0.007927 0.032415
v -0.804604 0.012172 0.027606
v -0.804604 0.012172 0.018611
v -0.804604 0.012172 0.011841
v -0.804604 0.009154 0.004778
v -0.804604 0.004540 0.002280
v -0.813131 0.004540 0.002280
v -0.813131 0.009154 0.004778
v -0.813131 0.012172 0.011841
v -0.813131 0.012172 0.018611
v -0.813131 0.012172 0.027606
v -0.813130 0.007927 0.032415
v -0.804607 0.000081 0.002280
v -0.804604 -0.007766 0.032415
v -0.813130 -0.007766 0.032415
v -0.813130 -0.012011 0.027606
v -0.804604 -0.012011 0.027606
v -0.813131 -0.004379 0.002280
v -0.813131 -0.008993 0.004778
v -0.804604 -0.008993 0.004778
v -0.804604 -0.004379 0.002280
v -0.813130 -0.012011 0.011841
v -0.804604 -0.012011 0.011841
v -0.804604 -0.012011 0.018611
v -0.813130 -0.012011 0.018611
v -0.802491 -0.004466 0.028706
v -0.802491 -0.007484 0.025381
v -0.802491 -0.007484 0.018611
v -0.802491 -0.007484 0.011841
v -0.802491 -0.004466 0.008823
v -0.815248 0.000081 0.008823
v -0.815248 -0.004466 0.008823
v -0.815248 -0.007484 0.011841
v -0.815248 -0.007484 0.018611
v -0.815248 -0.007484 0.025381
v -0.815248 -0.004466 0.028706
v -0.802491 0.000081 0.008823
v -0.831288 0.000081 0.028761
v -0.818531 0.000081 0.028706
v -0.818531 0.004627 0.028706
v -0.831288 0.004627 0.028706
v -0.831288 0.007645 0.025381
v -0.818530 0.007645 0.025381
v -0.829172 0.000081 0.002280
v -0.831288 0.004627 0.008823
v -0.818531 0.004627 0.008823
v -0.831288 0.007645 0.011841
v -0.818530 0.007645 0.011841
v -0.818530 0.007645 0.018611
v -0.831288 0.007645 0.018611
v -0.829170 0.000081 0.035122
v -0.820644 0.000081 0.035067
v -0.820644 0.007927 0.032415
v -0.820644 0.012172 0.027606
v -0.820644 0.012172 0.018611
v -0.820644 0.012172 0.011841
v -0.820644 0.009154 0.004778
v -0.820644 0.004540 0.002280
v -0.829170 0.004540 0.002280
v -0.829170 0.009154 0.004778
v -0.829170 0.012172 0.011841
v -0.829170 0.012172 0.018611
v -0.829170 0.012172 0.027606
v -0.829170 0.007927 0.032415
v -0.820646 0.000081 0.002280
v -0.820644 -0.007766 0.032415
v -0.829170 -0.007766 0.032415
v -0.829170 -0.012011 0.027606
v -0.820644 -0.012011 0.027606
v -0.829170 -0.004379 0.002280
v -0.829170 -0.008993 0.004778
v -0.820644 -0.008993 0.004778
v -0.820644 -0.004379 0.002280
v -0.829170 -0.012011 0.011841
v -0.820644 -0.012011 0.011841
v -0.820644 -0.012011 0.018611
v -0.829170 -0.012011 0.018611
v -0.818531 -0.004466 0.028706
v -0.818530 -0.007484 0.025381
v -0.818530 -0.007484 0.018611
v -0.818530 -0.007484 0.011841
v -0.818531 -0.004466 0.008823
v -0.831288 0.000081 0.008823
v -0.831288 -0.004466 0.008823
v -0.831288 -0.007484 0.011841
v -0.831288 -0.007484 0.018611
v -0.831288 -0.007484 0.025381
v -0.831288 -0.004466 0.028706
v -0.818531 0.000081 0.008823
v -0.863367 0.000081 0.028761
v -0.850609 0.000081 0.028706
v -0.850609 0.004627 0.028706
v -0.863367 0.004627 0.028706
v -0.863367 0.007645 0.025381
v -0.850609 0.007645 0.025381
v -0.861251 0.000081 0.002280
v -0.863367 0.004627 0.008823
v -0.850609 0.004627 0.008823
v -0.863367 0.007645 0.011841
v -0.850609 0.007645 0.011841
v -0.850609 0.007645 0.018611
v -0.863367 0.007645 0.018611
v -0.861249 0.000081 0.035122
v -0.852723 0.000081 0.035067
v -0.852723 0.007927 0.032415
v -0.852723 0.012172 0.027606
v -0.852723 0.012172 0.018611
v -0.852723 0.012172 0.011841
v -0.852723 0.009154 0.004778
v -0.852723 0.004540 0.002280
v -0.861249 0.004540 0.002280
v -0.861249 0.009154 0.004778
v -0.861249 0.012172 0.011841
v -0.861249 0.012172 0.018611
v -0.861249 0.012172 0.027606
v -0.861249 0.007927 0.032415
v -0.852725 0.000081 0.002280
v -0.852723 -0.007766 0.032415
v -0.861249 -0.007766 0.032415
v -0.861249 -0.012011 0.027606
v -0.852723 -0.012011 0.027606
v -0.861249 -0.004379 0.002280
v -0.861249 -0.008993 0.004778
v -0.852723 -0.008993 0.004778
v -0.852723 -0.004379 0.002280
v -0.861249 -0.012011 0.011841
v -0.852723 -0.012011 0.011841
v -0.852723 -0.012011 0.018611
v -0.861249 -0.012011 0.018611
v -0.850609 -0.004466 0.028706
v -0.850609 -0.007484 0.025381
v -0.850609 -0.007484 0.018611
v -0.850609 -0.007484 0.011841
v -0.850609 -0.004466 0.008823
v -0.863367 0.000081 0.008823
v -0.863367 -0.004466 0.008823
v -0.863367 -0.007484 0.011841
v -0.863367 -0.007484 0.018611
v -0.863367 -0.007484 0.025381
v -0.863367 -0.004466 0.028706
v -0.850609 0.000081 0.008823
v -0.847327 0.000081 0.028761
v -0.834570 0.000081 0.028706
v -0.834570 0.004627 0.028706
v -0.847327 0.004627 0.028706
v -0.847327 0.007645 0.025381
v -0.834570 0.007645 0.025381
v -0.845212 0.000081 0.002280
v -0.847327 0.004627 0.008823
v -0.834570 0.004627 0.008823
v -0.847327 0.007645 0.011841
v -0.834570 0.007645 0.011841
v -0.834570 0.007645 0.018611
v -0.847327 0.007645 0.018611
v -0.845209 0.000081 0.035122
v -0.836683 0.000081 0.035067
v -0.836683 0.007927 0.032415
v -0.836683 0.012172 0.027606
v -0.836683 0.012172 0.018611
v -0.836683 0.012172 0.011841
v -0.836683 0.009154 0.004778
v -0.836683 0.004540 0.002280
v -0.845209 0.004540 0.002280
v -0.845209 0.009154 0.004778
v -0.845209 0.012172 0.011841
v -0.845209 0.012172 0.018611
v -0.845209 0.012172 0.027606
v -0.845209 0.007927 0.032415
v -0.836686 0.000081 0.002280
v -0.836683 -0.007766 0.032415
v -0.845209 -0.007766 0.032415
v -0.845209 -0.012011 0.027606
v -0.836683 -0.012011 0.027606
v -0.845209 -0.004379 0.002280
v -0.845209 -0.008993 0.004778
v -0.836683 -0.008993 0.004778
v -0.836683 -0.004379 0.002280
v -0.845209 -0.012011 0.011841
v -0.836683 -0.012011 0.011841
v -0.836683 -0.012011 0.018611
v -0.845209 -0.012011 0.018611
v -0.834570 -0.004466 0.028706
v -0.834570 -0.007484 0.025381
v -0.834570 -0.007484 0.018611
v -0.834570 -0.007484 0.011841
v -0.834570 -0.004466 0.008823
v -0.847327 0.000081 0.008823
v -0.847327 -0.004466 0.008823
v -0.847327 -0.007484 0.011841
v -0.847327 -0.007484 0.018611
v -0.847327 -0.007484 0.025381
v -0.847327 -0.004466 0.028706
v -0.834570 0.000081 0.008823
v -0.879406 0.000081 0.028761
v -0.866649 0.000081 0.028706
v -0.866649 0.004627 0.028706
v -0.879406 0.004627 0.028706
v -0.879406 0.007645 0.025381
v -0.866649 0.007645 0.025381
v -0.877291 0.000081 0.002280
v -0.879406 0.004627 0.008823
v -0.866649 0.004627 0.008823
v -0.879406 0.007645 0.011841
v -0.866649 0.007645 0.011841
v -0.866649 0.007645 0.018611
v -0.879406 0.007645 0.018611
v -0.877288 0.000081 0.035122
v -0.868762 0.000081 0.035067
v -0.868762 0.007927 0.032415
v -0.868762 0.012172 0.027606
v -0.868762 0.012172 0.018611
v -0.868762 0.012172 0.011841
v -0.868762 0.009154 0.004778
v -0.868762 0.004540 0.002280
v -0.877288 0.004540 0.002280
v -0.877288 0.009154 0.004778
v -0.877288 0.012172 0.011841
v -0.877288 0.012172 0.018611
v -0.877288 0.012172 0.027606
v -0.877288 0.007927 0.032415
v -0.868764 0.000081 0.002280
v -0.868762 -0.007766 0.032415
v -0.877288 -0.007766 0.032415
v -0.877288 -0.012011 0.027606
v -0.868762 -0.012011 0.027606
v -0.877288 -0.004379 0.002280
v -0.877288 -0.008993 0.004778
v -0.868762 -0.008993 0.004778
v -0.868762 -0.004379 0.002280
v -0.877288 -0.012011 0.011841
v -0.868762 -0.012011 0.011841
v -0.868762 -0.012011 0.018611
v -0.877288 -0.012011 0.018611
v -0.866649 -0.004466 0.028706
v -0.866649 -0.007484 0.025381
v -0.866649 -0.007484 0.018611
v -0.866649 -0.007484 0.011841
v -0.866649 -0.004466 0.008823
v -0.879406 0.000081 0.008823
v -0.879406 -0.004466 0.008823
v -0.879406 -0.007484 0.011841
v -0.879406 -0.007484 0.018611
v -0.879406 -0.007484 0.025381
v -0.879406 -0.004466 0.028706
v -0.866649 0.000081 0.008823
v -0.895446 0.000081 0.028761
v -0.882688 0.000081 0.028706
v -0.882688 0.004627 0.028706
v -0.895446 0.004627 0.028706
v -0.895446 0.007645 0.025381
v -0.882688 0.007645 0.025381
v -0.893330 0.000081 0.002280
v -0.895446 0.004627 0.008823
v -0.882688 0.004627 0.008823
v -0.895446 0.007645 0.011841
v -0.882688 0.007645 0.011841
v -0.882688 0.007645 0.018611
v -0.895446 0.007645 0.018611
v -0.893328 0.000081 0.035122
v -0.884802 0.000081 0.035067
v -0.884802 0.007927 0.032415
v -0.884802 0.012172 0.027606
v -0.884802 0.012172 0.018611
v -0.884802 0.012172 0.011841
v -0.884802 0.009154 0.004778
v -0.884802 0.004540 0.002280
v -0.893328 0.004540 0.002280
v -0.893328 0.009154 0.004778
v -0.893328 0.012172 0.011841
v -0.893328 0.012172 0.018611
v -0.893328 0.012172 0.027606
v -0.893328 0.007927 0.032415
v -0.884804 0.000081 0.002280
v -0.884802 -0.007766 0.032415
v -0.893328 -0.007766 0.032415
v -0.893328 -0.012011 0.027606
v -0.884802 -0.012011 0.027606
v -0.893328 -0.004379 0.002280
v -0.893328 -0.008993 0.004778
v -0.884802 -0.008993 0.004778
v -0.884802 -0.004379 0.002280
v -0.893328 -0.012011 0.011841
v -0.884802 -0.012011 0.011841
v -0.884802 -0.012011 0.018611
v -0.893328 -0.012011 0.018611
v -0.882688 -0.004466 0.028706
v -0.882688 -0.007484 0.025381
v -0.882688 -0.007484 0.018611
v -0.882688 -0.007484 0.011841
v -0.882688 -0.004466 0.008823
v -0.895446 0.000081 0.008823
v -0.895446 -0.004466 0.008823
v -0.895446 -0.007484 0.011841
v -0.895446 -0.007484 0.018611
v -0.895446 -0.007484 0.025381
v -0.895446 -0.004466 0.028706
v -0.882688 0.000081 0.008823
v -0.547353 0.012668 0.038577
v -0.547353 0.012668 0.029863
v -0.600908 0.012668 0.029863
v -0.600908 0.012668 0.038577
v -0.547353 -0.012668 0.029863
v -0.547353 -0.012668 0.038577
v -0.600908 -0.012668 0.029863
v -0.600908 -0.012668 0.038577
v -0.636563 0.010362 0.044767
v -0.612973 0.010362 0.044767
v -0.612973 0.011934 0.043279
v -0.636563 0.011934 0.043279
v -0.612973 -0.010362 0.044767
v -0.636563 -0.010362 0.044767
v -0.612973 -0.011934 0.043279
v -0.636563 -0.011934 0.043279
v -0.638576 0.009065 0.008476
v -0.638576 -0.000000 0.008476
v -0.638576 -0.009066 0.008476
v -0.604441 0.008666 -0.014630
v -0.604441 0.013967 -0.004473
v -0.604441 0.013974 0.008518
v -0.604441 0.013986 0.026232
v -0.604441 0.013997 0.041916
v -0.604441 0.008875 0.046758
v -0.604441 -0.000000 0.046721
v -0.604441 -0.008876 0.046758
v -0.604441 -0.013997 0.041916
v -0.604441 -0.013986 0.026232
v -0.604441 -0.013974 0.008518
v -0.604441 -0.013968 -0.004473
v -0.604441 -0.008666 -0.014630
v -0.604441 -0.000000 -0.019349
v -0.601909 -0.000000 -0.019756
v -0.601909 -0.009066 -0.015472
v -0.601909 -0.014469 -0.005330
v -0.601909 -0.014469 0.008476
v -0.601909 -0.014469 0.026321
v -0.600435 -0.014469 0.027892
v -0.599239 -0.014469 0.029168
v -0.599239 -0.012668 0.029863
v -0.599239 -0.010867 0.030558
v -0.599239 -0.010867 0.037882
v -0.599239 -0.012668 0.038577
v -0.599239 -0.014469 0.039271
v -0.600435 -0.014469 0.040547
v -0.601909 -0.014469 0.042119
v -0.601909 -0.009066 0.047235
v -0.601909 -0.000000 0.047235
v -0.601909 0.009065 0.047235
v -0.601909 0.014469 0.042119
v -0.600435 0.014469 0.040547
v -0.599239 0.014469 0.039271
v -0.599239 0.012668 0.038577
v -0.599239 0.010867 0.037882
v -0.599239 0.010867 0.030558
v -0.599239 0.012668 0.029863
v -0.599239 0.014469 0.029168
v -0.600435 0.014469 0.027892
v -0.601909 0.014469 0.026321
v -0.601909 0.014469 0.008476
v -0.601909 0.014469 -0.005330
v -0.601909 0.009065 -0.015472
v -0.609874 0.013675 -0.003973
v -0.609874 0.013685 0.008542
v -0.609874 0.013704 0.026181
v -0.609874 0.013721 0.041797
v -0.609874 0.008764 0.046479
v -0.609874 -0.000000 0.046421
v -0.609874 -0.008765 0.046479
v -0.609874 -0.013721 0.041797
v -0.609874 -0.013704 0.026181
v -0.609874 -0.013686 0.008542
v -0.609874 -0.013675 -0.003973
v -0.609874 -0.008432 -0.014138
v -0.609874 -0.000000 -0.019112
v -0.609874 0.008432 -0.014138
v -0.606496 0.012464 -0.001901
v -0.606496 0.012490 0.008642
v -0.606496 0.012538 0.025968
v -0.606496 0.012580 0.041307
v -0.606496 0.008305 0.045325
v -0.606496 -0.000000 0.045179
v -0.606496 -0.008305 0.045325
v -0.606496 -0.012581 0.041307
v -0.606496 -0.012538 0.025968
v -0.606496 -0.012491 0.008642
v -0.606496 -0.012464 -0.001901
v -0.606496 -0.007466 -0.012104
v -0.606496 -0.000000 -0.018130
v -0.606496 0.007466 -0.012104
v -0.608574 0.012724 -0.002345
v -0.608574 0.012747 0.008621
v -0.608574 0.012788 0.026013
v -0.608574 0.012825 0.041412
v -0.608574 0.008403 0.045573
v -0.608574 -0.000000 0.045446
v -0.608574 -0.008404 0.045573
v -0.608574 -0.012825 0.041412
v -0.608574 -0.012788 0.026013
v -0.608574 -0.012747 0.008621
v -0.608574 -0.012724 -0.002345
v -0.608574 -0.007673 -0.012540
v -0.608574 -0.000000 -0.018341
v -0.608574 0.007673 -0.012540
v -0.546402 0.009065 -0.015472
v -0.546402 0.014469 -0.005330
v -0.546402 0.014469 0.008476
v -0.546402 0.014469 0.026321
v -0.547873 0.014469 0.027892
v -0.549067 0.014469 0.029168
v -0.549067 0.012668 0.029863
v -0.549067 0.010867 0.030558
v -0.549067 0.010867 0.037882
v -0.549067 0.012668 0.038577
v -0.549067 0.014469 0.039271
v -0.547873 0.014469 0.040547
v -0.546402 0.014469 0.042119
v -0.546402 0.009065 0.047235
v -0.546402 -0.000000 0.047235
v -0.546402 -0.009066 0.047235
v -0.546402 -0.014469 0.042119
v -0.547873 -0.014469 0.040547
v -0.549067 -0.014469 0.039271
v -0.549067 -0.012668 0.038577
v -0.549067 -0.010867 0.037882
v -0.549067 -0.010867 0.030558
v -0.549067 -0.012668 0.029863
v -0.549067 -0.014469 0.029168
v -0.547873 -0.014469 0.027892
v -0.546402 -0.014469 0.026321
v -0.546402 -0.014469 0.008476
v -0.546402 -0.014469 -0.005330
v -0.546402 -0.009066 -0.015472
v -0.546402 -0.000000 -0.019756
vn 0.0179 0.9952 -0.0958
vn -0.0000 1.0000 -0.0000
vn 0.0449 0.9730 -0.2263
vn 1.0000 0.0057 0.0008
vn 1.0000 0.0093 -0.0000
vn 1.0000 0.0046 -0.0000
vn 1.0000 0.0009 0.0012
vn -0.0000 -0.0000 1.0000
vn 0.0103 0.9714 -0.2374
vn -0.0011 0.9677 -0.2520
vn -0.0006 0.9919 -0.1267
vn 0.0021 0.9922 -0.1248
vn -0.0000 0.9677 -0.2520
vn -0.0000 0.9919 -0.1270
vn 1.0000 -0.0000 -0.0040
vn 1.0000 -0.0000 -0.0077
vn 1.0000 0.0049 -0.0032
vn 1.0000 0.0086 -0.0004
vn 0.0117 0.9935 -0.1130
vn 0.0287 0.9769 -0.2118
vn -0.0000 0.9702 -0.2423
vn 1.0000 -0.0000 0.0022
vn -0.0000 -0.0000 -1.0000
vn -0.0000 0.4273 -0.9041
vn 1.0000 0.0001 0.0026
vn 1.0000 -0.0000 0.0035
vn 1.0000 -0.0000 0.0026
vn 0.0040 -0.0000 -1.0000
vn 0.0039 -0.0000 -1.0000
vn 0.0029 -0.0000 -1.0000
vn -0.0152 0.9999 -0.0000
vn -0.0111 0.9999 -0.0000
vn -0.0110 0.9999 -0.0000
vn -0.0151 0.9999 -0.0000
vn -0.0040 -0.0000 1.0000
vn -0.0042 -0.0000 1.0000
vn -0.0018 -0.0000 1.0000
vn -1.0000 -0.0025 -0.0008
vn -1.0000 -0.0040 -0.0025
vn -1.0000 -0.0028 -0.0010
vn -1.0000 -0.0043 -0.0000
vn -0.0000 0.9585 -0.2851
vn 1.0000 -0.0000 -0.0000
vn -0.0000 0.6113 -0.7914
vn -1.0000 -0.0000 -0.0000
vn -0.0000 0.1337 0.9910
vn 0.9479 0.0120 0.3185
vn 0.9493 0.0078 0.3144
vn 0.9497 0.0041 0.3132
vn 0.9478 0.0055 0.3189
vn 0.0014 -0.0000 -1.0000
vn 0.0011 -0.0000 -1.0000
vn -0.0109 0.9999 0.0081
vn -0.0120 0.9999 0.0005
vn -0.0096 0.9999 0.0066
vn -0.0032 1.0000 -0.0006
vn -0.0021 -0.0042 1.0000
vn -0.0038 -0.0000 1.0000
vn -0.0025 0.0010 1.0000
vn -0.0078 -0.0021 1.0000
vn -0.7815 -0.0148 0.6237
vn -0.7816 -0.0038 0.6237
vn -0.7810 -0.0151 0.6244
vn -0.7808 -0.0160 0.6246
vn -0.0000 0.6875 0.7261
vn -0.0000 0.8826 -0.4702
vn 0.5973 -0.0000 0.8020
vn 0.5983 -0.0000 0.8013
vn 0.5726 -0.0026 0.8198
vn 0.5717 -0.0000 0.8205
vn -0.6945 0.7042 -0.1472
vn -0.5852 0.8109 -0.0011
vn -0.5854 0.8108 -0.0002
vn -0.7359 0.6418 -0.2155
vn -0.5250 -0.0000 -0.8511
vn -0.7710 0.4745 -0.4248
vn -0.7841 0.4211 -0.4559
vn -0.5102 -0.0000 -0.8601
vn 0.5715 0.5638 0.5962
vn 0.5674 0.5650 0.5990
vn 0.5678 0.5653 0.5984
vn 0.5717 0.5641 0.5958
vn -0.5723 -0.0015 0.8201
vn -0.5973 -0.0000 0.8020
vn -0.5983 -0.0000 0.8013
vn -0.5716 -0.0000 0.8205
vn 0.5675 0.8234 -0.0004
vn 0.5758 0.8176 -0.0009
vn 0.5756 0.8177 -0.0004
vn 0.5673 0.8235 -0.0000
vn 0.7777 0.4327 -0.4559
vn 0.7745 0.4746 -0.4182
vn 0.5341 -0.0000 -0.8454
vn 0.5102 -0.0000 -0.8601
vn -0.5674 0.5659 0.5981
vn -0.5714 0.5633 0.5969
vn -0.5714 0.5638 0.5963
vn -0.5673 0.5662 0.5980
vn 0.7343 0.6441 -0.2145
vn 0.6953 0.7036 -0.1468
vn 0.0453 0.9738 -0.2230
vn 0.0368 0.9816 -0.1872
vn -0.5672 0.8236 -0.0023
vn -0.5675 0.8234 -0.0014
vn -0.5758 0.8176 -0.0020
vn -0.5758 0.8176 -0.0026
vn 0.5759 0.8175 -0.0025
vn 0.5854 0.8107 -0.0030
vn 0.5854 0.8107 -0.0024
vn 0.5757 0.8177 -0.0019
vn -0.9698 -0.0000 0.2439
vn 0.9480 0.0180 0.3179
vn 0.9484 0.0141 0.3167
vn -0.7818 -0.0037 0.6235
vn -0.7819 -0.0034 0.6234
vn 0.9512 0.0005 0.3085
vn 0.9512 -0.0000 0.3086
vn -0.0038 1.0000 0.0005
vn -0.0125 0.9999 -0.0001
vn -0.9999 -0.0153 -0.0042
vn 0.7929 0.5526 0.2568
vn 0.7944 0.5500 0.2576
vn 0.7747 0.5818 0.2476
vn 0.7733 0.5840 0.2469
vn 0.0008 -0.0000 -1.0000
vn -0.0036 1.0000 -0.0001
vn -0.0029 1.0000 -0.0010
vn -0.0052 -0.0047 1.0000
vn -0.0034 -0.0000 1.0000
vn -0.0086 0.0004 1.0000
vn -0.0037 0.0036 1.0000
vn 0.0108 0.9999 -0.0000
vn 0.1004 0.9942 0.0386
vn -0.0004 -1.0000 -0.0012
vn -0.0000 -1.0000 -0.0035
vn 0.0028 -1.0000 -0.0021
vn 0.0031 -1.0000 -0.0017
vn -1.0000 -0.0019 -0.0013
vn -1.0000 -0.0000 -0.0017
vn -1.0000 -0.0058 -0.0005
vn -1.0000 -0.0077 -0.0001
vn 0.9570 -0.0000 0.2900
vn -0.0123 0.9999 -0.0023
vn -0.0096 1.0000 -0.0017
vn -0.0129 0.9999 -0.0028
vn -0.0061 1.0000 0.0007
vn -1.0000 -0.0000 -0.0038
vn 0.0016 -1.0000 -0.0009
vn -0.0000 -1.0000 -0.0004
vn -1.0000 -0.0077 -0.0038
vn 0.0004 -1.0000 -0.0010
vn 0.0003 -1.0000 -0.0010
vn 0.0004 -1.0000 -0.0011
vn 0.0005 -1.0000 -0.0011
vn -0.7014 0.0021 0.7127
vn 0.0001 -0.0036 -1.0000
vn -0.0001 0.0036 1.0000
vn -0.0001 1.0000 0.0003
vn -0.0001 1.0000 -0.0003
vn -0.0002 1.0000 -0.0025
vn 1.0000 -0.0000 0.0039
vn 0.0019 -0.0000 -1.0000
vn -1.0000 -0.0030 -0.0020
vn -1.0000 -0.0016 -0.0034
vn -1.0000 -0.0003 -0.0008
vn 1.0000 -0.0000 0.0051
vn -1.0000 -0.0000 -0.0021
vn -1.0000 -0.0016 -0.0046
vn 0.0018 -0.0000 -1.0000
vn -0.0069 1.0000 -0.0000
vn 0.9970 -0.0000 0.0768
vn 0.0032 -1.0000 -0.0080
vn 0.0038 -1.0000 -0.0092
vn 0.0006 -1.0000 -0.0030
vn -0.0000 -1.0000 -0.0018
vn 0.3078 -0.0000 -0.9515
vn 0.0345 0.0969 -0.9947
vn -0.0140 0.9999 -0.0027
vn -0.0003 1.0000 0.0010
vn -0.1065 -0.0016 0.9943
vn -0.2933 -0.2644 0.9187
vn -0.0010 -0.0000 1.0000
vn 0.0237 -0.2494 0.9681
vn 1.0000 0.0072 0.0048
vn 1.0000 0.0086 0.0048
vn 1.0000 0.0050 0.0047
vn 1.0000 0.0037 0.0046
vn 0.0009 0.1506 -0.9886
vn -0.0792 -0.0007 -0.9969
vn -0.0000 0.7611 0.6487
vn 1.0000 0.0001 -0.0000
vn -0.0000 -1.0000 -0.0000
vn 0.0294 -0.0000 0.9996
vn -0.9704 0.0001 -0.2416
vn -0.9704 -0.0000 -0.2415
vn -0.0000 0.3598 0.9330
vn -0.0000 0.3598 -0.9330
vn -0.5854 0.8107 -0.0025
vn -0.5854 0.8108 -0.0030
vn 0.6585 0.7472 -0.0899
vn 0.6931 0.7065 -0.1432
vn -0.0000 0.6875 0.7262
vn -0.0000 0.9885 -0.1512
vn -0.0000 -0.2049 0.9788
vn -0.0000 0.1552 -0.9879
vn -0.0000 0.2131 -0.9770
vn -0.0000 0.2703 -0.9628
vn -0.0000 -0.0000 -0.0000
vn 0.7013 0.0031 0.7128
vn 0.7014 0.0030 0.7128
vn -0.8661 -0.0000 -0.4999
vn -0.0015 -1.0000 -0.0010
vn -0.0019 -1.0000 -0.0011
vn 0.0001 1.0000 0.0010
vn -0.0000 1.0000 0.0011
vn -0.0002 1.0000 0.0013
vn -0.0002 1.0000 0.0005
vn 1.0000 0.0007 0.0001
vn 0.0002 -1.0000 0.0037
vn 0.0001 -1.0000 0.0037
vn 0.0002 -1.0000 0.0036
vn -0.7655 -0.0029 -0.6434
vn -0.7655 -0.0028 -0.6434
vn -0.0001 1.0000 -0.0037
vn -0.0002 1.0000 -0.0038
vn -0.0002 1.0000 -0.0043
vn -0.0002 1.0000 0.0006
vn -1.0000 -0.0007 -0.0002
vn -0.0002 1.0000 -0.0067
vn 1.0000 0.0007 0.0002
vn 0.0002 -1.0000 0.0067
vn 0.9493 -0.0000 0.3144
vn -0.9493 -0.0000 0.3144
vn -0.0000 -0.5131 0.8583
vn 1.0000 -0.0057 0.0008
vn 1.0000 -0.0009 0.0012
vn 1.0000 -0.0046 -0.0000
vn 1.0000 -0.0093 -0.0000
vn 0.0040 -0.9703 -0.2420
vn -0.0010 -0.9677 -0.2520
vn -0.0010 -0.9677 -0.2519
vn 0.0102 -0.9714 -0.2374
vn -0.0000 -0.9677 -0.2520
vn 1.0000 -0.0086 -0.0004
vn 1.0000 -0.0049 -0.0032
vn 0.0225 -0.9759 -0.2171
vn 0.0287 -0.9769 -0.2118
vn -0.0000 -0.9702 -0.2423
vn -0.0000 -0.4273 -0.9041
vn 1.0000 -0.0001 0.0026
vn -0.0152 -0.9999 -0.0000
vn -0.0151 -0.9999 -0.0000
vn -0.0110 -0.9999 -0.0000
vn -0.0111 -0.9999 -0.0000
vn -0.0041 -0.0000 1.0000
vn -1.0000 0.0025 -0.0008
vn -1.0000 0.0043 -0.0000
vn -1.0000 0.0028 -0.0010
vn -1.0000 0.0040 -0.0025
vn -0.0000 -0.9585 -0.2851
vn -0.0000 -0.6113 -0.7914
vn -0.0000 -0.1337 0.9910
vn 0.9479 -0.0120 0.3185
vn 0.9478 -0.0055 0.3189
vn 0.9497 -0.0041 0.3132
vn 0.9493 -0.0078 0.3144
vn -0.0109 -0.9999 0.0081
vn -0.0032 -1.0000 -0.0006
vn -0.0096 -0.9999 0.0066
vn -0.0120 -0.9999 0.0005
vn -0.0021 0.0042 1.0000
vn -0.0078 0.0021 1.0000
vn -0.0025 -0.0010 1.0000
vn -0.7815 0.0147 0.6237
vn -0.7808 0.0160 0.6246
vn -0.7810 0.0150 0.6244
vn -0.7816 0.0062 0.6238
vn -0.0000 -0.6875 0.7262
vn -0.0000 -0.8826 -0.4702
vn -0.0000 -0.6875 0.7261
vn 0.5726 0.0026 0.8198
vn -0.5853 -0.8108 -0.0005
vn -0.5853 -0.8108 -0.0012
vn -0.6945 -0.7042 -0.1472
vn -0.7359 -0.6419 -0.2155
vn -0.7841 -0.4211 -0.4560
vn -0.7710 -0.4745 -0.4248
vn 0.5678 -0.5653 0.5984
vn 0.5671 -0.5655 0.5988
vn 0.5712 -0.5636 0.5967
vn 0.5717 -0.5641 0.5958
vn -0.5723 0.0015 0.8201
vn -0.5717 -0.0000 0.8205
vn 0.5758 -0.8176 -0.0008
vn 0.5756 -0.8177 -0.0011
vn 0.5675 -0.8234 -0.0004
vn 0.5673 -0.8235 -0.0000
vn 0.7777 -0.4327 -0.4559
vn 0.7745 -0.4746 -0.4182
vn -0.5714 -0.5638 0.5963
vn -0.5714 -0.5633 0.5969
vn -0.5674 -0.5659 0.5981
vn -0.5673 -0.5662 0.5980
vn 0.7343 -0.6441 -0.2145
vn 0.6953 -0.7036 -0.1468
vn 0.0477 -0.9740 -0.2215
vn 0.0342 -0.9813 -0.1894
vn 0.0353 -0.9813 -0.1891
vn 0.0480 -0.9737 -0.2227
vn -0.5758 -0.8176 -0.0020
vn -0.5675 -0.8234 -0.0014
vn -0.5672 -0.8236 -0.0023
vn -0.5758 -0.8176 -0.0026
vn 0.5759 -0.8175 -0.0025
vn 0.5757 -0.8177 -0.0019
vn 0.5854 -0.8107 -0.0024
vn 0.5854 -0.8107 -0.0030
vn 0.9480 -0.0180 0.3179
vn 0.9484 -0.0141 0.3167
vn -0.7816 0.0046 0.6238
vn -0.7819 0.0034 0.6234
vn 0.9512 -0.0005 0.3085
vn -0.0125 -0.9999 -0.0002
vn -0.0038 -1.0000 0.0005
vn -0.9999 0.0153 -0.0042
vn 0.7929 -0.5526 0.2568
vn 0.7733 -0.5840 0.2469
vn 0.7747 -0.5818 0.2476
vn 0.7944 -0.5501 0.2576
vn -0.0035 -1.0000 -0.0002
vn -0.0029 -1.0000 -0.0010
vn -0.0052 0.0047 1.0000
vn -0.0086 -0.0004 1.0000
vn -0.0037 -0.0036 1.0000
vn 0.1004 -0.9942 0.0386
vn 0.0108 -0.9999 -0.0000
vn -0.0004 1.0000 -0.0012
vn 0.0030 1.0000 -0.0016
vn 0.0028 1.0000 -0.0021
vn -0.0000 1.0000 -0.0035
vn -1.0000 0.0077 -0.0039
vn -1.0000 0.0077 -0.0020
vn -1.0000 0.0077 -0.0001
vn -0.0123 -0.9999 -0.0023
vn -0.0129 -0.9999 -0.0028
vn -0.0096 -1.0000 -0.0017
vn -0.0061 -1.0000 0.0007
vn -0.0000 1.0000 -0.0004
vn 0.0016 1.0000 -0.0009
vn -1.0000 0.0077 -0.0038
vn 0.0005 1.0000 -0.0011
vn 0.0003 1.0000 -0.0010
vn -0.7014 -0.0021 0.7127
vn 0.0001 0.0036 -1.0000
vn -0.0001 -0.0036 1.0000
vn -0.0001 -1.0000 0.0003
vn -0.0002 -1.0000 -0.0025
vn -0.0001 -1.0000 -0.0003
vn -1.0000 0.0073 -0.0011
vn -1.0000 0.0016 -0.0034
vn -1.0000 0.0016 -0.0023
vn -1.0000 0.0003 -0.0007
vn -1.0000 0.0002 -0.0024
vn -0.0069 -1.0000 -0.0000
vn 0.0032 1.0000 -0.0080
vn -0.0000 1.0000 -0.0018
vn 0.0006 1.0000 -0.0030
vn 0.0038 1.0000 -0.0092
vn 0.0345 -0.0969 -0.9947
vn -0.0003 -1.0000 0.0010
vn -0.0140 -0.9999 -0.0027
vn -0.2933 0.2644 0.9187
vn -0.1065 0.0016 0.9943
vn 0.0237 0.2494 0.9681
vn 1.0000 -0.0073 0.0048
vn 1.0000 -0.0037 0.0046
vn 1.0000 -0.0050 0.0047
vn 1.0000 -0.0086 0.0048
vn -0.0792 0.0007 -0.9969
vn 0.0009 -0.1506 -0.9886
vn -0.0000 -0.7611 0.6487
vn -0.9704 -0.0000 -0.2416
vn -0.9704 0.0001 -0.2415
vn -0.0000 -0.3598 0.9330
vn -0.0000 -0.3598 -0.9330
vn -0.5854 -0.8107 -0.0025
vn -0.5854 -0.8108 -0.0030
vn 0.6931 -0.7065 -0.1432
vn 0.6585 -0.7472 -0.0899
vn -0.0000 -0.9885 -0.1512
vn -0.0000 0.2049 0.9788
vn -0.0000 -0.1552 -0.9879
vn -0.0000 -0.2131 -0.9770
vn -0.0000 -0.2703 -0.9628
vn 0.7013 -0.0031 0.7128
vn 0.7014 -0.0030 0.7128
vn -0.0019 1.0000 -0.0011
vn -0.0015 1.0000 -0.0010
vn -0.0000 -1.0000 0.0011
vn 0.0001 -1.0000 0.0010
vn -0.0002 -1.0000 0.0005
vn -0.0002 -1.0000 0.0013
vn 1.0000 -0.0007 0.0001
vn 0.0002 1.0000 0.0036
vn 0.0001 1.0000 0.0037
vn -0.7655 0.0029 -0.6434
vn -0.7655 0.0028 -0.6434
vn -0.0002 -1.0000 -0.0038
vn -0.0001 -1.0000 -0.0037
vn -0.0002 -1.0000 0.0006
vn -0.0002 -1.0000 -0.0043
vn -1.0000 0.0007 -0.0002
vn -0.0002 -1.0000 -0.0067
vn 1.0000 -0.0007 0.0002
vn 0.0002 1.0000 0.0067
vn -0.0000 0.5131 0.8583
vn -0.0000 0.0980 -0.9952
vn -0.0000 0.1951 -0.9808
vn -0.0000 0.2903 -0.9569
vn -0.0000 0.3827 -0.9239
vn -0.0000 0.4714 -0.8819
vn -0.0000 0.5556 -0.8315
vn -0.0000 0.6344 -0.7730
vn -0.0000 0.7071 -0.7071
vn -0.0000 0.7730 -0.6344
vn -0.0000 0.8315 -0.5556
vn -0.0000 0.8819 -0.4714
vn -0.0000 0.9239 -0.3827
vn -0.0000 0.9569 -0.2903
vn -0.0000 0.9808 -0.1951
vn -0.0000 0.9952 -0.0980
vn -0.0000 0.9952 0.0980
vn -0.0000 0.9808 0.1951
vn -0.0000 0.9569 0.2903
vn -0.0000 0.9239 0.3827
vn -0.0000 0.8819 0.4714
vn -0.0000 0.8315 0.5556
vn -0.0000 0.7730 0.6344
vn -0.0000 0.7071 0.7071
vn -0.0000 0.6344 0.7730
vn -0.0000 0.5556 0.8315
vn -0.0000 0.4714 0.8819
vn -0.0000 0.3827 0.9239
vn -0.0000 0.2903 0.9569
vn -0.0000 0.1951 0.9808
vn -0.0000 0.0980 0.9952
vn -0.0000 -0.0980 0.9952
vn -0.0000 -0.1951 0.9808
vn -0.0000 -0.2903 0.9569
vn -0.0000 -0.3827 0.9239
vn -0.0000 -0.4714 0.8819
vn -0.0000 -0.5556 0.8315
vn -0.0000 -0.6344 0.7730
vn -0.0000 -0.7071 0.7071
vn -0.0000 -0.7730 0.6344
vn -0.0000 -0.8315 0.5556
vn -0.0000 -0.8819 0.4714
vn -0.0000 -0.9239 0.3827
vn -0.0000 -0.9569 0.2903
vn -0.0000 -0.9808 0.1951
vn -0.0000 -0.9952 0.0980
vn -0.0000 -0.9952 -0.0980
vn -0.0000 -0.9808 -0.1951
vn -0.0000 -0.9569 -0.2903
vn -0.0000 -0.9239 -0.3827
vn -0.0000 -0.8819 -0.4714
vn -0.0000 -0.8315 -0.5556
vn -0.0000 -0.7730 -0.6344
vn -0.0000 -0.7071 -0.7071
vn -0.0000 -0.6344 -0.7730
vn -0.0000 -0.5556 -0.8315
vn -0.0000 -0.4714 -0.8819
vn -0.0000 -0.3827 -0.9239
vn -0.0000 -0.2903 -0.9569
vn -0.0000 -0.1951 -0.9808
vn -0.0000 -0.0980 -0.9952
vn -1.0000 -0.0001 -0.0000
vn -1.0000 0.0002 -0.0000
vn -1.0000 -0.0002 -0.0000
vn -1.0000 0.0001 -0.0000
vn 1.0000 -0.0000 0.0001
vn 1.0000 -0.0003 0.0009
vn 1.0000 -0.0000 -0.0002
vn 1.0000 -0.0001 -0.0000
vn 1.0000 0.0002 -0.0000
vn 1.0000 -0.0005 -0.0009
vn 1.0000 -0.0001 -0.0002
vn 0.7750 0.0627 -0.6288
vn 0.7746 0.0001 -0.6325
vn 0.4235 -0.0000 -0.9059
vn 0.4239 0.0890 -0.9013
vn 0.7762 0.1244 -0.6181
vn 0.4248 0.1770 -0.8878
vn 0.7781 0.1843 -0.6005
vn 0.4262 0.2632 -0.8655
vn 0.7807 0.2415 -0.5764
vn 0.4280 0.3465 -0.8347
vn 0.7837 0.2954 -0.5464
vn 0.4301 0.4263 -0.7958
vn 0.7870 0.3454 -0.5111
vn 0.4325 0.5016 -0.7492
vn 0.7906 0.3911 -0.4712
vn 0.4351 0.5719 -0.6954
vn 0.7942 0.4321 -0.4273
vn 0.4377 0.6364 -0.6351
vn 0.7977 0.4683 -0.3801
vn 0.4402 0.6946 -0.5689
vn 0.8010 0.4995 -0.3301
vn 0.4426 0.7461 -0.4975
vn 0.8039 0.5258 -0.2780
vn 0.4447 0.7903 -0.4216
vn 0.8064 0.5472 -0.2242
vn 0.4466 0.8269 -0.3419
vn 0.8084 0.5637 -0.1692
vn 0.4480 0.8557 -0.2591
vn 0.8099 0.5755 -0.1133
vn 0.4491 0.8764 -0.1740
vn 0.8108 0.5826 -0.0568
vn 0.4497 0.8889 -0.0874
vn 0.8111 0.5849 -0.0001
vn 0.4499 0.8931 -0.0000
vn 0.8107 0.5828 0.0568
vn 0.4497 0.8889 0.0875
vn 0.4491 0.8764 0.1740
vn 0.8096 0.5759 0.1133
vn 0.4480 0.8557 0.2591
vn 0.8080 0.5644 0.1693
vn 0.4466 0.8269 0.3419
vn 0.8058 0.5480 0.2245
vn 0.4447 0.7902 0.4216
vn 0.8032 0.5267 0.2784
vn 0.4426 0.7461 0.4975
vn 0.8001 0.5004 0.3307
vn 0.4402 0.6946 0.5689
vn 0.7968 0.4692 0.3808
vn 0.4377 0.6364 0.6351
vn 0.7933 0.4329 0.4281
vn 0.4351 0.5719 0.6954
vn 0.7897 0.3918 0.4721
vn 0.4325 0.5017 0.7492
vn 0.7862 0.3460 0.5121
vn 0.4301 0.4263 0.7958
vn 0.7829 0.2958 0.5474
vn 0.4280 0.3465 0.8347
vn 0.7800 0.2418 0.5772
vn 0.4262 0.2631 0.8655
vn 0.7776 0.1844 0.6012
vn 0.4248 0.1770 0.8878
vn 0.7758 0.1244 0.6186
vn 0.4238 0.0891 0.9013
vn 0.7748 0.0627 0.6291
vn 0.7746 -0.0001 0.6325
vn 0.4235 -0.0000 0.9059
vn 0.7750 -0.0627 0.6288
vn 0.4239 -0.0890 0.9013
vn 0.7762 -0.1244 0.6181
vn 0.4248 -0.1770 0.8878
vn 0.7781 -0.1843 0.6005
vn 0.4262 -0.2632 0.8655
vn 0.7807 -0.2415 0.5764
vn 0.4280 -0.3465 0.8347
vn 0.7837 -0.2954 0.5464
vn 0.4301 -0.4263 0.7958
vn 0.7870 -0.3454 0.5111
vn 0.4325 -0.5016 0.7492
vn 0.7906 -0.3911 0.4712
vn 0.4351 -0.5719 0.6954
vn 0.7942 -0.4321 0.4273
vn 0.4377 -0.6364 0.6351
vn 0.7977 -0.4683 0.3801
vn 0.4402 -0.6946 0.5689
vn 0.8010 -0.4995 0.3301
vn 0.4426 -0.7461 0.4975
vn 0.8039 -0.5258 0.2780
vn 0.4447 -0.7903 0.4216
vn 0.8064 -0.5472 0.2242
vn 0.4466 -0.8269 0.3419
vn 0.8084 -0.5637 0.1692
vn 0.4480 -0.8557 0.2591
vn 0.8099 -0.5755 0.1133
vn 0.4491 -0.8764 0.1740
vn 0.8108 -0.5826 0.0568
vn 0.4497 -0.8889 0.0874
vn 0.8111 -0.5849 0.0001
vn 0.4499 -0.8931 -0.0000
vn 0.8107 -0.5827 -0.0568
vn 0.4497 -0.8889 -0.0875
vn 0.4491 -0.8764 -0.1740
vn 0.8096 -0.5759 -0.1133
vn 0.4480 -0.8557 -0.2591
vn 0.8080 -0.5644 -0.1693
vn 0.4465 -0.8269 -0.3419
vn 0.8058 -0.5480 -0.2245
vn 0.4447 -0.7902 -0.4216
vn 0.8032 -0.5267 -0.2784
vn 0.4426 -0.7461 -0.4975
vn 0.8001 -0.5004 -0.3307
vn 0.4402 -0.6947 -0.5689
vn 0.7968 -0.4692 -0.3808
vn 0.4377 -0.6364 -0.6351
vn 0.7933 -0.4329 -0.4281
vn 0.4351 -0.5719 -0.6954
vn 0.7897 -0.3918 -0.4721
vn 0.4325 -0.5017 -0.7492
vn 0.7862 -0.3460 -0.5121
vn 0.4301 -0.4263 -0.7958
vn 0.7829 -0.2958 -0.5474
vn 0.4280 -0.3465 -0.8347
vn 0.7800 -0.2418 -0.5772
vn 0.4262 -0.2632 -0.8655
vn 0.7776 -0.1844 -0.6012
vn 0.4248 -0.1770 -0.8878
vn 0.7758 -0.1244 -0.6186
vn 0.4238 -0.0891 -0.9013
vn 0.7748 -0.0627 -0.6291
vn -0.0000 0.0643 -0.9979
vn -0.0000 0.1908 -0.9816
vn -0.0000 0.3119 -0.9501
vn -0.0000 0.4246 -0.9054
vn -0.0000 0.5269 -0.8500
vn -0.0000 0.5268 -0.8500
vn -0.0000 0.5269 -0.8499
vn -0.0000 0.6177 -0.7864
vn -0.0000 0.6178 -0.7864
vn -0.0000 0.6970 -0.7171
vn -0.0000 0.7650 -0.6441
vn -0.0000 0.7650 -0.6440
vn -0.0000 0.8225 -0.5688
vn -0.0000 0.8703 -0.4925
vn -0.0000 0.9094 -0.4159
vn -0.0000 0.9406 -0.3395
vn -0.0000 0.9647 -0.2634
vn -0.0000 0.9822 -0.1877
vn -0.0000 0.9937 -0.1125
vn -0.0000 0.9993 -0.0375
vn -0.0000 0.9993 0.0375
vn -0.0000 0.9937 0.1125
vn -0.0000 0.9822 0.1877
vn -0.0000 0.9647 0.2634
vn -0.0000 0.9406 0.3395
vn -0.0000 0.9094 0.4159
vn -0.0000 0.9094 0.4160
vn -0.0000 0.8703 0.4925
vn -0.0000 0.8225 0.5688
vn -0.0000 0.7650 0.6440
vn -0.0000 0.7650 0.6441
vn -0.0000 0.6970 0.7171
vn -0.0000 0.6177 0.7864
vn -0.0000 0.6178 0.7864
vn -0.0000 0.5269 0.8499
vn -0.0000 0.4246 0.9054
vn -0.0000 0.3119 0.9501
vn -0.0000 0.1908 0.9816
vn -0.0000 0.0643 0.9979
vn -0.0000 -0.0643 0.9979
vn -0.0000 -0.1908 0.9816
vn -0.0000 -0.3119 0.9501
vn -0.0000 -0.4246 0.9054
vn -0.0000 -0.5269 0.8500
vn -0.0000 -0.5268 0.8500
vn -0.0000 -0.5269 0.8499
vn -0.0000 -0.6177 0.7864
vn -0.0000 -0.6970 0.7171
vn -0.0000 -0.7650 0.6441
vn -0.0000 -0.7650 0.6440
vn -0.0000 -0.8225 0.5688
vn -0.0000 -0.8703 0.4925
vn -0.0000 -0.9094 0.4159
vn -0.0000 -0.9094 0.4160
vn -0.0000 -0.9406 0.3395
vn -0.0000 -0.9647 0.2634
vn -0.0000 -0.9822 0.1877
vn -0.0000 -0.9937 0.1125
vn -0.0000 -0.9993 0.0375
vn -0.0000 -0.9993 -0.0375
vn -0.0000 -0.9937 -0.1125
vn -0.0000 -0.9822 -0.1877
vn -0.0000 -0.9647 -0.2634
vn -0.0000 -0.9406 -0.3395
vn -0.0000 -0.9094 -0.4159
vn -0.0000 -0.8703 -0.4925
vn -0.0000 -0.8225 -0.5688
vn -0.0000 -0.7650 -0.6440
vn -0.0000 -0.6970 -0.7171
vn -0.0000 -0.6177 -0.7864
vn -0.0000 -0.5269 -0.8500
vn -0.0000 -0.5268 -0.8500
vn -0.0000 -0.5269 -0.8499
vn -0.0000 -0.4246 -0.9054
vn -0.0000 -0.3119 -0.9501
vn -0.0000 -0.1908 -0.9816
vn -0.0000 -0.0643 -0.9979
vn -0.0000 0.9521 -0.3059
vn -0.0000 0.9521 0.3059
vn 0.7067 0.0347 -0.7067
vn 0.7067 0.1038 -0.6999
vn 0.7067 0.1719 -0.6863
vn 0.7067 0.2384 -0.6662
vn 0.7067 0.3025 -0.6396
vn 0.7067 0.3638 -0.6069
vn 0.7067 0.4215 -0.5683
vn 0.7067 0.4752 -0.5243
vn 0.7067 0.5242 -0.4752
vn 0.7067 0.5243 -0.4752
vn 0.7067 0.5683 -0.4215
vn 0.7067 0.6069 -0.3637
vn 0.7067 0.6069 -0.3638
vn 0.7067 0.6396 -0.3025
vn 0.7067 0.6662 -0.2384
vn 0.7067 0.6864 -0.1719
vn 0.7067 0.6999 -0.1038
vn 0.7067 0.7067 -0.0347
vn 0.7067 0.7067 0.0347
vn 0.7067 0.6999 0.1038
vn 0.7067 0.6863 0.1719
vn 0.7067 0.6864 0.1719
vn 0.7067 0.6662 0.2384
vn 0.7067 0.6396 0.3025
vn 0.7067 0.6069 0.3637
vn 0.7067 0.5683 0.4215
vn 0.7067 0.5242 0.4752
vn 0.7067 0.4752 0.5243
vn 0.7067 0.4752 0.5242
vn 0.7067 0.4215 0.5683
vn 0.7067 0.3638 0.6069
vn 0.7067 0.3637 0.6069
vn 0.7067 0.3025 0.6396
vn 0.7067 0.2384 0.6662
vn 0.7067 0.1719 0.6863
vn 0.7067 0.1038 0.6999
vn 0.7067 0.0347 0.7067
vn 0.7067 -0.0347 0.7067
vn 0.7067 -0.1038 0.6999
vn 0.7067 -0.1039 0.6999
vn 0.7067 -0.1719 0.6863
vn 0.7067 -0.2384 0.6662
vn 0.7067 -0.3025 0.6396
vn 0.7067 -0.3637 0.6069
vn 0.7067 -0.4215 0.5683
vn 0.7067 -0.4752 0.5243
vn 0.7067 -0.5242 0.4752
vn 0.7067 -0.5243 0.4752
vn 0.7067 -0.5683 0.4215
vn 0.7067 -0.6069 0.3637
vn 0.7067 -0.6069 0.3638
vn 0.7067 -0.6396 0.3025
vn 0.7067 -0.6662 0.2384
vn 0.7067 -0.6863 0.1719
vn 0.7067 -0.6999 0.1038
vn 0.7067 -0.7067 0.0347
vn 0.7067 -0.7067 -0.0347
vn 0.7067 -0.6999 -0.1038
vn 0.7067 -0.6863 -0.1719
vn 0.7067 -0.6662 -0.2384
vn 0.7067 -0.6396 -0.3025
vn 0.7067 -0.6069 -0.3638
vn 0.7067 -0.5683 -0.4215
vn 0.7067 -0.5242 -0.4752
vn 0.7067 -0.5243 -0.4752
vn 0.7067 -0.4752 -0.5243
vn 0.7067 -0.4215 -0.5683
vn 0.7067 -0.3637 -0.6069
vn 0.7067 -0.3025 -0.6396
vn 0.7067 -0.2384 -0.6662
vn 0.7067 -0.1719 -0.6863
vn 0.7067 -0.1038 -0.6999
vn 0.7067 -0.0347 -0.7067
vn -0.7067 0.0347 -0.7067
vn -0.7067 0.1038 -0.6999
vn -0.7067 0.1720 -0.6863
vn -0.7067 0.1719 -0.6863
vn -0.7067 0.2383 -0.6662
vn -0.7067 0.2384 -0.6662
vn -0.7067 0.3025 -0.6396
vn -0.7067 0.3637 -0.6069
vn -0.7067 0.4215 -0.5683
vn -0.7067 0.4214 -0.5683
vn -0.7067 0.4751 -0.5242
vn -0.7067 0.4752 -0.5242
vn -0.7067 0.5242 -0.4751
vn -0.7067 0.5242 -0.4752
vn -0.7067 0.5243 -0.4751
vn -0.7067 0.5683 -0.4215
vn -0.7067 0.5682 -0.4215
vn -0.7067 0.6069 -0.3637
vn -0.7067 0.6396 -0.3025
vn -0.7067 0.6662 -0.2384
vn -0.7067 0.6863 -0.1719
vn -0.7067 0.6999 -0.1038
vn -0.7067 0.7067 -0.0347
vn -0.7067 0.7066 -0.0347
vn -0.7067 0.7067 0.0347
vn -0.7067 0.6999 0.1038
vn -0.7067 0.6863 0.1719
vn -0.7067 0.6864 0.1719
vn -0.7067 0.6662 0.2384
vn -0.7067 0.6396 0.3025
vn -0.7067 0.6068 0.3637
vn -0.7067 0.6068 0.3638
vn -0.7067 0.5683 0.4215
vn -0.7067 0.5243 0.4751
vn -0.7067 0.4751 0.5242
vn -0.7067 0.4215 0.5683
vn -0.7067 0.4214 0.5683
vn -0.7067 0.3637 0.6069
vn -0.7067 0.3638 0.6069
vn -0.7067 0.3025 0.6396
vn -0.7067 0.2383 0.6662
vn -0.7067 0.2384 0.6662
vn -0.7067 0.1720 0.6863
vn -0.7067 0.1719 0.6863
vn -0.7067 0.1038 0.6999
vn -0.7067 0.0347 0.7067
vn -0.7067 0.0348 0.7067
vn -0.7067 -0.0347 0.7067
vn -0.7067 -0.1038 0.6999
vn -0.7067 -0.1719 0.6863
vn -0.7067 -0.2383 0.6662
vn -0.7067 -0.3025 0.6396
vn -0.7067 -0.3638 0.6069
vn -0.7067 -0.3637 0.6069
vn -0.7067 -0.4215 0.5683
vn -0.7067 -0.4214 0.5683
vn -0.7067 -0.4752 0.5242
vn -0.7067 -0.4752 0.5243
vn -0.7067 -0.5243 0.4752
vn -0.7066 -0.5243 0.4751
vn -0.7067 -0.5242 0.4752
vn -0.7067 -0.5683 0.4215
vn -0.7067 -0.6069 0.3638
vn -0.7067 -0.6069 0.3637
vn -0.7067 -0.6068 0.3638
vn -0.7067 -0.6396 0.3025
vn -0.7067 -0.6662 0.2384
vn -0.7066 -0.6662 0.2384
vn -0.7067 -0.6863 0.1719
vn -0.7067 -0.6864 0.1719
vn -0.7067 -0.6999 0.1038
vn -0.7067 -0.7067 0.0347
vn -0.7067 -0.7067 -0.0347
vn -0.7067 -0.6999 -0.1038
vn -0.7067 -0.6998 -0.1038
vn -0.7067 -0.6863 -0.1719
vn -0.7067 -0.6662 -0.2384
vn -0.7066 -0.6662 -0.2384
vn -0.7067 -0.6396 -0.3025
vn -0.7066 -0.6396 -0.3025
vn -0.7067 -0.6068 -0.3638
vn -0.7067 -0.5683 -0.4215
vn -0.7067 -0.5243 -0.4751
vn -0.7066 -0.5243 -0.4751
vn -0.7067 -0.4752 -0.5242
vn -0.7066 -0.4752 -0.5242
vn -0.7067 -0.4751 -0.5243
vn -0.7067 -0.4215 -0.5683
vn -0.7067 -0.4214 -0.5683
vn -0.7067 -0.3637 -0.6069
vn -0.7067 -0.3638 -0.6069
vn -0.7067 -0.3025 -0.6396
vn -0.7067 -0.2384 -0.6662
vn -0.7067 -0.2383 -0.6662
vn -0.7067 -0.1719 -0.6863
vn -0.7067 -0.1720 -0.6863
vn -0.7067 -0.1038 -0.6999
vn -0.7067 -0.0347 -0.7067
vn 0.7067 0.0348 -0.7067
vn 0.7067 0.2383 -0.6662
vn 0.7067 0.3637 -0.6069
vn 0.7067 0.4751 -0.5243
vn 0.7067 0.4752 -0.5242
vn 0.7067 0.5243 -0.4751
vn 0.7067 0.6863 -0.1719
vn 0.7066 0.7067 -0.0347
vn 0.7066 0.7067 0.0347
vn 0.7067 0.6998 0.1038
vn 0.7066 0.6999 0.1038
vn 0.7066 0.6662 0.2384
vn 0.7067 0.6069 0.3638
vn 0.7067 0.6068 0.3638
vn -0.7067 0.6069 0.3637
vn 0.7067 0.5243 0.4752
vn -0.7067 0.5242 0.4751
vn 0.7067 0.4751 0.5243
vn -0.7067 0.4752 0.5242
vn 0.7067 0.3026 0.6396
vn 0.7067 0.2383 0.6662
vn 0.7067 0.1039 0.6999
vn 0.7067 -0.2383 0.6662
vn -0.7067 -0.2384 0.6662
vn 0.7067 -0.4751 0.5242
vn 0.7067 -0.4752 0.5242
vn -0.7067 -0.4751 0.5242
vn -0.7067 -0.5242 0.4751
vn 0.7067 -0.6661 0.2384
vn 0.7066 -0.7067 0.0347
vn 0.7067 -0.7066 0.0347
vn 0.7067 -0.6661 -0.2384
vn 0.7067 -0.6069 -0.3637
vn -0.7067 -0.6069 -0.3637
vn 0.7067 -0.5242 -0.4751
vn 0.7067 -0.5243 -0.4751
vn -0.7067 -0.5242 -0.4751
vn 0.7067 -0.4752 -0.5242
vn 0.7067 -0.4751 -0.5242
vn -0.7067 -0.4751 -0.5242
vn 0.7067 -0.3638 -0.6069
vn 0.7067 -0.2383 -0.6662
vn 0.7067 -0.1039 -0.6999
vn 0.7748 0.0757 -0.6277
vn 0.7747 0.0002 -0.6323
vn 0.7754 0.1497 -0.6135
vn 0.7769 0.2196 -0.5901
vn 0.7791 0.2841 -0.5589
vn 0.7819 0.3419 -0.5214
vn 0.7851 0.3926 -0.4790
vn 0.7886 0.4362 -0.4334
vn 0.7922 0.4730 -0.3856
vn 0.7958 0.5033 -0.3367
vn 0.7993 0.5278 -0.2875
vn 0.8024 0.5471 -0.2384
vn 0.8052 0.5619 -0.1897
vn 0.8074 0.5727 -0.1416
vn 0.8092 0.5800 -0.0941
vn 0.8104 0.5840 -0.0468
vn 0.8110 0.5851 -0.0002
vn 0.8107 0.5836 0.0467
vn 0.8099 0.5791 0.0937
vn 0.8085 0.5714 0.1411
vn 0.8065 0.5602 0.1890
vn 0.8040 0.5452 0.2374
vn 0.8011 0.5256 0.2862
vn 0.7979 0.5011 0.3351
vn 0.7944 0.4708 0.3837
vn 0.7909 0.4342 0.4313
vn 0.7873 0.3908 0.4769
vn 0.7840 0.3403 0.5193
vn 0.7809 0.2828 0.5570
vn 0.7784 0.2188 0.5885
vn 0.7764 0.1492 0.6123
vn 0.7752 0.0755 0.6272
vn 0.7747 -0.0003 0.6323
vn 0.7747 -0.0757 0.6277
vn 0.7754 -0.1497 0.6135
vn 0.7769 -0.2196 0.5901
vn 0.7791 -0.2840 0.5589
vn 0.7818 -0.3419 0.5214
vn 0.7851 -0.3926 0.4790
vn 0.7886 -0.4363 0.4334
vn 0.7922 -0.4730 0.3856
vn 0.7958 -0.5033 0.3367
vn 0.7992 -0.5278 0.2875
vn 0.8024 -0.5471 0.2384
vn 0.8051 -0.5619 0.1897
vn 0.8074 -0.5727 0.1416
vn 0.8092 -0.5800 0.0941
vn 0.8104 -0.5840 0.0468
vn 0.8110 -0.5851 0.0002
vn 0.8107 -0.5836 -0.0467
vn 0.8099 -0.5791 -0.0937
vn 0.8084 -0.5714 -0.1411
vn 0.8065 -0.5603 -0.1890
vn 0.8040 -0.5452 -0.2374
vn 0.8011 -0.5256 -0.2862
vn 0.7979 -0.5010 -0.3351
vn 0.7944 -0.4708 -0.3837
vn 0.7909 -0.4342 -0.4313
vn 0.7873 -0.3908 -0.4769
vn 0.7839 -0.3403 -0.5193
vn 0.7809 -0.2828 -0.5570
vn 0.7784 -0.2187 -0.5885
vn 0.7764 -0.1491 -0.6123
vn 0.7752 -0.0754 -0.6272
vn 0.7754 0.0796 -0.6264
vn 0.7747 0.0003 -0.6323
vn 0.7772 0.1575 -0.6092
vn 0.7795 0.2298 -0.5828
vn 0.7822 0.2955 -0.5485
vn 0.7854 0.3534 -0.5083
vn 0.7887 0.4033 -0.4639
vn 0.7923 0.4453 -0.4171
vn 0.7958 0.4801 -0.3690
vn 0.7992 0.5084 -0.3207
vn 0.8023 0.5310 -0.2727
vn 0.8051 0.5487 -0.2254
vn 0.8074 0.5623 -0.1789
vn 0.8091 0.5723 -0.1333
vn 0.8104 0.5792 -0.0884
vn 0.8108 0.5836 -0.0438
vn 0.8110 0.5850 -0.0002
vn 0.8110 0.5834 0.0440
vn 0.8104 0.5792 0.0884
vn 0.8092 0.5722 0.1333
vn 0.8074 0.5623 0.1789
vn 0.8051 0.5487 0.2254
vn 0.8023 0.5309 0.2727
vn 0.7992 0.5083 0.3207
vn 0.7959 0.4800 0.3690
vn 0.7923 0.4453 0.4171
vn 0.7888 0.4033 0.4639
vn 0.7854 0.3533 0.5083
vn 0.7822 0.2955 0.5485
vn 0.7795 0.2299 0.5827
vn 0.7773 0.1574 0.6092
vn 0.7756 0.0800 0.6261
vn 0.7754 -0.0796 0.6265
vn 0.7772 -0.1574 0.6092
vn 0.7794 -0.2299 0.5828
vn 0.7822 -0.2955 0.5485
vn 0.7853 -0.3534 0.5083
vn 0.7887 -0.4033 0.4639
vn 0.7923 -0.4454 0.4171
vn 0.7958 -0.4801 0.3690
vn 0.7992 -0.5084 0.3207
vn 0.8023 -0.5310 0.2727
vn 0.8050 -0.5488 0.2254
vn 0.8073 -0.5623 0.1790
vn 0.8091 -0.5723 0.1333
vn 0.8104 -0.5792 0.0884
vn 0.8108 -0.5836 0.0438
vn 0.8110 -0.5834 -0.0440
vn 0.8104 -0.5792 -0.0884
vn 0.8091 -0.5723 -0.1333
vn 0.8073 -0.5623 -0.1790
vn 0.8051 -0.5487 -0.2254
vn 0.8023 -0.5310 -0.2727
vn 0.7992 -0.5084 -0.3207
vn 0.7958 -0.4801 -0.3690
vn 0.7923 -0.4453 -0.4171
vn 0.7888 -0.4032 -0.4640
vn 0.7853 -0.3534 -0.5083
vn 0.7822 -0.2956 -0.5485
vn 0.7794 -0.2299 -0.5828
vn 0.7772 -0.1574 -0.6092
vn 0.7756 -0.0800 -0.6261
vn -0.0000 0.0642 -0.9979
vn -0.0000 0.5268 0.8500
vn -0.0000 0.9700 -0.2430
vn -0.0000 0.9700 0.2430
vn 0.9756 -0.0569 0.2122
vn 0.9768 -0.0000 0.2143
vn 0.9793 -0.0000 0.2025
vn 0.9800 0.0019 0.1988
vn -0.0003 1.0000 0.0008
vn -0.0002 1.0000 0.0008
vn -0.0009 1.0000 0.0011
vn -0.0012 1.0000 0.0012
vn -0.0095 0.4573 0.8893
vn -0.0095 0.4574 0.8892
vn -0.0096 0.4573 0.8893
vn -0.0096 0.4572 0.8893
vn 0.0096 0.5525 -0.8334
vn 0.0090 0.5533 -0.8329
vn 0.0092 0.5531 -0.8331
vn 0.0097 0.5523 -0.8336
vn -0.9801 -0.0021 -0.1987
vn -0.9748 0.0642 -0.2138
vn 0.9756 0.0569 0.2122
vn 0.9800 -0.0019 0.1988
vn -0.0004 -1.0000 0.0009
vn -0.0012 -1.0000 0.0012
vn -0.0010 -1.0000 0.0012
vn -0.0002 -1.0000 0.0008
vn -0.0095 -0.4573 0.8893
vn -0.0096 -0.4572 0.8893
vn -0.0096 -0.4573 0.8893
vn -0.0095 -0.4574 0.8892
vn 0.0097 -0.5524 -0.8335
vn 0.0097 -0.5523 -0.8336
vn 0.0092 -0.5531 -0.8331
vn 0.0090 -0.5533 -0.8329
vn -0.9748 -0.0642 -0.2138
vn -0.9801 0.0021 -0.1987
vn -0.0095 0.4573 0.8892
vn 0.9800 -0.0020 0.1988
vn -0.0009 -1.0000 0.0011
vn 0.0096 -0.5525 -0.8334
vn 0.0097 0.5524 -0.8335
vn -0.0003 -1.0000 0.0008
vn 0.0091 -0.5532 -0.8330
vn 0.0092 -0.5532 -0.8330
vn 0.9800 0.0020 0.1988
vn 0.0092 -0.5530 -0.8331
vn -0.0004 1.0000 0.0009
vn -0.0095 -0.4573 0.8892
vn 0.0092 0.5530 -0.8331
vn -0.9801 -0.0022 -0.1987
vn -0.9801 0.0022 -0.1987
vn -0.0096 0.4573 0.8892
vn 0.0093 0.5530 -0.8332
vn -0.0096 -0.4573 0.8892
vn -0.0005 1.0000 0.0009
vn 0.0096 0.5525 -0.8335
vn 0.0096 -0.5525 -0.8335
vn -0.0000 0.9677 0.2521
vn -0.0000 0.9677 0.2520
vn -0.9995 0.0305 -0.0000
vn -0.9997 0.0245 0.0024
vn -0.9998 0.0170 0.0066
vn -0.0000 0.9732 0.2298
vn -0.0000 1.0000 0.0099
vn -0.0000 0.6913 0.7226
vn 0.0003 0.0117 0.9999
vn 0.0003 -0.0000 1.0000
vn -0.0000 0.8729 0.4878
vn -0.0000 0.7404 0.6722
vn -0.0000 0.9677 -0.2521
vn -0.9997 0.0240 -0.0031
vn -0.9999 0.0143 -0.0063
vn -0.0000 1.0000 0.0016
vn -0.0000 1.0000 0.0021
vn -0.0000 0.8729 -0.4878
vn -0.0000 1.0000 0.0042
vn 0.8221 0.2472 -0.5129
vn 0.8360 0.1691 -0.5221
vn 0.7248 0.4859 -0.4885
vn 0.7499 0.4630 -0.4725
vn 0.8562 -0.0000 -0.5167
vn -0.9999 -0.0000 0.0107
vn -0.9999 0.0047 0.0095
vn -0.9999 0.0044 0.0091
vn -1.0000 0.0046 -0.0087
vn -0.9999 -0.0000 -0.0103
vn -0.9999 0.0055 -0.0093
vn 0.7995 0.3047 -0.5176
vn -0.0000 0.9718 -0.2360
vn 0.8185 0.2953 -0.4928
vn 0.7620 0.4579 -0.4579
vn 0.8236 0.2754 -0.4959
vn -0.0000 -1.0000 0.0004
vn -0.0000 -1.0000 0.0001
vn -0.0000 -1.0000 0.0009
vn -0.0000 -1.0000 0.0010
vn -0.0000 -0.9482 0.3176
vn -0.0000 -0.6712 0.7412
vn -0.0000 -0.3103 -0.9506
vn -0.0000 -0.3103 -0.9507
vn -0.0000 -0.8905 -0.4550
vn -0.0000 -0.9677 0.2521
vn -0.0000 -0.9677 0.2520
vn -0.9995 -0.0305 -0.0000
vn -0.9998 -0.0170 0.0066
vn -0.9997 -0.0245 0.0024
vn -0.0000 -0.9732 0.2298
vn -0.0000 -1.0000 0.0099
vn -0.0000 -0.6913 0.7226
vn 0.0003 -0.0117 0.9999
vn -0.0000 -0.8729 0.4878
vn -0.0000 -0.7404 0.6722
vn -0.0000 -0.9677 -0.2521
vn -0.9997 -0.0240 -0.0031
vn -0.9999 -0.0143 -0.0063
vn -0.0000 -1.0000 0.0016
vn -0.0000 -1.0000 0.0021
vn -0.0000 -0.8729 -0.4878
vn -0.0000 -1.0000 0.0042
vn 0.8221 -0.2472 -0.5129
vn 0.7499 -0.4630 -0.4725
vn 0.7248 -0.4859 -0.4885
vn 0.8360 -0.1691 -0.5221
vn -0.9999 -0.0044 0.0091
vn -0.9999 -0.0047 0.0095
vn -1.0000 -0.0046 -0.0087
vn -0.9999 -0.0055 -0.0093
vn 0.7995 -0.3047 -0.5176
vn -0.0000 -0.9718 -0.2360
vn 0.8185 -0.2953 -0.4928
vn 0.8236 -0.2754 -0.4959
vn 0.7620 -0.4579 -0.4579
vn -0.0000 1.0000 -0.0001
vn -0.0000 1.0000 0.0004
vn -0.0000 1.0000 0.0009
vn -0.0000 1.0000 0.0010
vn -0.0000 0.9482 0.3176
vn -0.0000 0.6712 0.7412
vn -0.0000 0.3103 -0.9506
vn -0.0000 0.3103 -0.9507
vn -0.0000 0.8905 -0.4550
vn -0.0980 -0.0000 -0.9952
vn -0.1951 -0.0000 -0.9808
vn -0.2903 -0.0000 -0.9569
vn -0.3827 -0.0000 -0.9239
vn -0.4714 -0.0000 -0.8819
vn -0.5556 -0.0000 -0.8315
vn -0.6344 -0.0000 -0.7730
vn -0.7071 -0.0000 -0.7071
vn -0.7730 -0.0000 -0.6344
vn -0.8315 -0.0000 -0.5556
vn -0.8819 -0.0000 -0.4714
vn -0.9239 -0.0000 -0.3827
vn -0.9569 -0.0000 -0.2903
vn -0.9808 -0.0000 -0.1950
vn -0.9952 -0.0000 -0.0980
vn -0.9952 -0.0000 0.0980
vn -0.9808 -0.0000 0.1950
vn -0.9569 -0.0000 0.2903
vn -0.9239 -0.0000 0.3827
vn -0.8819 -0.0000 0.4714
vn -0.8315 -0.0000 0.5556
vn -0.7730 -0.0000 0.6344
vn -0.7071 -0.0000 0.7071
vn -0.6344 -0.0000 0.7730
vn -0.5556 -0.0000 0.8315
vn -0.4714 -0.0000 0.8819
vn -0.3827 -0.0000 0.9239
vn -0.2903 -0.0000 0.9569
vn -0.1951 -0.0000 0.9808
vn -0.0980 -0.0000 0.9952
vn 0.0980 -0.0000 0.9952
vn 0.1951 -0.0000 0.9808
vn 0.2903 -0.0000 0.9569
vn 0.3827 -0.0000 0.9239
vn 0.4714 -0.0000 0.8819
vn 0.5556 -0.0000 0.8315
vn 0.6344 -0.0000 0.7730
vn 0.7071 -0.0000 0.7071
vn 0.7730 -0.0000 0.6344
vn 0.8315 -0.0000 0.5556
vn 0.8819 -0.0000 0.4714
vn 0.9239 -0.0000 0.3827
vn 0.9569 -0.0000 0.2903
vn 0.9808 -0.0000 0.1950
vn 0.9952 -0.0000 0.0980
vn 0.9952 -0.0000 -0.0980
vn 0.9808 -0.0000 -0.1950
vn 0.9569 -0.0000 -0.2903
vn 0.9239 -0.0000 -0.3827
vn 0.8819 -0.0000 -0.4714
vn 0.8315 -0.0000 -0.5556
vn 0.7730 -0.0000 -0.6344
vn 0.7071 -0.0000 -0.7071
vn 0.6344 -0.0000 -0.7730
vn 0.5556 -0.0000 -0.8315
vn 0.4714 -0.0000 -0.8819
vn 0.3827 -0.0000 -0.9239
vn 0.2903 -0.0000 -0.9569
vn 0.1951 -0.0000 -0.9808
vn 0.0980 -0.0000 -0.9952
vn -0.0000 -1.0000 -0.0001
vn -0.0000 1.0000 0.0001
vn 0.0032 -0.0000 1.0000
vn -0.0000 0.3201 0.9474
vn 0.0031 0.3231 0.9463
vn 0.0064 -0.0000 1.0000
vn -0.0000 0.7497 0.6618
vn -0.0000 0.9353 0.3538
vn -0.0000 0.9353 0.3537
vn -0.0000 0.2456 -0.9694
vn -0.0000 0.7390 -0.6737
vn -0.0000 0.9797 -0.2005
vn 0.9275 -0.0000 0.3737
vn 0.9059 0.1289 0.4033
vn 0.9284 0.1951 0.3162
vn 0.9490 -0.0000 0.3153
vn 0.9214 0.3662 0.1301
vn 0.9224 0.3587 0.1429
vn 0.9061 0.4230 -0.0000
vn 0.9196 0.3737 -0.1211
vn 0.9034 0.4217 -0.0776
vn 0.9518 0.1261 -0.2796
vn 0.9339 0.2499 -0.2558
vn 0.9492 0.0672 -0.3075
vn -0.9514 -0.0000 -0.3078
vn -0.9515 -0.0000 -0.3076
vn -0.9461 0.1709 -0.2751
vn -0.9489 0.0679 -0.3080
vn -0.8804 0.4119 -0.2350
vn -0.9148 0.3920 -0.0969
vn -0.9442 0.2438 -0.2215
vn -0.9058 0.4237 -0.0000
vn -0.9216 0.3665 0.1281
vn -0.9216 0.3610 0.1428
vn -0.9307 0.1717 0.3230
vn -0.9182 0.2250 0.3261
vn -0.9488 -0.0000 0.3159
vn -0.9326 -0.0000 0.3608
vn 0.9515 -0.0000 -0.3076
vn 0.9516 -0.0000 -0.3075
vn 0.0031 -0.3231 0.9463
vn -0.0000 -0.3201 0.9474
vn -0.0000 -0.7497 0.6618
vn -0.0000 -0.9353 0.3537
vn -0.0000 -0.9353 0.3538
vn -0.0000 -0.2456 -0.9694
vn -0.0000 -0.7390 -0.6737
vn -0.0000 -0.9797 -0.2005
vn 0.9284 -0.1951 0.3162
vn 0.9059 -0.1289 0.4033
vn 0.9224 -0.3587 0.1429
vn 0.9214 -0.3662 0.1301
vn 0.9061 -0.4230 -0.0000
vn 0.9034 -0.4217 -0.0776
vn 0.9196 -0.3737 -0.1211
vn 0.9339 -0.2499 -0.2558
vn 0.9518 -0.1261 -0.2796
vn 0.9492 -0.0672 -0.3075
vn -0.9489 -0.0679 -0.3080
vn -0.9461 -0.1709 -0.2751
vn -0.9442 -0.2438 -0.2215
vn -0.9148 -0.3920 -0.0969
vn -0.8804 -0.4119 -0.2350
vn -0.9058 -0.4237 -0.0000
vn -0.9216 -0.3610 0.1428
vn -0.9216 -0.3665 0.1281
vn -0.9182 -0.2250 0.3261
vn -0.9307 -0.1717 0.3230
vn -0.9326 -0.0000 0.3609
vn 0.9516 -0.0000 -0.3074
vn -0.9216 0.3609 0.1428
vn -0.9216 -0.3609 0.1428
vn -0.6930 0.7067 -0.1425
vn -0.5602 -0.0000 -0.8283
vn -0.7674 0.5096 -0.3891
vn -0.5739 -0.0111 0.8189
vn -0.5994 0.0012 0.8005
vn -0.5676 0.5647 0.5992
vn -0.5720 0.5614 0.5980
vn -0.5674 0.8234 -0.0002
vn -0.5673 0.8235 -0.0000
vn -0.5758 0.8176 -0.0005
vn -0.5755 0.8178 -0.0010
vn -0.6930 -0.7067 -0.1425
vn -0.7674 -0.5096 -0.3891
vn -0.5729 0.0091 0.8195
vn -0.5722 -0.5617 0.5976
vn -0.5678 -0.5642 0.5994
vn -0.5757 -0.8177 -0.0003
vn -0.5673 -0.8235 -0.0000
vn -0.5674 -0.8234 -0.0002
vn -0.5756 -0.8177 -0.0008
vn 0.5982 -0.0000 0.8013
vn 0.5719 -0.0088 0.8203
vn 0.5716 0.5628 0.5971
vn 0.5671 0.5640 0.6002
vn 0.5673 0.8235 -0.0014
vn 0.7659 0.5077 -0.3945
vn 0.5418 -0.0000 -0.8405
vn 0.5853 0.8108 -0.0007
vn 0.5853 0.8108 -0.0013
vn 0.5719 0.0088 0.8203
vn 0.5674 -0.5649 0.5992
vn 0.5718 -0.5617 0.5979
vn 0.5673 -0.8235 -0.0014
vn 0.7659 -0.5077 -0.3945
vn 0.5855 -0.8107 -0.0003
vn 0.5852 -0.8109 -0.0010
vn -0.6587 0.7470 -0.0901
vn -0.5468 -0.0000 -0.8373
vn -0.7600 0.5423 -0.3582
vn -0.5679 -0.0196 0.8229
vn -0.5987 0.0023 0.8010
vn -0.5673 0.5639 0.6002
vn -0.5725 0.5606 0.5983
vn -0.6587 -0.7470 -0.0900
vn -0.7601 -0.5423 -0.3582
vn -0.5712 0.0148 0.8207
vn -0.5716 -0.5619 0.5980
vn -0.5664 -0.5635 0.6014
vn 0.6000 -0.0000 0.8000
vn 0.5725 -0.0131 0.8198
vn 0.5713 0.5622 0.5979
vn 0.5664 0.5634 0.6014
vn 0.5674 0.8234 -0.0020
vn 0.7612 0.5401 -0.3589
vn 0.5610 -0.0000 -0.8278
vn 0.5725 0.0131 0.8198
vn 0.5676 -0.5640 0.5998
vn 0.5725 -0.5606 0.5983
vn 0.5674 -0.8234 -0.0020
vn 0.7612 -0.5401 -0.3589
vt 0.286602 0.000000
vt 0.286602 0.250000
vt 0.000000 0.250000
vt 0.000000 0.000000
vt 0.286602 0.500933
vt 0.000000 0.500000
vt 0.000000 0.750000
vt 0.286602 0.750000
vt 0.286602 0.759633
vt 0.000000 0.759633
vt 0.070565 0.500000
vt 0.070565 1.000000
vt 0.000000 1.000000
vt 0.250000 0.500000
vt 0.498134 0.500000
vt 0.498134 1.000000
vt 0.250000 1.000000
vt 0.500000 0.500000
vt 0.750000 0.500000
vt 0.750000 1.000000
vt 0.500000 1.000000
vt 1.000000 0.500000
vt 1.000000 1.000000
vt 1.000000 0.000000
vt 1.000000 0.250000
vt 0.789846 0.250000
vt 0.789846 0.000000
vt 0.789846 0.500933
vt 1.000000 0.750000
vt 1.000000 0.759633
vt 0.789846 0.759633
vt 0.789846 0.750000
vt 0.610318 0.000000
vt 0.789846 0.764478
vt 0.610318 0.764478
vt 0.610318 0.759633
vt 0.240367 0.500000
vt 0.240367 1.000000
vt 1.000000 0.764478
vt 0.789846 0.755087
vt -0.544753 0.754274
vt -1.347922 0.748277
vt 0.789846 0.755087
vt 0.172855 0.759633
vt 0.240367 0.764065
vt 0.240367 0.764065
vt 0.240367 1.000000
vt 0.261455 0.662937
vt 0.789846 0.500000
vt 0.789846 0.752955
vt 0.249795 0.752569
vt 0.099046 0.749443
vt 0.590471 0.759633
vt 0.240367 0.653380
vt 0.632533 0.709208
vt 0.286602 1.000000
vt 0.362856 0.681429
vt 0.000000 0.929435
vt 0.610318 1.000000
vt 0.456870 1.000000
vt 0.789846 1.000000
vt 0.093691 0.500000
vt 0.093691 1.000000
vt 0.088973 1.000000
vt 0.088973 0.500000
vt 0.610318 0.929435
vt 0.789846 0.929435
vt 0.999994 1.000000
vt 0.999996 0.929435
vt 0.000000 0.906309
vt 0.000000 0.911027
vt 0.073338 0.500000
vt 0.073338 1.000000
vt 0.789846 0.912778
vt 0.610318 0.912778
vt 0.610318 0.911027
vt 0.789846 0.911027
vt 0.999996 0.912778
vt 0.999996 0.911027
vt 0.000000 0.926662
vt 0.087222 1.000000
vt 0.087222 0.500000
vt 0.286602 0.926662
vt 0.286602 0.929435
vt 0.789846 0.926662
vt 0.999996 0.926662
vt 0.000000 0.912778
vt 0.610318 0.250000
vt 0.610318 0.500933
vt 0.610318 0.750000
vt 0.286602 0.906309
vt 0.286602 0.911027
vt 0.531169 0.765586
vt 0.000000 0.920231
vt 0.000000 0.918030
vt 0.286602 0.918030
vt 0.286602 0.920231
vt 0.610318 0.920231
vt 0.610318 0.923339
vt 0.286602 0.923339
vt 1.000000 0.500933
vt 0.651145 0.686894
vt -1.349624 0.751426
vt -1.946835 0.747794
vt 0.166632 0.579645
vt 0.240367 0.500000
vt 0.360619 0.554712
vt 0.113422 0.637120
vt -0.918652 0.754047
vt 0.286602 0.764478
vt 0.286602 0.764478
vt 0.610318 0.906309
vt 0.610318 0.918030
vt 0.772700 0.886352
vt 0.789846 0.920231
vt 0.789846 0.923339
vt 0.000000 0.764478
vt 0.789846 0.912778
vt 0.765625 0.000000
vt 0.765625 0.048763
vt 0.750000 0.048763
vt 0.750000 0.000000
vt 0.781250 0.000000
vt 0.781250 0.048763
vt 0.796875 0.000000
vt 0.796875 0.048763
vt 0.812500 0.000000
vt 0.812500 0.048763
vt 0.828125 0.000000
vt 0.828125 0.048763
vt 0.843750 0.000000
vt 0.843750 0.048763
vt 0.859375 0.000000
vt 0.859375 0.048763
vt 0.875000 0.000000
vt 0.875000 0.048763
vt 0.890625 0.000000
vt 0.890625 0.048763
vt 0.906250 0.000000
vt 0.906250 0.048763
vt 0.921875 0.000000
vt 0.921875 0.048763
vt 0.937500 0.000000
vt 0.937500 0.048763
vt 0.953125 0.000000
vt 0.953125 0.048763
vt 0.968750 0.000000
vt 0.968750 0.048763
vt 0.984375 0.000000
vt 0.984375 0.048763
vt 1.000000 0.048763
vt 0.015625 0.000000
vt 0.015625 0.048763
vt 0.000000 0.048763
vt 0.000000 0.000000
vt 0.031250 0.000000
vt 0.031250 0.048763
vt 0.046875 0.000000
vt 0.046875 0.048763
vt 0.062500 0.000000
vt 0.062500 0.048763
vt 0.078125 0.000000
vt 0.078125 0.048763
vt 0.093750 0.000000
vt 0.093750 0.048763
vt 0.109375 0.000000
vt 0.109375 0.048763
vt 0.125000 0.000000
vt 0.125000 0.048763
vt 0.140625 0.000000
vt 0.140625 0.048763
vt 0.156250 0.000000
vt 0.156250 0.048763
vt 0.171875 0.000000
vt 0.171875 0.048763
vt 0.187500 0.000000
vt 0.187500 0.048763
vt 0.203125 0.000000
vt 0.203125 0.048763
vt 0.218750 0.000000
vt 0.218750 0.048763
vt 0.234375 0.000000
vt 0.234375 0.048763
vt 0.250000 0.000000
vt 0.250000 0.048763
vt 0.265625 0.000000
vt 0.265625 0.048763
vt 0.281250 0.000000
vt 0.281250 0.048763
vt 0.296875 0.000000
vt 0.296875 0.048763
vt 0.312500 0.000000
vt 0.312500 0.048763
vt 0.328125 0.000000
vt 0.328125 0.048763
vt 0.343750 0.000000
vt 0.343750 0.048763
vt 0.359375 0.000000
vt 0.359375 0.048763
vt 0.375000 0.000000
vt 0.375000 0.048763
vt 0.390625 0.000000
vt 0.390625 0.048763
vt 0.406250 0.000000
vt 0.406250 0.048763
vt 0.421875 0.000000
vt 0.421875 0.048763
vt 0.437500 0.000000
vt 0.437500 0.048763
vt 0.453125 0.000000
vt 0.453125 0.048763
vt 0.468750 0.000000
vt 0.468750 0.048763
vt 0.484375 0.000000
vt 0.484375 0.048763
vt 0.500000 0.000000
vt 0.500000 0.048763
vt 0.515625 0.000000
vt 0.515625 0.048763
vt 0.531250 0.000000
vt 0.531250 0.048763
vt 0.546875 0.000000
vt 0.546875 0.048763
vt 0.562500 0.000000
vt 0.562500 0.048763
vt 0.578125 0.000000
vt 0.578125 0.048763
vt 0.593750 0.000000
vt 0.593750 0.048763
vt 0.609375 0.000000
vt 0.609375 0.048763
vt 0.625000 0.000000
vt 0.625000 0.048763
vt 0.640625 0.000000
vt 0.640625 0.048763
vt 0.656250 0.000000
vt 0.656250 0.048763
vt 0.671875 0.000000
vt 0.671875 0.048763
vt 0.687500 0.000000
vt 0.687500 0.048763
vt 0.703125 0.000000
vt 0.703125 0.048763
vt 0.718750 0.000000
vt 0.718750 0.048763
vt 0.734374 0.000000
vt 0.734374 0.048763
vt 0.597547 0.990392
vt 0.645144 0.978470
vt 0.691343 0.961939
vt 0.735700 0.940960
vt 0.777786 0.915734
vt 0.817197 0.886505
vt 0.853554 0.853553
vt 0.886506 0.817196
vt 0.915735 0.777784
vt 0.940961 0.735698
vt 0.961940 0.691341
vt 0.978470 0.645142
vt 0.990393 0.597545
vt 0.997592 0.549008
vt 1.000000 0.500000
vt 0.997592 0.450991
vt 0.990393 0.402455
vt 0.978470 0.354858
vt 0.961940 0.308658
vt 0.940961 0.264302
vt 0.915735 0.222215
vt 0.886506 0.182804
vt 0.853554 0.146447
vt 0.817197 0.113495
vt 0.777786 0.084265
vt 0.735699 0.059040
vt 0.691342 0.038060
vt 0.645143 0.021530
vt 0.597546 0.009607
vt 0.549009 0.002408
vt 0.500000 0.000000
vt 0.450992 0.002408
vt 0.402455 0.009607
vt 0.354858 0.021530
vt 0.308659 0.038060
vt 0.264302 0.059039
vt 0.222215 0.084265
vt 0.182804 0.113495
vt 0.146447 0.146446
vt 0.113495 0.182803
vt 0.084265 0.222215
vt 0.059039 0.264301
vt 0.038060 0.308658
vt 0.021530 0.354858
vt 0.009607 0.402455
vt 0.002408 0.450991
vt 0.000000 0.500000
vt 0.002408 0.549008
vt 0.009607 0.597545
vt 0.021530 0.645142
vt 0.038060 0.691342
vt 0.059039 0.735698
vt 0.084265 0.777785
vt 0.113495 0.817197
vt 0.146447 0.853553
vt 0.182803 0.886505
vt 0.222215 0.915735
vt 0.264302 0.940961
vt 0.308658 0.961940
vt 0.354858 0.978470
vt 0.402455 0.990393
vt 0.450991 0.997592
vt 0.500000 1.000000
vt 0.549010 0.997592
vt 0.765625 0.991989
vt 0.750000 0.991989
vt 0.750000 0.990879
vt 0.765625 0.990879
vt 0.781250 0.991989
vt 0.781250 0.990879
vt 0.796875 0.991989
vt 0.796875 0.990879
vt 0.812500 0.991989
vt 0.812500 0.990879
vt 0.828125 0.991989
vt 0.828125 0.990879
vt 0.843750 0.991989
vt 0.843750 0.990879
vt 0.859375 0.991989
vt 0.859375 0.990879
vt 0.875000 0.991989
vt 0.875000 0.990879
vt 0.890625 0.991989
vt 0.890625 0.990879
vt 0.906250 0.991989
vt 0.906250 0.990879
vt 0.921875 0.991989
vt 0.921875 0.990879
vt 0.937500 0.991989
vt 0.937500 0.990879
vt 0.953125 0.991989
vt 0.953125 0.990879
vt 0.968750 0.991989
vt 0.968750 0.990879
vt 0.984375 0.991989
vt 0.984375 0.990879
vt 1.000000 0.991989
vt 1.000000 0.990879
vt 0.015625 0.991989
vt 0.000000 0.991989
vt 0.000000 0.990879
vt 0.015625 0.990879
vt 0.031250 0.990879
vt 0.031250 0.991989
vt 0.046875 0.990879
vt 0.046875 0.991989
vt 0.062500 0.990879
vt 0.062500 0.991989
vt 0.078125 0.990879
vt 0.078125 0.991989
vt 0.093750 0.990879
vt 0.093750 0.991989
vt 0.109375 0.990879
vt 0.109375 0.991989
vt 0.125000 0.990879
vt 0.125000 0.991989
vt 0.140625 0.990879
vt 0.140625 0.991989
vt 0.156250 0.990879
vt 0.156250 0.991989
vt 0.171875 0.990879
vt 0.171875 0.991989
vt 0.187500 0.990879
vt 0.187500 0.991989
vt 0.203125 0.990879
vt 0.203125 0.991989
vt 0.218750 0.990879
vt 0.218750 0.991989
vt 0.234375 0.990879
vt 0.234375 0.991989
vt 0.250000 0.991989
vt 0.250000 0.990879
vt 0.265625 0.991989
vt 0.265625 0.990879
vt 0.281250 0.991989
vt 0.281250 0.990879
vt 0.296875 0.991989
vt 0.296875 0.990879
vt 0.312500 0.991989
vt 0.312500 0.990879
vt 0.328125 0.991989
vt 0.328125 0.990879
vt 0.343750 0.991989
vt 0.343750 0.990879
vt 0.359375 0.991989
vt 0.359375 0.990879
vt 0.375000 0.991989
vt 0.375000 0.990879
vt 0.390625 0.991989
vt 0.390625 0.990879
vt 0.406250 0.991989
vt 0.406250 0.990879
vt 0.421875 0.991989
vt 0.421875 0.990879
vt 0.437500 0.991989
vt 0.437500 0.990879
vt 0.453125 0.991989
vt 0.453125 0.990879
vt 0.468750 0.991989
vt 0.468750 0.990879
vt 0.484375 0.991989
vt 0.484375 0.990879
vt 0.500000 0.991989
vt 0.500000 0.990879
vt 0.515625 0.991989
vt 0.515625 0.990879
vt 0.531250 0.990879
vt 0.531250 0.991989
vt 0.546875 0.990879
vt 0.546875 0.991989
vt 0.562500 0.990879
vt 0.562500 0.991989
vt 0.578125 0.990879
vt 0.578125 0.991989
vt 0.593750 0.990879
vt 0.593750 0.991989
vt 0.609375 0.990879
vt 0.609375 0.991989
vt 0.625000 0.990879
vt 0.625000 0.991989
vt 0.640625 0.990879
vt 0.640625 0.991989
vt 0.656250 0.990879
vt 0.656250 0.991989
vt 0.671875 0.990879
vt 0.671875 0.991989
vt 0.687500 0.990879
vt 0.687500 0.991989
vt 0.703125 0.990879
vt 0.703125 0.991989
vt 0.718750 0.990879
vt 0.718750 0.991989
vt 0.734374 0.990879
vt 0.734374 0.991989
vt 0.765625 1.000000
vt 0.752824 0.999902
vt 0.739829 1.000000
vt 0.750000 1.000000
vt 0.781250 1.000000
vt 0.765839 0.999609
vt 0.796875 1.000000
vt 0.778891 0.999124
vt 0.812500 1.000000
vt 0.792001 0.998451
vt 0.828125 1.000000
vt 0.805186 0.997598
vt 0.843750 1.000000
vt 0.818463 0.996572
vt 0.859375 1.000000
vt 0.831849 0.995382
vt 0.875000 1.000000
vt 0.845359 0.994042
vt 0.890625 1.000000
vt 0.859007 0.992563
vt 0.906250 1.000000
vt 0.872807 0.990959
vt 0.921875 1.000000
vt 0.886770 0.989247
vt 0.937500 1.000000
vt 0.900906 0.987442
vt 0.953125 1.000000
vt 0.915223 0.985563
vt 0.968750 1.000000
vt 0.929727 0.983626
vt 0.984375 1.000000
vt 0.944423 0.981651
vt 1.000000 1.000000
vt 0.959315 0.979657
vt 0.015625 1.000000
vt 0.015087 0.977663
vt 0.000000 0.979657
vt 0.000000 1.000000
vt 0.031250 1.000000
vt 0.030370 0.975689
vt 0.046875 1.000000
vt 0.045844 0.973752
vt 0.062500 1.000000
vt 0.061506 0.971873
vt 0.078125 1.000000
vt 0.077349 0.970068
vt 0.093750 1.000000
vt 0.093364 0.968356
vt 0.109375 1.000000
vt 0.109543 0.966752
vt 0.125000 1.000000
vt 0.125873 0.965273
vt 0.140625 1.000000
vt 0.142341 0.963932
vt 0.156250 1.000000
vt 0.158934 0.962743
vt 0.171875 1.000000
vt 0.175636 0.961717
vt 0.187500 1.000000
vt 0.192429 0.960863
vt 0.203125 1.000000
vt 0.209298 0.960191
vt 0.218750 1.000000
vt 0.226224 0.959706
vt 0.234375 1.000000
vt 0.243188 0.959413
vt 0.250000 1.000000
vt 0.260171 0.959315
vt 0.265625 1.000000
vt 0.277155 0.959413
vt 0.281250 1.000000
vt 0.294119 0.959706
vt 0.296875 1.000000
vt 0.311045 0.960191
vt 0.312500 1.000000
vt 0.327913 0.960863
vt 0.328125 1.000000
vt 0.344707 0.961717
vt 0.343750 1.000000
vt 0.361409 0.962743
vt 0.359375 1.000000
vt 0.378002 0.963932
vt 0.375000 1.000000
vt 0.394470 0.965273
vt 0.390625 1.000000
vt 0.410800 0.966752
vt 0.406250 1.000000
vt 0.426979 0.968356
vt 0.421875 1.000000
vt 0.442994 0.970068
vt 0.437500 1.000000
vt 0.458837 0.971873
vt 0.453125 1.000000
vt 0.474499 0.973752
vt 0.468750 1.000000
vt 0.489973 0.975689
vt 0.484375 1.000000
vt 0.505255 0.977663
vt 0.500000 1.000000
vt 0.520343 0.979657
vt 0.515625 1.000000
vt 0.535234 0.981651
vt 0.531250 1.000000
vt 0.549930 0.983626
vt 0.546875 1.000000
vt 0.564434 0.985563
vt 0.562500 1.000000
vt 0.578751 0.987442
vt 0.578125 1.000000
vt 0.592887 0.989247
vt 0.593750 1.000000
vt 0.606850 0.990959
vt 0.609375 1.000000
vt 0.620650 0.992563
vt 0.625000 1.000000
vt 0.634298 0.994042
vt 0.640625 1.000000
vt 0.647809 0.995382
vt 0.656250 1.000000
vt 0.661194 0.996572
vt 0.671875 1.000000
vt 0.674471 0.997598
vt 0.687500 1.000000
vt 0.687656 0.998451
vt 0.703125 1.000000
vt 0.700766 0.999124
vt 0.718750 1.000000
vt 0.713818 0.999609
vt 0.734374 1.000000
vt 0.726833 0.999902
vt 0.765625 0.987529
vt 0.750000 0.987529
vt 0.750000 0.950344
vt 0.765625 0.950344
vt 0.781250 0.987529
vt 0.781250 0.950344
vt 0.796875 0.987529
vt 0.796875 0.950344
vt 0.812500 0.987529
vt 0.812500 0.950344
vt 0.828125 0.987529
vt 0.828125 0.950344
vt 0.843750 0.987529
vt 0.843750 0.950344
vt 0.859375 0.987529
vt 0.859375 0.950344
vt 0.875000 0.987529
vt 0.875000 0.950344
vt 0.890625 0.987529
vt 0.890625 0.950344
vt 0.906250 0.987529
vt 0.906250 0.950344
vt 0.921875 0.987529
vt 0.921875 0.950344
vt 0.937500 0.987529
vt 0.937500 0.950344
vt 0.953125 0.987529
vt 0.953125 0.950344
vt 0.968750 0.987529
vt 0.968750 0.950344
vt 0.984375 0.987529
vt 0.984375 0.950344
vt 1.000000 0.987529
vt 1.000000 0.950344
vt 0.015625 0.987529
vt 0.000000 0.987529
vt 0.000000 0.950344
vt 0.015625 0.950344
vt 0.031250 0.987529
vt 0.031250 0.950344
vt 0.046875 0.987529
vt 0.046875 0.950344
vt 0.062500 0.987529
vt 0.062500 0.950344
vt 0.078125 0.987529
vt 0.078125 0.950344
vt 0.093750 0.987529
vt 0.093750 0.950344
vt 0.109375 0.987529
vt 0.109375 0.950344
vt 0.125000 0.987529
vt 0.125000 0.950344
vt 0.140625 0.987529
vt 0.140625 0.950344
vt 0.156250 0.987529
vt 0.156250 0.950344
vt 0.171875 0.987529
vt 0.171875 0.950344
vt 0.187500 0.987529
vt 0.187500 0.950344
vt 0.203125 0.987529
vt 0.203125 0.950344
vt 0.218750 0.987529
vt 0.218750 0.950344
vt 0.234375 0.987529
vt 0.234375 0.950344
vt 0.250000 0.987529
vt 0.250000 0.950344
vt 0.265625 0.987529
vt 0.265625 0.950344
vt 0.281250 0.987529
vt 0.281250 0.950344
vt 0.296875 0.987529
vt 0.296875 0.950344
vt 0.312500 0.987529
vt 0.312500 0.950344
vt 0.328125 0.987529
vt 0.328125 0.950344
vt 0.343750 0.987529
vt 0.343750 0.950344
vt 0.359375 0.987529
vt 0.359375 0.950344
vt 0.375000 0.987529
vt 0.375000 0.950344
vt 0.390625 0.987529
vt 0.390625 0.950344
vt 0.406250 0.987529
vt 0.406250 0.950344
vt 0.421875 0.987529
vt 0.421875 0.950344
vt 0.437500 0.987529
vt 0.437500 0.950344
vt 0.453125 0.987529
vt 0.453125 0.950344
vt 0.468750 0.987529
vt 0.468750 0.950344
vt 0.484375 0.987529
vt 0.484375 0.950344
vt 0.500000 0.987529
vt 0.500000 0.950344
vt 0.515625 0.987529
vt 0.515625 0.950344
vt 0.531250 0.987529
vt 0.531250 0.950344
vt 0.546875 0.987529
vt 0.546875 0.950344
vt 0.562500 0.987529
vt 0.562500 0.950344
vt 0.578125 0.987529
vt 0.578125 0.950344
vt 0.593750 0.987529
vt 0.593750 0.950344
vt 0.609375 0.987529
vt 0.609375 0.950344
vt 0.625000 0.987529
vt 0.625000 0.950344
vt 0.640625 0.987529
vt 0.640625 0.950344
vt 0.656250 0.987529
vt 0.656250 0.950344
vt 0.671875 0.987529
vt 0.671875 0.950344
vt 0.687500 0.987529
vt 0.687500 0.950344
vt 0.703125 0.987529
vt 0.703125 0.950344
vt 0.718750 0.987529
vt 0.718750 0.950344
vt 0.734374 0.987529
vt 0.734374 0.950344
vt 0.765625 0.097178
vt 0.750000 0.097178
vt 0.750000 0.054167
vt 0.765625 0.054167
vt 0.781250 0.097178
vt 0.781250 0.054167
vt 0.796875 0.097178
vt 0.796875 0.054167
vt 0.812500 0.097178
vt 0.812500 0.054167
vt 0.828125 0.097178
vt 0.828125 0.054167
vt 0.843750 0.097178
vt 0.843750 0.054167
vt 0.859375 0.097178
vt 0.859375 0.054167
vt 0.875000 0.097178
vt 0.875000 0.054167
vt 0.890625 0.097178
vt 0.890625 0.054167
vt 0.906250 0.097178
vt 0.906250 0.054167
vt 0.921875 0.097178
vt 0.921875 0.054167
vt 0.937500 0.097178
vt 0.937500 0.054167
vt 0.953125 0.097178
vt 0.953125 0.054167
vt 0.968750 0.097178
vt 0.968750 0.054167
vt 0.984375 0.097178
vt 0.984375 0.054167
vt 1.000000 0.097178
vt 1.000000 0.054167
vt 0.015625 0.097178
vt 0.000000 0.097178
vt 0.000000 0.054167
vt 0.015625 0.054167
vt 0.031250 0.097178
vt 0.031250 0.054167
vt 0.046875 0.097178
vt 0.046875 0.054167
vt 0.062500 0.097178
vt 0.062500 0.054167
vt 0.078125 0.097178
vt 0.078125 0.054167
vt 0.093750 0.097178
vt 0.093750 0.054167
vt 0.109375 0.097178
vt 0.109375 0.054167
vt 0.125000 0.097178
vt 0.125000 0.054167
vt 0.140625 0.097178
vt 0.140625 0.054167
vt 0.156250 0.097178
vt 0.156250 0.054167
vt 0.171875 0.097178
vt 0.171875 0.054167
vt 0.187500 0.097178
vt 0.187500 0.054167
vt 0.203125 0.097178
vt 0.203125 0.054167
vt 0.218750 0.097178
vt 0.218750 0.054167
vt 0.234375 0.097178
vt 0.234375 0.054167
vt 0.250000 0.097178
vt 0.250000 0.054167
vt 0.265625 0.097178
vt 0.265625 0.054167
vt 0.281250 0.097178
vt 0.281250 0.054167
vt 0.296875 0.097178
vt 0.296875 0.054167
vt 0.312500 0.097178
vt 0.312500 0.054167
vt 0.328125 0.097178
vt 0.328125 0.054167
vt 0.343750 0.097178
vt 0.343750 0.054167
vt 0.359375 0.097178
vt 0.359375 0.054167
vt 0.375000 0.097178
vt 0.375000 0.054167
vt 0.390625 0.097178
vt 0.390625 0.054167
vt 0.406250 0.097178
vt 0.406250 0.054167
vt 0.421875 0.097178
vt 0.421875 0.054167
vt 0.437500 0.097178
vt 0.437500 0.054167
vt 0.453125 0.097178
vt 0.453125 0.054167
vt 0.468750 0.097178
vt 0.468750 0.054167
vt 0.484375 0.097178
vt 0.484375 0.054167
vt 0.500000 0.097178
vt 0.500000 0.054167
vt 0.515625 0.097178
vt 0.515625 0.054167
vt 0.531250 0.097178
vt 0.531250 0.054167
vt 0.546875 0.097178
vt 0.546875 0.054167
vt 0.562500 0.097178
vt 0.562500 0.054167
vt 0.578125 0.097178
vt 0.578125 0.054167
vt 0.593750 0.097178
vt 0.593750 0.054167
vt 0.609375 0.097178
vt 0.609375 0.054167
vt 0.625000 0.097178
vt 0.625000 0.054167
vt 0.640625 0.097178
vt 0.640625 0.054167
vt 0.656250 0.097178
vt 0.656250 0.054167
vt 0.671875 0.097178
vt 0.671875 0.054167
vt 0.687500 0.097178
vt 0.687500 0.054167
vt 0.703125 0.097178
vt 0.703125 0.054167
vt 0.718750 0.097178
vt 0.718750 0.054167
vt 0.734374 0.097178
vt 0.734374 0.054167
vt 0.750000 0.051465
vt 0.765625 0.051465
vt 0.781250 0.051465
vt 0.796875 0.051465
vt 0.812500 0.051465
vt 0.828125 0.051465
vt 0.843750 0.051465
vt 0.859375 0.051465
vt 0.875000 0.051465
vt 0.890625 0.051465
vt 0.906250 0.051465
vt 0.921875 0.051465
vt 0.937500 0.051465
vt 0.953125 0.051465
vt 0.968750 0.051465
vt 0.984375 0.051465
vt 1.000000 0.051465
vt 0.000000 0.051465
vt 0.015625 0.051465
vt 0.031250 0.051465
vt 0.046875 0.051465
vt 0.062500 0.051465
vt 0.078125 0.051465
vt 0.093750 0.051465
vt 0.109375 0.051465
vt 0.125000 0.051465
vt 0.140625 0.051465
vt 0.156250 0.051465
vt 0.171875 0.051465
vt 0.187500 0.051465
vt 0.203125 0.051465
vt 0.218750 0.051465
vt 0.234375 0.051465
vt 0.250000 0.051465
vt 0.265625 0.051465
vt 0.281250 0.051465
vt 0.296875 0.051465
vt 0.312500 0.051465
vt 0.328125 0.051465
vt 0.343750 0.051465
vt 0.359375 0.051465
vt 0.375000 0.051465
vt 0.390625 0.051465
vt 0.406250 0.051465
vt 0.421875 0.051465
vt 0.437500 0.051465
vt 0.453125 0.051465
vt 0.468750 0.051465
vt 0.484375 0.051465
vt 0.500000 0.051465
vt 0.515625 0.051465
vt 0.531250 0.051465
vt 0.546875 0.051465
vt 0.562500 0.051465
vt 0.578125 0.051465
vt 0.593750 0.051465
vt 0.609375 0.051465
vt 0.625000 0.051465
vt 0.640625 0.051465
vt 0.656250 0.051465
vt 0.671875 0.051465
vt 0.687500 0.051465
vt 0.703125 0.051465
vt 0.718750 0.051465
vt 0.734374 0.051465
vt 0.765625 0.947642
vt 0.750000 0.947642
vt 0.781250 0.947642
vt 0.796875 0.947642
vt 0.812500 0.947642
vt 0.828125 0.947642
vt 0.843750 0.947642
vt 0.859375 0.947642
vt 0.875000 0.947642
vt 0.890625 0.947642
vt 0.906250 0.947642
vt 0.921875 0.947642
vt 0.937500 0.947642
vt 0.953125 0.947642
vt 0.968750 0.947642
vt 0.984375 0.947642
vt 1.000000 0.947642
vt 0.015625 0.947642
vt 0.000000 0.947642
vt 0.031250 0.947642
vt 0.046875 0.947642
vt 0.062500 0.947642
vt 0.078125 0.947642
vt 0.093750 0.947642
vt 0.109375 0.947642
vt 0.125000 0.947642
vt 0.140625 0.947642
vt 0.156250 0.947642
vt 0.171875 0.947642
vt 0.187500 0.947642
vt 0.203125 0.947642
vt 0.218750 0.947642
vt 0.234375 0.947642
vt 0.250000 0.947642
vt 0.265625 0.947642
vt 0.281250 0.947642
vt 0.296875 0.947642
vt 0.312500 0.947642
vt 0.328125 0.947642
vt 0.343750 0.947642
vt 0.359375 0.947642
vt 0.375000 0.947642
vt 0.390625 0.947642
vt 0.406250 0.947642
vt 0.421875 0.947642
vt 0.437500 0.947642
vt 0.453125 0.947642
vt 0.468750 0.947642
vt 0.484375 0.947642
vt 0.500000 0.947642
vt 0.515625 0.947642
vt 0.531250 0.947642
vt 0.546875 0.947642
vt 0.562500 0.947642
vt 0.578125 0.947642
vt 0.593750 0.947642
vt 0.609375 0.947642
vt 0.625000 0.947642
vt 0.640625 0.947642
vt 0.656250 0.947642
vt 0.671875 0.947642
vt 0.687500 0.947642
vt 0.703125 0.947642
vt 0.718750 0.947642
vt 0.734374 0.947642
vt 0.750000 0.944940
vt 0.765625 0.944940
vt 0.781250 0.944940
vt 0.796875 0.944940
vt 0.812500 0.944940
vt 0.828125 0.944940
vt 0.843750 0.944940
vt 0.859375 0.944940
vt 0.875000 0.944940
vt 0.890625 0.944940
vt 0.906250 0.944940
vt 0.921875 0.944940
vt 0.937500 0.944940
vt 0.953125 0.944940
vt 0.968750 0.944940
vt 0.984375 0.944940
vt 1.000000 0.944940
vt 0.000000 0.944940
vt 0.015625 0.944940
vt 0.031250 0.944940
vt 0.046875 0.944940
vt 0.062500 0.944940
vt 0.078125 0.944940
vt 0.093750 0.944940
vt 0.109375 0.944940
vt 0.125000 0.944940
vt 0.140625 0.944940
vt 0.156250 0.944940
vt 0.171875 0.944940
vt 0.187500 0.944940
vt 0.203125 0.944940
vt 0.218750 0.944940
vt 0.234375 0.944940
vt 0.250000 0.944940
vt 0.265625 0.944940
vt 0.281250 0.944940
vt 0.296875 0.944940
vt 0.312500 0.944940
vt 0.328125 0.944940
vt 0.343750 0.944940
vt 0.359375 0.944940
vt 0.375000 0.944940
vt 0.390625 0.944940
vt 0.406250 0.944940
vt 0.421875 0.944940
vt 0.437500 0.944940
vt 0.453125 0.944940
vt 0.468750 0.944940
vt 0.484375 0.944940
vt 0.500000 0.944940
vt 0.515625 0.944940
vt 0.531250 0.944940
vt 0.546875 0.944940
vt 0.562500 0.944940
vt 0.578125 0.944940
vt 0.593750 0.944940
vt 0.609375 0.944940
vt 0.625000 0.944940
vt 0.640625 0.944940
vt 0.656250 0.944940
vt 0.671875 0.944940
vt 0.687500 0.944940
vt 0.703125 0.944940
vt 0.718750 0.944940
vt 0.734374 0.944940
vt 0.765625 0.999182
vt 0.750000 0.999182
vt 0.781250 0.999182
vt 0.796875 0.999182
vt 0.812500 0.999182
vt 0.828125 0.999182
vt 0.843750 0.999182
vt 0.859375 0.999182
vt 0.875000 0.999182
vt 0.890625 0.999182
vt 0.906250 0.999182
vt 0.921875 0.999182
vt 0.937500 0.999182
vt 0.953125 0.999182
vt 0.968750 0.999182
vt 0.984375 0.999182
vt 1.000000 0.999182
vt 0.015625 0.999182
vt 0.000000 0.999182
vt 0.031250 0.999182
vt 0.046875 0.999182
vt 0.062500 0.999182
vt 0.078125 0.999182
vt 0.093750 0.999182
vt 0.109375 0.999182
vt 0.125000 0.999182
vt 0.140625 0.999182
vt 0.156250 0.999182
vt 0.171875 0.999182
vt 0.187500 0.999182
vt 0.203125 0.999182
vt 0.218750 0.999182
vt 0.234375 0.999182
vt 0.250000 0.999182
vt 0.265625 0.999182
vt 0.281250 0.999182
vt 0.296875 0.999182
vt 0.312500 0.999182
vt 0.328125 0.999182
vt 0.343750 0.999182
vt 0.359375 0.999182
vt 0.375000 0.999182
vt 0.390625 0.999182
vt 0.406250 0.999182
vt 0.421875 0.999182
vt 0.437500 0.999182
vt 0.453125 0.999182
vt 0.468750 0.999182
vt 0.484375 0.999182
vt 0.500000 0.999182
vt 0.515625 0.999182
vt 0.531250 0.999182
vt 0.546875 0.999182
vt 0.562500 0.999182
vt 0.578125 0.999182
vt 0.593750 0.999182
vt 0.609375 0.999182
vt 0.625000 0.999182
vt 0.640625 0.999182
vt 0.656250 0.999182
vt 0.671875 0.999182
vt 0.687500 0.999182
vt 0.703125 0.999182
vt 0.718750 0.999182
vt 0.734374 0.999182
vt 0.750000 0.905176
vt 0.765625 0.905176
vt 0.781250 0.905176
vt 0.796875 0.905176
vt 0.812500 0.905176
vt 0.828125 0.905176
vt 0.843750 0.905176
vt 0.859375 0.905176
vt 0.875000 0.905176
vt 0.890625 0.905176
vt 0.906250 0.905176
vt 0.921875 0.905176
vt 0.937500 0.905176
vt 0.953125 0.905176
vt 0.968750 0.905176
vt 0.984375 0.905176
vt 1.000000 0.905176
vt 0.000000 0.905176
vt 0.015625 0.905176
vt 0.031250 0.905176
vt 0.046875 0.905176
vt 0.062500 0.905176
vt 0.078125 0.905176
vt 0.093750 0.905176
vt 0.109375 0.905176
vt 0.125000 0.905176
vt 0.140625 0.905176
vt 0.156250 0.905176
vt 0.171875 0.905176
vt 0.187500 0.905176
vt 0.203125 0.905176
vt 0.218750 0.905176
vt 0.234375 0.905176
vt 0.250000 0.905176
vt 0.265625 0.905176
vt 0.281250 0.905176
vt 0.296875 0.905176
vt 0.312500 0.905176
vt 0.328125 0.905176
vt 0.343750 0.905176
vt 0.359375 0.905176
vt 0.375000 0.905176
vt 0.390625 0.905176
vt 0.406250 0.905176
vt 0.421875 0.905176
vt 0.437500 0.905176
vt 0.453125 0.905176
vt 0.468750 0.905176
vt 0.484375 0.905176
vt 0.500000 0.905176
vt 0.515625 0.905176
vt 0.531250 0.905176
vt 0.546875 0.905176
vt 0.562500 0.905176
vt 0.578125 0.905176
vt 0.593750 0.905176
vt 0.609375 0.905176
vt 0.625000 0.905176
vt 0.640625 0.905176
vt 0.656250 0.905176
vt 0.671875 0.905176
vt 0.687500 0.905176
vt 0.703125 0.905176
vt 0.718750 0.905176
vt 0.734374 0.905176
vt 0.173003 0.000000
vt 0.500000 0.000000
vt 0.500000 0.250000
vt 0.173003 0.250000
vt 0.500000 0.252719
vt 0.173003 0.252719
vt 0.173003 0.750000
vt 0.500000 0.750000
vt 0.173003 1.000000
vt 0.000000 0.802277
vt 1.000000 0.802277
vt 0.826997 1.000000
vt 0.250000 0.802277
vt 0.747281 0.500000
vt 0.747281 0.802277
vt 0.750000 0.802277
vt 0.750000 0.842861
vt 1.000000 0.842861
vt 0.747281 0.842861
vt 0.250000 0.842861
vt 0.000000 0.842861
vt 0.398142 1.000000
vt 0.634334 0.500000
vt 0.444185 1.000000
vt 0.748689 0.500000
vt 0.765625 1.000000
vt 0.781250 1.000000
vt 0.796875 1.000000
vt 0.812500 1.000000
vt 0.828125 1.000000
vt 0.843750 1.000000
vt 0.859375 1.000000
vt 0.875000 1.000000
vt 0.890625 1.000000
vt 0.906250 1.000000
vt 0.921875 1.000000
vt 0.937500 1.000000
vt 0.953125 0.000000
vt 0.953125 1.000000
vt 0.968750 1.000000
vt 0.984375 1.000000
vt 0.015625 1.000000
vt 0.000000 1.000000
vt 0.031250 1.000000
vt 0.046875 1.000000
vt 0.062500 1.000000
vt 0.078125 1.000000
vt 0.093750 1.000000
vt 0.109375 1.000000
vt 0.125000 1.000000
vt 0.140625 1.000000
vt 0.156250 1.000000
vt 0.171875 1.000000
vt 0.187500 1.000000
vt 0.203125 1.000000
vt 0.218750 0.000000
vt 0.218750 1.000000
vt 0.234375 1.000000
vt 0.250000 1.000000
vt 0.265625 1.000000
vt 0.281250 1.000000
vt 0.296875 1.000000
vt 0.312500 1.000000
vt 0.328125 1.000000
vt 0.343750 1.000000
vt 0.359375 1.000000
vt 0.375000 1.000000
vt 0.390625 1.000000
vt 0.406250 1.000000
vt 0.421875 1.000000
vt 0.437500 1.000000
vt 0.453125 1.000000
vt 0.468750 1.000000
vt 0.484375 1.000000
vt 0.500000 1.000000
vt 0.515625 1.000000
vt 0.531250 1.000000
vt 0.546875 1.000000
vt 0.562500 1.000000
vt 0.578125 1.000000
vt 0.593750 1.000000
vt 0.609375 1.000000
vt 0.625000 0.000000
vt 0.625000 1.000000
vt 0.640625 1.000000
vt 0.656250 1.000000
vt 0.671875 1.000000
vt 0.687500 1.000000
vt 0.703125 1.000000
vt 0.718750 1.000000
vt 0.734374 1.000000
vt 0.735700 0.940960
vt 0.853554 0.853553
vt 0.940961 0.735698
vt 0.961940 0.691341
vt 0.990393 0.402455
vt 0.961940 0.308658
vt 0.940961 0.264302
vt 0.886505 0.182804
vt 0.817197 0.113495
vt 0.777786 0.084266
vt 0.735699 0.059040
vt 0.691342 0.038060
vt 0.645143 0.021530
vt 0.597546 0.009607
vt 0.549009 0.002408
vt 0.500000 0.000000
vt 0.402455 0.009607
vt 0.354858 0.021530
vt 0.308659 0.038060
vt 0.264302 0.059039
vt 0.222215 0.084265
vt 0.146447 0.146446
vt 0.084265 0.222215
vt 0.059039 0.264301
vt 0.021530 0.354858
vt 0.009607 0.402455
vt 0.000000 0.500000
vt 0.009607 0.597545
vt 0.021530 0.645142
vt 0.038060 0.691342
vt 0.084265 0.777785
vt 0.146447 0.853553
vt 0.182803 0.886505
vt 0.264302 0.940961
vt 0.308658 0.961940
vt 0.354858 0.978470
vt 0.402455 0.990393
vt 0.450991 0.997592
vt 0.789846 0.918030
vt 0.999996 0.918030
vt 0.081970 1.000000
vt 0.081970 0.500000
vt 0.286602 0.912778
vt 0.789846 0.906309
vt 0.999996 0.906309
vt 0.235522 0.500000
vt 0.235522 1.000000
vt 0.076661 0.500000
vt 0.076661 1.000000
vt 0.000000 0.923339
vt 0.999996 0.923339
vt 0.610318 0.926662
vt 0.999996 0.920231
vt 0.079769 1.000000
vt 0.079769 0.500000
s 1
usemtl PN_Yellow
f 152/9/45 2655/9/45 2654/10/45
f 2654/10/45 151/10/45 152/9/45
f 2764/110/196 2765/111/196 2655/9/196
f 2655/9/196 152/9/196 2764/110/196
f 154/71/43 2657/71/43 2656/92/43
f 2656/92/43 153/92/43 154/71/43
f 2706/70/197 2707/70/197 2657/71/197
f 2657/71/197 154/71/197 2706/70/197
f 172/12/203 2663/12/203 2662/13/203
f 2662/13/203 171/13/203 172/12/203
f 173/58/45 2664/58/45 2663/12/45
f 2663/12/45 172/12/45 173/58/45
f 174/13/204 2665/13/204 2664/58/204
f 2664/58/204 173/58/204 174/13/204
f 171/13/43 2662/13/43 2665/13/43
f 2665/13/43 174/13/43 171/13/43
f 152/9/2 151/10/2 251/10/2
f 251/10/2 250/9/2 152/9/2
f 153/92/2 2711/91/2 2712/91/2
f 2712/91/2 249/92/2 153/92/2
f 154/71/2 153/92/2 249/92/2
f 249/92/2 248/71/2 154/71/2
f 151/10/2 2769/117/2 2770/117/2
f 2770/117/2 251/10/2 151/10/2
f 172/12/65 171/13/202 252/13/65
f 252/13/65 255/12/65 172/12/65
f 173/58/65 172/12/65 255/12/65
f 255/12/65 254/58/202 173/58/65
f 174/13/65 173/58/65 254/58/202
f 254/58/202 253/13/65 174/13/65
f 171/13/202 174/13/65 253/13/65
f 253/13/65 252/13/65 171/13/202
f 2659/10/45 2658/9/45 443/9/45
f 443/9/45 442/10/45 2659/10/45
f 2658/9/384 2781/110/384 2782/111/384
f 2782/111/384 443/9/384 2658/9/384
f 2660/92/43 2661/71/43 445/71/43
f 445/71/43 444/92/43 2660/92/43
f 2661/71/385 2697/70/385 2698/70/385
f 2698/70/385 445/71/385 2661/71/385
f 2667/13/390 2666/12/390 454/12/390
f 454/12/390 453/13/390 2667/13/390
f 2666/12/45 2668/58/45 455/58/45
f 455/58/45 454/12/45 2666/12/45
f 2668/58/391 2669/13/391 456/13/391
f 456/13/391 455/58/391 2668/58/391
f 2669/13/43 2667/13/43 453/13/43
f 453/13/43 456/13/43 2669/13/43
f 443/9/192 438/9/192 439/10/192
f 439/10/192 442/10/192 443/9/192
f 2692/91/192 2693/91/192 444/92/192
f 444/92/192 440/92/192 2692/91/192
f 445/71/192 441/71/192 440/92/192
f 440/92/192 444/92/192 445/71/192
f 2776/117/192 2777/117/192 442/10/192
f 442/10/192 439/10/192 2776/117/192
f 454/12/280 449/12/280 450/13/280
f 450/13/280 453/13/278 454/12/280
f 455/58/280 451/58/278 449/12/280
f 449/12/280 454/12/280 455/58/280
f 456/13/278 452/13/278 451/58/278
f 451/58/278 455/58/280 456/13/278
f 453/13/278 450/13/280 452/13/278
f 452/13/278 456/13/278 453/13/278
f 508/119/417 891/120/417 1076/121/23
f 1076/121/23 507/122/23 508/119/417
f 509/123/418 892/124/418 891/120/417
f 891/120/417 508/119/417 509/123/418
f 510/125/419 893/126/419 892/124/418
f 892/124/418 509/123/418 510/125/419
f 511/127/420 894/128/420 893/126/419
f 893/126/419 510/125/419 511/127/420
f 512/129/421 895/130/421 894/128/420
f 894/128/420 511/127/420 512/129/421
f 513/131/422 896/132/422 895/130/421
f 895/130/421 512/129/421 513/131/422
f 514/133/423 897/134/423 896/132/422
f 896/132/422 513/131/422 514/133/423
f 515/135/424 898/136/424 897/134/423
f 897/134/423 514/133/423 515/135/424
f 516/137/425 899/138/425 898/136/424
f 898/136/424 515/135/424 516/137/425
f 517/139/426 900/140/426 899/138/425
f 899/138/425 516/137/425 517/139/426
f 518/141/427 901/142/427 900/140/426
f 900/140/426 517/139/426 518/141/427
f 519/143/428 902/144/428 901/142/427
f 901/142/427 518/141/427 519/143/428
f 520/145/429 903/146/429 902/144/428
f 902/144/428 519/143/428 520/145/429
f 521/147/430 904/148/430 903/146/429
f 903/146/429 520/145/429 521/147/430
f 522/149/431 905/150/431 904/148/430
f 904/148/430 521/147/430 522/149/431
f 523/24/2 906/151/2 905/150/431
f 905/150/431 522/149/431 523/24/2
f 524/152/432 907/153/432 906/154/2
f 906/154/2 523/155/2 524/152/432
f 525/156/433 908/157/433 907/153/432
f 907/153/432 524/152/432 525/156/433
f 526/158/434 909/159/434 908/157/433
f 908/157/433 525/156/433 526/158/434
f 527/160/435 910/161/435 909/159/434
f 909/159/434 526/158/434 527/160/435
f 528/162/436 911/163/436 910/161/435
f 910/161/435 527/160/435 528/162/436
f 529/164/437 912/165/437 911/163/436
f 911/163/436 528/162/436 529/164/437
f 530/166/438 913/167/438 912/165/437
f 912/165/437 529/164/437 530/166/438
f 531/168/439 914/169/439 913/167/438
f 913/167/438 530/166/438 531/168/439
f 532/170/440 915/171/440 914/169/439
f 914/169/439 531/168/439 532/170/440
f 533/172/441 916/173/441 915/171/440
f 915/171/440 532/170/440 533/172/441
f 534/174/442 917/175/442 916/173/441
f 916/173/441 533/172/441 534/174/442
f 535/176/443 918/177/443 917/175/442
f 917/175/442 534/174/442 535/176/443
f 536/178/444 919/179/444 918/177/443
f 918/177/443 535/176/443 536/178/444
f 537/180/445 920/181/445 919/179/444
f 919/179/444 536/178/444 537/180/445
f 538/182/446 921/183/446 920/181/445
f 920/181/445 537/180/445 538/182/446
f 539/184/8 922/185/8 921/183/446
f 921/183/446 538/182/446 539/184/8
f 540/186/447 923/187/447 922/185/8
f 922/185/8 539/184/8 540/186/447
f 541/188/448 924/189/448 923/187/447
f 923/187/447 540/186/447 541/188/448
f 542/190/449 925/191/449 924/189/448
f 924/189/448 541/188/448 542/190/449
f 543/192/450 926/193/450 925/191/449
f 925/191/449 542/190/449 543/192/450
f 544/194/451 927/195/451 926/193/450
f 926/193/450 543/192/450 544/194/451
f 545/196/452 928/197/452 927/195/451
f 927/195/451 544/194/451 545/196/452
f 546/198/453 929/199/453 928/197/452
f 928/197/452 545/196/452 546/198/453
f 547/200/454 930/201/454 929/199/453
f 929/199/453 546/198/453 547/200/454
f 548/202/455 931/203/455 930/201/454
f 930/201/454 547/200/454 548/202/455
f 549/204/456 932/205/456 931/203/455
f 931/203/455 548/202/455 549/204/456
f 550/206/457 933/207/457 932/205/456
f 932/205/456 549/204/456 550/206/457
f 551/208/458 934/209/458 933/207/457
f 933/207/457 550/206/457 551/208/458
f 552/210/459 935/211/459 934/209/458
f 934/209/458 551/208/458 552/210/459
f 553/212/460 936/213/460 935/211/459
f 935/211/459 552/210/459 553/212/460
f 554/214/461 937/215/461 936/213/460
f 936/213/460 553/212/460 554/214/461
f 555/216/192 938/217/192 937/215/461
f 937/215/461 554/214/461 555/216/192
f 556/218/462 939/219/462 938/217/192
f 938/217/192 555/216/192 556/218/462
f 557/220/463 940/221/463 939/219/462
f 939/219/462 556/218/462 557/220/463
f 558/222/464 941/223/464 940/221/463
f 940/221/463 557/220/463 558/222/464
f 559/224/465 942/225/465 941/223/464
f 941/223/464 558/222/464 559/224/465
f 560/226/466 943/227/466 942/225/465
f 942/225/465 559/224/465 560/226/466
f 561/228/467 944/229/467 943/227/466
f 943/227/466 560/226/466 561/228/467
f 562/230/468 945/231/468 944/229/467
f 944/229/467 561/228/467 562/230/468
f 563/232/469 946/233/469 945/231/468
f 945/231/468 562/230/468 563/232/469
f 564/234/470 947/235/470 946/233/469
f 946/233/469 563/232/469 564/234/470
f 565/236/471 948/237/471 947/235/470
f 947/235/470 564/234/470 565/236/471
f 566/238/472 949/239/472 948/237/471
f 948/237/471 565/236/471 566/238/472
f 567/240/473 950/241/473 949/239/472
f 949/239/472 566/238/472 567/240/473
f 568/242/474 951/243/474 950/241/473
f 950/241/473 567/240/473 568/242/474
f 569/244/475 952/245/475 951/243/474
f 951/243/474 568/242/474 569/244/475
f 570/246/476 953/247/476 952/245/475
f 952/245/475 569/244/475 570/246/476
f 507/122/23 1076/121/23 953/247/476
f 953/247/476 570/246/476 507/122/23
f 569/248/45 568/249/477 567/250/45
f 567/250/45 566/251/478 565/252/45
f 565/252/45 564/253/479 563/254/45
f 567/250/45 565/252/45 563/254/45
f 563/254/45 562/255/480 561/256/45
f 561/256/45 560/257/45 559/258/45
f 563/254/45 561/256/45 559/258/45
f 559/258/45 558/259/480 557/260/45
f 557/260/45 556/261/45 555/262/45
f 559/258/45 557/260/45 555/262/45
f 563/254/45 559/258/45 555/262/45
f 555/262/45 554/263/45 553/264/45
f 553/264/45 552/265/477 551/266/45
f 555/262/45 553/264/45 551/266/45
f 551/266/45 550/267/45 549/268/45
f 549/268/45 548/269/480 547/270/45
f 551/266/45 549/268/45 547/270/45
f 555/262/45 551/266/45 547/270/45
f 547/270/45 546/271/479 545/272/45
f 545/272/45 544/273/478 543/274/45
f 547/270/45 545/272/45 543/274/45
f 543/274/45 542/275/477 541/276/45
f 541/276/45 540/277/45 539/278/45
f 543/274/45 541/276/45 539/278/45
f 547/270/45 543/274/45 539/278/45
f 555/262/45 547/270/45 539/278/45
f 539/278/45 538/279/45 537/280/45
f 537/280/45 536/281/477 535/282/45
f 539/278/45 537/280/45 535/282/45
f 535/282/45 534/283/479 533/284/45
f 533/284/45 532/285/478 531/286/45
f 535/282/45 533/284/45 531/286/45
f 539/278/45 535/282/45 531/286/45
f 531/286/45 530/287/480 529/288/45
f 529/288/45 528/289/45 527/290/45
f 531/286/45 529/288/45 527/290/45
f 527/290/45 526/291/477 525/292/45
f 525/292/45 524/293/45 523/294/45
f 527/290/45 525/292/45 523/294/45
f 531/286/45 527/290/45 523/294/45
f 539/278/45 531/286/45 523/294/45
f 523/294/45 522/295/45 521/296/480
f 521/296/480 520/297/477 519/298/45
f 523/294/45 521/296/480 519/298/45
f 519/298/45 518/299/45 517/300/477
f 517/300/477 516/301/480 515/302/45
f 519/298/45 517/300/477 515/302/45
f 523/294/45 519/298/45 515/302/45
f 515/302/45 514/303/478 513/304/45
f 513/304/45 512/305/479 511/306/45
f 515/302/45 513/304/45 511/306/45
f 511/306/45 510/307/480 509/308/45
f 509/308/45 508/309/45 507/310/45
f 511/306/45 509/308/45 507/310/45
f 515/302/45 511/306/45 507/310/45
f 523/294/45 515/302/45 507/310/45
f 539/278/45 523/294/45 507/310/45
f 555/262/45 539/278/45 507/310/45
f 563/254/45 555/262/45 507/310/45
f 567/250/45 563/254/45 507/310/45
f 569/248/45 567/250/45 507/310/45
f 570/311/45 569/248/45 507/310/45
f 700/309/43 701/308/43 702/307/481
f 702/307/481 703/306/482 704/305/483
f 704/305/483 705/304/43 706/303/43
f 702/307/481 704/305/483 706/303/43
f 706/303/43 707/302/43 708/301/484
f 708/301/484 709/300/43 710/299/43
f 706/303/43 708/301/484 710/299/43
f 710/299/43 711/298/43 712/297/43
f 712/297/43 713/296/43 714/295/43
f 710/299/43 712/297/43 714/295/43
f 706/303/43 710/299/43 714/295/43
f 714/295/43 715/294/43 716/293/43
f 716/293/43 717/292/43 718/291/485
f 714/295/43 716/293/43 718/291/485
f 718/291/485 719/290/43 720/289/191
f 720/289/191 721/288/43 722/287/43
f 718/291/485 720/289/191 722/287/43
f 714/295/43 718/291/485 722/287/43
f 722/287/43 723/286/43 724/285/484
f 724/285/484 725/284/43 726/283/43
f 722/287/43 724/285/484 726/283/43
f 726/283/43 727/282/486 728/281/487
f 728/281/487 729/280/485 730/279/43
f 726/283/43 728/281/487 730/279/43
f 722/287/43 726/283/43 730/279/43
f 714/295/43 722/287/43 730/279/43
f 730/279/43 731/278/43 732/277/43
f 732/277/43 733/276/43 734/275/43
f 730/279/43 732/277/43 734/275/43
f 734/275/43 735/274/43 736/273/43
f 736/273/43 737/272/43 738/271/484
f 734/275/43 736/273/43 738/271/484
f 730/279/43 734/275/43 738/271/484
f 738/271/484 739/270/43 740/269/43
f 740/269/43 741/268/43 742/267/43
f 738/271/484 740/269/43 742/267/43
f 742/267/43 743/266/43 744/265/43
f 744/265/43 745/264/43 746/263/43
f 742/267/43 744/265/43 746/263/43
f 738/271/484 742/267/43 746/263/43
f 730/279/43 738/271/484 746/263/43
f 746/263/43 747/262/43 748/261/43
f 748/261/43 749/260/43 750/259/43
f 746/263/43 748/261/43 750/259/43
f 750/259/43 751/258/43 752/257/43
f 752/257/43 753/256/191 754/255/43
f 750/259/43 752/257/43 754/255/43
f 746/263/43 750/259/43 754/255/43
f 754/255/43 755/254/43 756/253/191
f 756/253/191 757/252/43 758/251/43
f 754/255/43 756/253/191 758/251/43
f 758/251/43 759/250/43 760/249/43
f 760/249/43 761/248/43 762/311/43
f 758/251/43 760/249/43 762/311/43
f 754/255/43 758/251/43 762/311/43
f 746/263/43 754/255/43 762/311/43
f 730/279/43 746/263/43 762/311/43
f 714/295/43 730/279/43 762/311/43
f 706/303/43 714/295/43 762/311/43
f 702/307/481 706/303/43 762/311/43
f 700/309/43 702/307/481 762/311/43
f 699/310/191 700/309/43 762/311/43
f 1230/312/488 1231/313/489 658/314/490
f 658/314/490 657/315/491 1230/312/488
f 1229/316/492 1230/312/488 657/315/491
f 657/315/491 656/317/493 1229/316/492
f 1228/318/494 1229/316/492 656/317/493
f 656/317/493 655/319/495 1228/318/494
f 1227/320/496 1228/318/494 655/319/495
f 655/319/495 654/321/497 1227/320/496
f 1226/322/498 1227/320/496 654/321/497
f 654/321/497 653/323/499 1226/322/498
f 1225/324/500 1226/322/498 653/323/499
f 653/323/499 652/325/501 1225/324/500
f 1224/326/502 1225/324/500 652/325/501
f 652/325/501 651/327/503 1224/326/502
f 1223/328/504 1224/326/502 651/327/503
f 651/327/503 650/329/505 1223/328/504
f 1222/330/506 1223/328/504 650/329/505
f 650/329/505 649/331/507 1222/330/506
f 1221/332/508 1222/330/506 649/331/507
f 649/331/507 648/333/509 1221/332/508
f 1220/334/510 1221/332/508 648/333/509
f 648/333/509 647/335/511 1220/334/510
f 1219/336/512 1220/334/510 647/335/511
f 647/335/511 646/337/513 1219/336/512
f 1218/338/514 1219/336/512 646/337/513
f 646/337/513 645/339/515 1218/338/514
f 1217/340/516 1218/338/514 645/339/515
f 645/339/515 644/341/517 1217/340/516
f 1216/342/518 1217/340/516 644/341/517
f 644/341/517 643/343/519 1216/342/518
f 1215/344/520 1216/342/518 643/343/519
f 643/343/519 642/345/521 1215/344/520
f 1214/346/522 1215/347/520 642/348/521
f 642/348/521 641/349/523 1214/346/522
f 640/350/524 1213/351/525 1214/346/522
f 1214/346/522 641/349/523 640/350/524
f 639/352/526 1212/353/527 1213/351/525
f 1213/351/525 640/350/524 639/352/526
f 638/354/528 1211/355/529 1212/353/527
f 1212/353/527 639/352/526 638/354/528
f 637/356/530 1274/357/531 1211/355/529
f 1211/355/529 638/354/528 637/356/530
f 636/358/532 1273/359/533 1274/357/531
f 1274/357/531 637/356/530 636/358/532
f 635/360/534 1272/361/535 1273/359/533
f 1273/359/533 636/358/532 635/360/534
f 698/362/536 1271/363/537 1272/361/535
f 1272/361/535 635/360/534 698/362/536
f 697/364/538 1270/365/539 1271/363/537
f 1271/363/537 698/362/536 697/364/538
f 696/366/540 1269/367/541 1270/365/539
f 1270/365/539 697/364/538 696/366/540
f 695/368/542 1268/369/543 1269/367/541
f 1269/367/541 696/366/540 695/368/542
f 694/370/544 1267/371/545 1268/369/543
f 1268/369/543 695/368/542 694/370/544
f 693/372/546 1266/373/547 1267/371/545
f 1267/371/545 694/370/544 693/372/546
f 692/374/548 1265/375/549 1266/373/547
f 1266/373/547 693/372/546 692/374/548
f 691/376/550 1264/377/551 1265/375/549
f 1265/375/549 692/374/548 691/376/550
f 1263/378/552 1264/377/551 691/376/550
f 691/376/550 690/379/553 1263/378/552
f 1262/380/554 1263/378/552 690/379/553
f 690/379/553 689/381/555 1262/380/554
f 1261/382/556 1262/380/554 689/381/555
f 689/381/555 688/383/557 1261/382/556
f 1260/384/558 1261/382/556 688/383/557
f 688/383/557 687/385/559 1260/384/558
f 1259/386/560 1260/384/558 687/385/559
f 687/385/559 686/387/561 1259/386/560
f 1258/388/562 1259/386/560 686/387/561
f 686/387/561 685/389/563 1258/388/562
f 1257/390/564 1258/388/562 685/389/563
f 685/389/563 684/391/565 1257/390/564
f 1256/392/566 1257/390/564 684/391/565
f 684/391/565 683/393/567 1256/392/566
f 1255/394/568 1256/392/566 683/393/567
f 683/393/567 682/395/569 1255/394/568
f 1254/396/570 1255/394/568 682/395/569
f 682/395/569 681/397/571 1254/396/570
f 1253/398/572 1254/396/570 681/397/571
f 681/397/571 680/399/573 1253/398/572
f 1252/400/574 1253/398/572 680/399/573
f 680/399/573 679/401/575 1252/400/574
f 1251/402/576 1252/400/574 679/401/575
f 679/401/575 678/403/577 1251/402/576
f 1250/404/578 1251/402/576 678/403/577
f 678/403/577 677/405/579 1250/404/578
f 1249/406/580 1250/404/578 677/405/579
f 677/405/579 676/407/581 1249/406/580
f 1248/408/582 1249/406/580 676/407/581
f 676/407/581 675/409/583 1248/408/582
f 1247/410/584 1248/408/582 675/409/583
f 675/409/583 674/411/585 1247/410/584
f 1246/412/586 1247/410/584 674/411/585
f 674/411/585 673/413/587 1246/412/586
f 672/414/588 1245/415/589 1246/412/586
f 1246/412/586 673/413/587 672/414/588
f 671/416/590 1244/417/591 1245/415/589
f 1245/415/589 672/414/588 671/416/590
f 670/418/592 1243/419/593 1244/417/591
f 1244/417/591 671/416/590 670/418/592
f 669/420/594 1242/421/595 1243/419/593
f 1243/419/593 670/418/592 669/420/594
f 668/422/596 1241/423/597 1242/421/595
f 1242/421/595 669/420/594 668/422/596
f 667/424/598 1240/425/599 1241/423/597
f 1241/423/597 668/422/596 667/424/598
f 666/426/600 1239/427/601 1240/425/599
f 1240/425/599 667/424/598 666/426/600
f 665/428/602 1238/429/603 1239/427/601
f 1239/427/601 666/426/600 665/428/602
f 664/430/604 1237/431/605 1238/429/603
f 1238/429/603 665/428/602 664/430/604
f 663/432/606 1236/433/607 1237/431/605
f 1237/431/605 664/430/604 663/432/606
f 662/434/608 1235/435/609 1236/433/607
f 1236/433/607 663/432/606 662/434/608
f 661/436/610 1234/437/611 1235/435/609
f 1235/435/609 662/434/608 661/436/610
f 660/438/612 1233/439/613 1234/437/611
f 1234/437/611 661/436/610 660/438/612
f 659/440/614 1232/441/615 1233/439/613
f 1233/439/613 660/438/612 659/440/614
f 1231/313/489 1232/441/615 659/440/614
f 659/440/614 658/314/490 1231/313/489
f 572/442/616 1354/443/616 1355/444/616
f 1355/444/616 571/445/616 572/442/616
f 573/446/617 1353/447/617 1354/443/617
f 1354/443/617 572/442/617 573/446/617
f 574/448/618 1352/449/618 1353/447/618
f 1353/447/618 573/446/618 574/448/618
f 575/450/619 1351/451/619 1352/449/619
f 1352/449/619 574/448/619 575/450/619
f 576/452/620 1350/453/621 1351/451/621
f 1351/451/621 575/450/622 576/452/620
f 577/454/623 1349/455/623 1350/453/623
f 1350/453/623 576/452/624 577/454/623
f 578/456/625 1348/457/625 1349/455/625
f 1349/455/625 577/454/625 578/456/625
f 579/458/626 1347/459/627 1348/457/627
f 1348/457/627 578/456/626 579/458/626
f 580/460/628 1346/461/628 1347/459/628
f 1347/459/628 579/458/628 580/460/628
f 581/462/629 1345/463/629 1346/461/629
f 1346/461/629 580/460/629 581/462/629
f 582/464/630 1344/465/630 1345/463/630
f 1345/463/630 581/462/630 582/464/630
f 583/466/631 1343/467/631 1344/465/631
f 1344/465/631 582/464/631 583/466/631
f 584/468/632 1342/469/632 1343/467/632
f 1343/467/632 583/466/632 584/468/632
f 585/470/633 1341/471/633 1342/469/633
f 1342/469/633 584/468/633 585/470/633
f 586/472/634 1340/473/634 1341/471/634
f 1341/471/634 585/470/634 586/472/634
f 587/474/635 1339/475/635 1340/473/635
f 1340/473/635 586/472/635 587/474/635
f 588/476/636 1402/477/636 1339/478/636
f 1339/478/636 587/479/636 588/476/636
f 589/480/637 1401/481/637 1402/477/637
f 1402/477/637 588/476/637 589/480/637
f 590/482/638 1400/483/638 1401/481/638
f 1401/481/638 589/480/638 590/482/638
f 591/484/639 1399/485/639 1400/483/639
f 1400/483/639 590/482/639 591/484/639
f 592/486/640 1398/487/640 1399/485/640
f 1399/485/640 591/484/640 592/486/640
f 593/488/641 1397/489/641 1398/487/641
f 1398/487/641 592/486/642 593/488/641
f 594/490/643 1396/491/643 1397/489/643
f 1397/489/643 593/488/643 594/490/643
f 595/492/644 1395/493/644 1396/491/644
f 1396/491/644 594/490/644 595/492/644
f 596/494/645 1394/495/645 1395/493/645
f 1395/493/645 595/492/646 596/494/645
f 597/496/647 1393/497/647 1394/495/647
f 1394/495/647 596/494/647 597/496/647
f 598/498/648 1392/499/648 1393/497/648
f 1393/497/648 597/496/649 598/498/648
f 599/500/650 1391/501/650 1392/499/650
f 1392/499/650 598/498/650 599/500/650
f 600/502/651 1390/503/651 1391/501/651
f 1391/501/651 599/500/651 600/502/651
f 601/504/652 1389/505/652 1390/503/652
f 1390/503/652 600/502/652 601/504/652
f 602/506/653 1388/507/653 1389/505/653
f 1389/505/653 601/504/653 602/506/653
f 603/508/654 1387/509/654 1388/507/654
f 1388/507/654 602/506/654 603/508/654
f 604/510/655 1386/511/655 1387/509/655
f 1387/509/655 603/508/655 604/510/655
f 605/512/656 1385/513/656 1386/511/656
f 1386/511/656 604/510/656 605/512/656
f 606/514/657 1384/515/657 1385/513/657
f 1385/513/657 605/512/657 606/514/657
f 607/516/658 1383/517/658 1384/515/658
f 1384/515/658 606/514/658 607/516/658
f 608/518/659 1382/519/660 1383/517/660
f 1383/517/660 607/516/661 608/518/659
f 609/520/662 1381/521/662 1382/519/662
f 1382/519/662 608/518/662 609/520/662
f 610/522/663 1380/523/663 1381/521/663
f 1381/521/663 609/520/663 610/522/663
f 611/524/664 1379/525/665 1380/523/665
f 1380/523/665 610/522/664 611/524/664
f 612/526/666 1378/527/666 1379/525/666
f 1379/525/666 611/524/666 612/526/666
f 613/528/667 1377/529/667 1378/527/667
f 1378/527/667 612/526/667 613/528/667
f 614/530/668 1376/531/668 1377/529/668
f 1377/529/668 613/528/669 614/530/668
f 615/532/670 1375/533/670 1376/531/670
f 1376/531/670 614/530/670 615/532/670
f 616/534/671 1374/535/671 1375/533/671
f 1375/533/671 615/532/671 616/534/671
f 617/536/672 1373/537/672 1374/535/672
f 1374/535/672 616/534/672 617/536/672
f 618/538/673 1372/539/673 1373/537/673
f 1373/537/673 617/536/673 618/538/673
f 619/540/674 1371/541/674 1372/539/674
f 1372/539/674 618/538/674 619/540/674
f 620/542/675 1370/543/675 1371/541/675
f 1371/541/675 619/540/675 620/542/675
f 621/544/676 1369/545/676 1370/543/676
f 1370/543/676 620/542/676 621/544/676
f 622/546/677 1368/547/677 1369/545/677
f 1369/545/677 621/544/677 622/546/677
f 623/548/678 1367/549/678 1368/547/678
f 1368/547/678 622/546/678 623/548/678
f 624/550/679 1366/551/679 1367/549/679
f 1367/549/679 623/548/679 624/550/679
f 625/552/680 1365/553/680 1366/551/680
f 1366/551/680 624/550/680 625/552/680
f 626/554/681 1364/555/681 1365/553/681
f 1365/553/681 625/552/681 626/554/681
f 627/556/682 1363/557/682 1364/555/682
f 1364/555/682 626/554/682 627/556/682
f 628/558/683 1362/559/683 1363/557/683
f 1363/557/683 627/556/683 628/558/683
f 629/560/684 1361/561/684 1362/559/684
f 1362/559/684 628/558/684 629/560/684
f 630/562/685 1360/563/685 1361/561/685
f 1361/561/685 629/560/685 630/562/685
f 631/564/686 1359/565/687 1360/563/687
f 1360/563/687 630/562/688 631/564/686
f 632/566/689 1358/567/689 1359/565/689
f 1359/565/689 631/564/689 632/566/689
f 633/568/690 1357/569/690 1358/567/690
f 1358/567/690 632/566/690 633/568/690
f 634/570/691 1356/571/691 1357/569/691
f 1357/569/691 633/568/691 634/570/691
f 571/445/692 1355/444/692 1356/571/692
f 1356/571/692 634/570/692 571/445/692
f 1165/572/417 1166/573/23 954/574/23
f 954/574/23 980/575/417 1165/572/417
f 1164/576/418 1165/572/417 980/575/417
f 980/575/417 979/577/418 1164/576/418
f 1163/578/419 1164/576/418 979/577/418
f 979/577/418 978/579/419 1163/578/419
f 1162/580/420 1163/578/419 978/579/419
f 978/579/419 977/581/420 1162/580/420
f 1161/582/421 1162/580/420 977/581/420
f 977/581/420 976/583/421 1161/582/421
f 1160/584/422 1161/582/421 976/583/421
f 976/583/421 975/585/422 1160/584/422
f 1159/586/423 1160/584/422 975/585/422
f 975/585/422 974/587/423 1159/586/423
f 1158/588/424 1159/586/423 974/587/423
f 974/587/423 973/589/424 1158/588/424
f 1157/590/425 1158/588/424 973/589/424
f 973/589/424 972/591/425 1157/590/425
f 1156/592/426 1157/590/425 972/591/425
f 972/591/425 971/593/426 1156/592/426
f 1155/594/427 1156/592/426 971/593/426
f 971/593/426 970/595/427 1155/594/427
f 1154/596/428 1155/594/427 970/595/427
f 970/595/427 969/597/428 1154/596/428
f 1153/598/429 1154/596/428 969/597/428
f 969/597/428 968/599/429 1153/598/429
f 1152/600/430 1153/598/429 968/599/429
f 968/599/429 967/601/430 1152/600/430
f 1151/602/431 1152/600/430 967/601/430
f 967/601/430 966/603/431 1151/602/431
f 1150/604/2 1151/602/431 966/603/431
f 966/603/431 965/605/2 1150/604/2
f 1149/606/432 1150/607/2 965/608/2
f 965/608/2 964/609/432 1149/606/432
f 1148/610/433 1149/606/432 964/609/432
f 964/609/432 963/611/433 1148/610/433
f 1147/612/434 1148/610/433 963/611/433
f 963/611/433 962/613/434 1147/612/434
f 1210/614/435 1147/612/434 962/613/434
f 962/613/434 961/615/435 1210/614/435
f 1209/616/436 1210/614/435 961/615/435
f 961/615/435 960/617/436 1209/616/436
f 1208/618/437 1209/616/436 960/617/436
f 960/617/436 959/619/437 1208/618/437
f 1207/620/438 1208/618/437 959/619/437
f 959/619/437 958/621/438 1207/620/438
f 1206/622/439 1207/620/438 958/621/438
f 958/621/438 957/623/439 1206/622/439
f 1205/624/440 1206/622/439 957/623/439
f 957/623/439 956/625/440 1205/624/440
f 1204/626/441 1205/624/440 956/625/440
f 956/625/440 955/627/441 1204/626/441
f 1203/628/442 1204/626/441 955/627/441
f 955/627/441 1019/629/442 1203/628/442
f 1202/630/443 1203/628/442 1019/629/442
f 1019/629/442 1018/631/443 1202/630/443
f 1201/632/444 1202/630/443 1018/631/443
f 1018/631/443 1017/633/444 1201/632/444
f 1200/634/445 1201/632/444 1017/633/444
f 1017/633/444 1016/635/445 1200/634/445
f 1199/636/446 1200/634/445 1016/635/445
f 1016/635/445 1015/637/446 1199/636/446
f 1198/638/8 1199/636/446 1015/637/446
f 1015/637/446 1014/639/8 1198/638/8
f 1197/640/447 1198/638/8 1014/639/8
f 1014/639/8 1013/641/447 1197/640/447
f 1196/642/448 1197/640/447 1013/641/447
f 1013/641/447 1012/643/448 1196/642/448
f 1195/644/449 1196/642/448 1012/643/448
f 1012/643/448 1011/645/449 1195/644/449
f 1194/646/450 1195/644/449 1011/645/449
f 1011/645/449 1010/647/450 1194/646/450
f 1193/648/451 1194/646/450 1010/647/450
f 1010/647/450 1009/649/451 1193/648/451
f 1192/650/452 1193/648/451 1009/649/451
f 1009/649/451 1008/651/452 1192/650/452
f 1191/652/453 1192/650/452 1008/651/452
f 1008/651/452 1007/653/453 1191/652/453
f 1190/654/454 1191/652/453 1007/653/453
f 1007/653/453 1006/655/454 1190/654/454
f 1189/656/455 1190/654/454 1006/655/454
f 1006/655/454 1005/657/455 1189/656/455
f 1188/658/456 1189/656/455 1005/657/455
f 1005/657/455 1004/659/456 1188/658/456
f 1187/660/457 1188/658/456 1004/659/456
f 1004/659/456 1003/661/457 1187/660/457
f 1186/662/458 1187/660/457 1003/661/457
f 1003/661/457 1002/663/458 1186/662/458
f 1185/664/459 1186/662/458 1002/663/458
f 1002/663/458 1001/665/459 1185/664/459
f 1184/666/460 1185/664/459 1001/665/459
f 1001/665/459 1000/667/460 1184/666/460
f 1183/668/461 1184/666/460 1000/667/460
f 1000/667/460 999/669/461 1183/668/461
f 1182/670/192 1183/668/461 999/669/461
f 999/669/461 998/671/192 1182/670/192
f 1181/672/462 1182/670/192 998/671/192
f 998/671/192 997/673/462 1181/672/462
f 1180/674/463 1181/672/462 997/673/462
f 997/673/462 996/675/463 1180/674/463
f 1179/676/464 1180/674/463 996/675/463
f 996/675/463 995/677/464 1179/676/464
f 1178/678/465 1179/676/464 995/677/464
f 995/677/464 994/679/465 1178/678/465
f 1177/680/466 1178/678/465 994/679/465
f 994/679/465 993/681/466 1177/680/466
f 1176/682/467 1177/680/466 993/681/466
f 993/681/466 992/683/467 1176/682/467
f 1175/684/468 1176/682/467 992/683/467
f 992/683/467 991/685/468 1175/684/468
f 1174/686/469 1175/684/468 991/685/468
f 991/685/468 990/687/469 1174/686/469
f 1173/688/470 1174/686/469 990/687/469
f 990/687/469 989/689/470 1173/688/470
f 1172/690/471 1173/688/470 989/689/470
f 989/689/470 988/691/471 1172/690/471
f 1171/692/472 1172/690/471 988/691/471
f 988/691/471 987/693/472 1171/692/472
f 1170/694/473 1171/692/472 987/693/472
f 987/693/472 986/695/473 1170/694/473
f 1169/696/474 1170/694/473 986/695/473
f 986/695/473 985/697/474 1169/696/474
f 1168/698/475 1169/696/474 985/697/474
f 985/697/474 984/699/475 1168/698/475
f 1167/700/476 1168/698/475 984/699/475
f 984/699/475 983/701/476 1167/700/476
f 1166/573/23 1167/700/476 983/701/476
f 983/701/476 954/574/23 1166/573/23
f 855/832/695 1076/121/695 891/120/695
f 891/120/695 854/833/695 855/832/695
f 854/833/696 891/120/696 892/124/696
f 892/124/696 853/834/696 854/833/696
f 853/834/697 892/124/697 893/126/697
f 893/126/697 852/835/697 853/834/697
f 852/835/698 893/126/698 894/128/698
f 894/128/698 851/836/698 852/835/698
f 851/836/699 894/128/699 895/130/699
f 895/130/699 850/837/699 851/836/699
f 850/837/700 895/130/700 896/132/700
f 896/132/700 849/838/700 850/837/700
f 849/838/701 896/132/701 897/134/701
f 897/134/701 848/839/701 849/838/701
f 848/839/702 897/134/702 898/136/702
f 898/136/702 847/840/702 848/839/702
f 847/840/703 898/136/704 899/138/704
f 899/138/704 846/841/703 847/840/703
f 846/841/705 899/138/705 900/140/705
f 900/140/705 845/842/705 846/841/705
f 845/842/706 900/140/707 901/142/706
f 901/142/706 844/843/706 845/842/706
f 844/843/708 901/142/708 902/144/708
f 902/144/708 843/844/708 844/843/708
f 843/844/709 902/144/709 903/146/709
f 903/146/709 842/845/709 843/844/709
f 842/845/710 903/146/710 904/148/710
f 904/148/710 841/846/710 842/845/710
f 841/846/711 904/148/711 905/150/711
f 905/150/711 840/847/711 841/846/711
f 840/847/712 905/150/712 906/151/712
f 906/151/712 839/848/712 840/847/712
f 839/849/713 906/154/713 907/153/713
f 907/153/713 838/850/713 839/849/713
f 838/850/714 907/153/714 908/157/714
f 908/157/714 837/851/714 838/850/714
f 837/851/715 908/157/716 909/159/715
f 909/159/715 836/852/715 837/851/715
f 836/852/717 909/159/717 910/161/717
f 910/161/717 835/853/717 836/852/717
f 835/853/718 910/161/718 911/163/718
f 911/163/718 834/854/718 835/853/718
f 834/854/719 911/163/719 912/165/719
f 912/165/719 833/855/719 834/854/719
f 833/855/720 912/165/720 913/167/720
f 913/167/720 832/856/720 833/855/720
f 832/856/721 913/167/721 914/169/721
f 914/169/721 831/857/721 832/856/721
f 831/857/722 914/169/722 915/171/722
f 915/171/722 830/858/723 831/857/722
f 830/858/724 915/171/724 916/173/724
f 916/173/724 829/859/724 830/858/724
f 829/859/725 916/173/725 917/175/725
f 917/175/725 828/860/726 829/859/725
f 828/860/727 917/175/727 918/177/727
f 918/177/727 827/861/727 828/860/727
f 827/861/728 918/177/728 919/179/728
f 919/179/728 890/862/728 827/861/728
f 890/862/729 919/179/729 920/181/729
f 920/181/729 889/863/729 890/862/729
f 889/863/730 920/181/730 921/183/730
f 921/183/730 888/864/730 889/863/730
f 888/864/731 921/183/731 922/185/731
f 922/185/731 887/865/731 888/864/731
f 887/865/732 922/185/732 923/187/732
f 923/187/732 886/866/732 887/865/732
f 886/866/733 923/187/733 924/189/733
f 924/189/733 885/867/734 886/866/733
f 885/867/735 924/189/735 925/191/735
f 925/191/735 884/868/735 885/867/735
f 884/868/736 925/191/736 926/193/736
f 926/193/736 883/869/736 884/868/736
f 883/869/737 926/193/737 927/195/737
f 927/195/737 882/870/737 883/869/737
f 882/870/738 927/195/738 928/197/738
f 928/197/738 881/871/738 882/870/738
f 881/871/739 928/197/739 929/199/739
f 929/199/739 880/872/739 881/871/739
f 880/872/740 929/199/740 930/201/740
f 930/201/740 879/873/740 880/872/740
f 879/873/741 930/201/742 931/203/742
f 931/203/742 878/874/741 879/873/741
f 878/874/743 931/203/743 932/205/743
f 932/205/743 877/875/743 878/874/743
f 877/875/744 932/205/745 933/207/744
f 933/207/744 876/876/744 877/875/744
f 876/876/746 933/207/746 934/209/746
f 934/209/746 875/877/746 876/876/746
f 875/877/747 934/209/747 935/211/747
f 935/211/747 874/878/747 875/877/747
f 874/878/748 935/211/748 936/213/748
f 936/213/748 873/879/748 874/878/748
f 873/879/749 936/213/749 937/215/749
f 937/215/749 872/880/749 873/879/749
f 872/880/750 937/215/750 938/217/750
f 938/217/750 871/881/750 872/880/750
f 871/881/751 938/217/751 939/219/751
f 939/219/751 870/882/751 871/881/751
f 870/882/752 939/219/752 940/221/752
f 940/221/752 869/883/752 870/882/752
f 869/883/753 940/221/753 941/223/753
f 941/223/753 868/884/753 869/883/753
f 868/884/754 941/223/754 942/225/754
f 942/225/754 867/885/754 868/884/754
f 867/885/755 942/225/755 943/227/755
f 943/227/755 866/886/755 867/885/755
f 866/886/756 943/227/756 944/229/756
f 944/229/756 865/887/756 866/886/756
f 865/887/757 944/229/757 945/231/757
f 945/231/757 864/888/757 865/887/757
f 864/888/758 945/231/759 946/233/759
f 946/233/759 863/889/758 864/888/758
f 863/889/760 946/233/760 947/235/760
f 947/235/760 862/890/760 863/889/760
f 862/890/761 947/235/761 948/237/761
f 948/237/761 861/891/761 862/890/761
f 861/891/762 948/237/762 949/239/762
f 949/239/762 860/892/762 861/891/762
f 860/892/763 949/239/763 950/241/763
f 950/241/763 859/893/763 860/892/763
f 859/893/764 950/241/764 951/243/764
f 951/243/764 858/894/764 859/893/764
f 858/894/765 951/243/765 952/245/765
f 952/245/765 857/895/765 858/894/765
f 857/895/766 952/245/766 953/247/766
f 953/247/766 856/896/766 857/895/766
f 856/896/767 953/247/767 1076/121/767
f 1076/121/767 855/832/767 856/896/767
f 788/897/768 980/575/768 954/574/768
f 954/574/768 789/898/768 788/897/768
f 787/899/769 979/577/769 980/575/769
f 980/575/769 788/897/769 787/899/769
f 786/900/770 978/579/771 979/577/770
f 979/577/770 787/899/770 786/900/770
f 785/901/772 977/581/773 978/579/773
f 978/579/773 786/900/772 785/901/772
f 784/902/774 976/583/774 977/581/774
f 977/581/774 785/901/774 784/902/774
f 783/903/775 975/585/775 976/583/775
f 976/583/775 784/902/775 783/903/775
f 782/904/776 974/587/777 975/585/776
f 975/585/776 783/903/776 782/904/776
f 781/905/778 973/589/778 974/587/778
f 974/587/778 782/904/779 781/905/778
f 780/906/780 972/591/781 973/589/780
f 973/589/780 781/905/782 780/906/780
f 779/907/783 971/593/784 972/591/783
f 972/591/783 780/906/783 779/907/783
f 778/908/785 970/595/785 971/593/785
f 971/593/785 779/907/785 778/908/785
f 777/909/786 969/597/786 970/595/786
f 970/595/786 778/908/786 777/909/786
f 776/910/787 968/599/787 969/597/787
f 969/597/787 777/909/787 776/910/787
f 775/911/788 967/601/788 968/599/788
f 968/599/788 776/910/788 775/911/788
f 774/912/789 966/603/789 967/601/789
f 967/601/789 775/911/789 774/912/789
f 773/913/790 965/605/790 966/603/790
f 966/603/790 774/912/791 773/913/790
f 772/914/792 964/609/792 965/608/792
f 965/608/792 773/915/792 772/914/792
f 771/916/793 963/611/793 964/609/793
f 964/609/793 772/914/793 771/916/793
f 770/917/794 962/613/795 963/611/794
f 963/611/794 771/916/794 770/917/794
f 769/918/796 961/615/796 962/613/796
f 962/613/796 770/917/796 769/918/796
f 768/919/797 960/617/797 961/615/797
f 961/615/797 769/918/797 768/919/797
f 767/920/798 959/619/798 960/617/798
f 960/617/798 768/919/799 767/920/798
f 766/921/800 958/621/800 959/619/800
f 959/619/800 767/920/800 766/921/800
f 765/922/801 957/623/801 958/621/801
f 958/621/801 766/921/801 765/922/801
f 764/923/802 956/625/802 957/623/802
f 957/623/802 765/922/802 764/923/802
f 763/924/803 955/627/804 956/625/803
f 956/625/803 764/923/803 763/924/803
f 826/925/805 1019/629/805 955/627/805
f 955/627/805 763/924/806 826/925/805
f 825/926/807 1018/631/807 1019/629/807
f 1019/629/807 826/925/807 825/926/807
f 824/927/808 1017/633/808 1018/631/808
f 1018/631/808 825/926/809 824/927/808
f 823/928/810 1016/635/811 1017/633/811
f 1017/633/811 824/927/810 823/928/810
f 822/929/812 1015/637/812 1016/635/812
f 1016/635/812 823/928/812 822/929/812
f 821/930/813 1014/639/813 1015/637/813
f 1015/637/813 822/929/814 821/930/813
f 820/931/815 1013/641/815 1014/639/815
f 1014/639/815 821/930/815 820/931/815
f 819/932/816 1012/643/816 1013/641/816
f 1013/641/816 820/931/816 819/932/816
f 818/933/817 1011/645/817 1012/643/817
f 1012/643/817 819/932/817 818/933/817
f 817/934/818 1010/647/818 1011/645/818
f 1011/645/818 818/933/818 817/934/818
f 816/935/819 1009/649/819 1010/647/819
f 1010/647/819 817/934/819 816/935/819
f 815/936/820 1008/651/820 1009/649/820
f 1009/649/820 816/935/821 815/936/820
f 814/937/822 1007/653/822 1008/651/822
f 1008/651/822 815/936/823 814/937/822
f 813/938/824 1006/655/824 1007/653/824
f 1007/653/824 814/937/825 813/938/824
f 812/939/826 1005/657/827 1006/655/826
f 1006/655/826 813/938/828 812/939/826
f 811/940/829 1004/659/829 1005/657/829
f 1005/657/829 812/939/829 811/940/829
f 810/941/830 1003/661/831 1004/659/830
f 1004/659/830 811/940/832 810/941/830
f 809/942/833 1002/663/833 1003/661/833
f 1003/661/833 810/941/833 809/942/833
f 808/943/834 1001/665/835 1002/663/834
f 1002/663/834 809/942/834 808/943/834
f 807/944/836 1000/667/837 1001/665/836
f 1001/665/836 808/943/836 807/944/836
f 806/945/838 999/669/838 1000/667/838
f 1000/667/838 807/944/838 806/945/838
f 805/946/839 998/671/839 999/669/839
f 999/669/839 806/945/839 805/946/839
f 804/947/840 997/673/840 998/671/840
f 998/671/840 805/946/840 804/947/840
f 803/948/841 996/675/842 997/673/841
f 997/673/841 804/947/841 803/948/841
f 802/949/843 995/677/843 996/675/843
f 996/675/843 803/948/843 802/949/843
f 801/950/844 994/679/845 995/677/844
f 995/677/844 802/949/844 801/950/844
f 800/951/846 993/681/847 994/679/846
f 994/679/846 801/950/846 800/951/846
f 799/952/848 992/683/848 993/681/848
f 993/681/848 800/951/848 799/952/848
f 798/953/849 991/685/849 992/683/849
f 992/683/849 799/952/849 798/953/849
f 797/954/850 990/687/851 991/685/850
f 991/685/850 798/953/850 797/954/850
f 796/955/852 989/689/853 990/687/852
f 990/687/852 797/954/854 796/955/852
f 795/956/855 988/691/855 989/689/855
f 989/689/855 796/955/856 795/956/855
f 794/957/857 987/693/858 988/691/857
f 988/691/857 795/956/857 794/957/857
f 793/958/859 986/695/859 987/693/859
f 987/693/859 794/957/859 793/958/859
f 792/959/860 985/697/860 986/695/860
f 986/695/860 793/958/861 792/959/860
f 791/960/862 984/699/863 985/697/862
f 985/697/862 792/959/862 791/960/862
f 790/961/864 983/701/864 984/699/864
f 984/699/864 791/960/864 790/961/864
f 789/898/865 954/574/865 983/701/865
f 983/701/865 790/961/865 789/898/865
f 657/315/491 658/314/490 1166/573/23
f 1166/573/23 1165/572/417 657/315/491
f 656/317/493 657/315/491 1165/572/417
f 1165/572/417 1164/576/418 656/317/493
f 655/319/495 656/317/493 1164/576/418
f 1164/576/418 1163/578/419 655/319/495
f 654/321/497 655/319/495 1163/578/419
f 1163/578/419 1162/580/420 654/321/497
f 653/323/499 654/321/497 1162/580/420
f 1162/580/420 1161/582/421 653/323/499
f 652/325/501 653/323/499 1161/582/421
f 1161/582/421 1160/584/422 652/325/501
f 651/327/503 652/325/501 1160/584/422
f 1160/584/422 1159/586/423 651/327/503
f 650/329/505 651/327/503 1159/586/423
f 1159/586/423 1158/588/424 650/329/505
f 649/331/507 650/329/505 1158/588/424
f 1158/588/424 1157/590/425 649/331/507
f 648/333/509 649/331/507 1157/590/425
f 1157/590/425 1156/592/426 648/333/509
f 647/335/511 648/333/509 1156/592/426
f 1156/592/426 1155/594/427 647/335/511
f 646/337/513 647/335/511 1155/594/427
f 1155/594/427 1154/596/428 646/337/513
f 645/339/515 646/337/513 1154/596/428
f 1154/596/428 1153/598/429 645/339/515
f 644/341/517 645/339/515 1153/598/429
f 1153/598/429 1152/600/430 644/341/517
f 643/343/519 644/341/517 1152/600/430
f 1152/600/430 1151/602/431 643/343/519
f 642/345/521 643/343/519 1151/602/431
f 1151/602/431 1150/604/2 642/345/521
f 641/349/523 642/348/521 1150/607/2
f 1150/607/2 1149/606/432 641/349/523
f 640/350/524 641/349/523 1149/606/432
f 1149/606/432 1148/610/433 640/350/524
f 639/352/526 640/350/524 1148/610/433
f 1148/610/433 1147/612/434 639/352/526
f 638/354/528 639/352/526 1147/612/434
f 1147/612/434 1210/614/435 638/354/528
f 637/356/530 638/354/528 1210/614/435
f 1210/614/435 1209/616/436 637/356/530
f 636/358/532 637/356/530 1209/616/436
f 1209/616/436 1208/618/437 636/358/532
f 635/360/534 636/358/532 1208/618/437
f 1208/618/437 1207/620/438 635/360/534
f 698/362/536 635/360/534 1207/620/438
f 1207/620/438 1206/622/439 698/362/536
f 697/364/538 698/362/536 1206/622/439
f 1206/622/439 1205/624/440 697/364/538
f 696/366/540 697/364/538 1205/624/440
f 1205/624/440 1204/626/441 696/366/540
f 695/368/542 696/366/540 1204/626/441
f 1204/626/441 1203/628/442 695/368/542
f 694/370/544 695/368/542 1203/628/442
f 1203/628/442 1202/630/443 694/370/544
f 693/372/546 694/370/544 1202/630/443
f 1202/630/443 1201/632/444 693/372/546
f 692/374/548 693/372/546 1201/632/444
f 1201/632/444 1200/634/445 692/374/548
f 691/376/550 692/374/548 1200/634/445
f 1200/634/445 1199/636/446 691/376/550
f 690/379/553 691/376/550 1199/636/446
f 1199/636/446 1198/638/8 690/379/553
f 689/381/555 690/379/553 1198/638/8
f 1198/638/8 1197/640/447 689/381/555
f 688/383/557 689/381/555 1197/640/447
f 1197/640/447 1196/642/448 688/383/557
f 687/385/559 688/383/557 1196/642/448
f 1196/642/448 1195/644/449 687/385/559
f 686/387/561 687/385/559 1195/644/449
f 1195/644/449 1194/646/450 686/387/561
f 685/389/563 686/387/561 1194/646/450
f 1194/646/450 1193/648/451 685/389/563
f 684/391/565 685/389/563 1193/648/451
f 1193/648/451 1192/650/452 684/391/565
f 683/393/567 684/391/565 1192/650/452
f 1192/650/452 1191/652/453 683/393/567
f 682/395/569 683/393/567 1191/652/453
f 1191/652/453 1190/654/454 682/395/569
f 681/397/571 682/395/569 1190/654/454
f 1190/654/454 1189/656/455 681/397/571
f 680/399/573 681/397/571 1189/656/455
f 1189/656/455 1188/658/456 680/399/573
f 679/401/575 680/399/573 1188/658/456
f 1188/658/456 1187/660/457 679/401/575
f 678/403/577 679/401/575 1187/660/457
f 1187/660/457 1186/662/458 678/403/577
f 677/405/579 678/403/577 1186/662/458
f 1186/662/458 1185/664/459 677/405/579
f 676/407/581 677/405/579 1185/664/459
f 1185/664/459 1184/666/460 676/407/581
f 675/409/583 676/407/581 1184/666/460
f 1184/666/460 1183/668/461 675/409/583
f 674/411/585 675/409/583 1183/668/461
f 1183/668/461 1182/670/192 674/411/585
f 673/413/587 674/411/585 1182/670/192
f 1182/670/192 1181/672/462 673/413/587
f 672/414/588 673/413/587 1181/672/462
f 1181/672/462 1180/674/463 672/414/588
f 671/416/590 672/414/588 1180/674/463
f 1180/674/463 1179/676/464 671/416/590
f 670/418/592 671/416/590 1179/676/464
f 1179/676/464 1178/678/465 670/418/592
f 669/420/594 670/418/592 1178/678/465
f 1178/678/465 1177/680/466 669/420/594
f 668/422/596 669/420/594 1177/680/466
f 1177/680/466 1176/682/467 668/422/596
f 667/424/598 668/422/596 1176/682/467
f 1176/682/467 1175/684/468 667/424/598
f 666/426/600 667/424/598 1175/684/468
f 1175/684/468 1174/686/469 666/426/600
f 665/428/602 666/426/600 1174/686/469
f 1174/686/469 1173/688/470 665/428/602
f 664/430/604 665/428/602 1173/688/470
f 1173/688/470 1172/690/471 664/430/604
f 663/432/606 664/430/604 1172/690/471
f 1172/690/471 1171/692/472 663/432/606
f 662/434/608 663/432/606 1171/692/472
f 1171/692/472 1170/694/473 662/434/608
f 661/436/610 662/434/608 1170/694/473
f 1170/694/473 1169/696/474 661/436/610
f 660/438/612 661/436/610 1169/696/474
f 1169/696/474 1168/698/475 660/438/612
f 659/440/614 660/438/612 1168/698/475
f 1168/698/475 1167/700/476 659/440/614
f 658/314/490 659/440/614 1167/700/476
f 1167/700/476 1166/573/23 658/314/490
f 1290/1027/909 1291/1028/910 1231/313/489
f 1231/313/489 1230/312/488 1290/1027/909
f 1289/1029/911 1290/1027/909 1230/312/488
f 1230/312/488 1229/316/492 1289/1029/911
f 1288/1030/912 1289/1029/911 1229/316/492
f 1229/316/492 1228/318/494 1288/1030/912
f 1287/1031/913 1288/1030/912 1228/318/494
f 1228/318/494 1227/320/496 1287/1031/913
f 1286/1032/914 1287/1031/913 1227/320/496
f 1227/320/496 1226/322/498 1286/1032/914
f 1285/1033/915 1286/1032/914 1226/322/498
f 1226/322/498 1225/324/500 1285/1033/915
f 1284/1034/916 1285/1033/915 1225/324/500
f 1225/324/500 1224/326/502 1284/1034/916
f 1283/1035/917 1284/1034/916 1224/326/502
f 1224/326/502 1223/328/504 1283/1035/917
f 1282/1036/918 1283/1035/917 1223/328/504
f 1223/328/504 1222/330/506 1282/1036/918
f 1281/1037/919 1282/1036/918 1222/330/506
f 1222/330/506 1221/332/508 1281/1037/919
f 1280/1038/920 1281/1037/919 1221/332/508
f 1221/332/508 1220/334/510 1280/1038/920
f 1279/1039/921 1280/1038/920 1220/334/510
f 1220/334/510 1219/336/512 1279/1039/921
f 1278/1040/922 1279/1039/921 1219/336/512
f 1219/336/512 1218/338/514 1278/1040/922
f 1277/1041/923 1278/1040/922 1218/338/514
f 1218/338/514 1217/340/516 1277/1041/923
f 1276/1042/924 1277/1041/923 1217/340/516
f 1217/340/516 1216/342/518 1276/1042/924
f 1275/1043/925 1276/1042/924 1216/342/518
f 1216/342/518 1215/344/520 1275/1043/925
f 1338/1044/926 1275/1045/925 1215/347/520
f 1215/347/520 1214/346/522 1338/1044/926
f 1337/1046/927 1338/1044/926 1214/346/522
f 1214/346/522 1213/351/525 1337/1046/927
f 1336/1047/928 1337/1046/927 1213/351/525
f 1213/351/525 1212/353/527 1336/1047/928
f 1335/1048/929 1336/1047/928 1212/353/527
f 1212/353/527 1211/355/529 1335/1048/929
f 1334/1049/930 1335/1048/929 1211/355/529
f 1211/355/529 1274/357/531 1334/1049/930
f 1333/1050/931 1334/1049/930 1274/357/531
f 1274/357/531 1273/359/533 1333/1050/931
f 1332/1051/932 1333/1050/931 1273/359/533
f 1273/359/533 1272/361/535 1332/1051/932
f 1331/1052/933 1332/1051/932 1272/361/535
f 1272/361/535 1271/363/537 1331/1052/933
f 1330/1053/934 1331/1052/933 1271/363/537
f 1271/363/537 1270/365/539 1330/1053/934
f 1329/1054/935 1330/1053/934 1270/365/539
f 1270/365/539 1269/367/541 1329/1054/935
f 1328/1055/936 1329/1054/935 1269/367/541
f 1269/367/541 1268/369/543 1328/1055/936
f 1327/1056/937 1328/1055/936 1268/369/543
f 1268/369/543 1267/371/545 1327/1056/937
f 1326/1057/938 1327/1056/937 1267/371/545
f 1267/371/545 1266/373/547 1326/1057/938
f 1325/1058/939 1326/1057/938 1266/373/547
f 1266/373/547 1265/375/549 1325/1058/939
f 1324/1059/940 1325/1058/939 1265/375/549
f 1265/375/549 1264/377/551 1324/1059/940
f 1323/1060/941 1324/1059/940 1264/377/551
f 1264/377/551 1263/378/552 1323/1060/941
f 1322/1061/942 1323/1060/941 1263/378/552
f 1263/378/552 1262/380/554 1322/1061/942
f 1321/1062/943 1322/1061/942 1262/380/554
f 1262/380/554 1261/382/556 1321/1062/943
f 1320/1063/944 1321/1062/943 1261/382/556
f 1261/382/556 1260/384/558 1320/1063/944
f 1319/1064/945 1320/1063/944 1260/384/558
f 1260/384/558 1259/386/560 1319/1064/945
f 1318/1065/946 1319/1064/945 1259/386/560
f 1259/386/560 1258/388/562 1318/1065/946
f 1317/1066/947 1318/1065/946 1258/388/562
f 1258/388/562 1257/390/564 1317/1066/947
f 1316/1067/948 1317/1066/947 1257/390/564
f 1257/390/564 1256/392/566 1316/1067/948
f 1315/1068/949 1316/1067/948 1256/392/566
f 1256/392/566 1255/394/568 1315/1068/949
f 1314/1069/950 1315/1068/949 1255/394/568
f 1255/394/568 1254/396/570 1314/1069/950
f 1313/1070/951 1314/1069/950 1254/396/570
f 1254/396/570 1253/398/572 1313/1070/951
f 1312/1071/952 1313/1070/951 1253/398/572
f 1253/398/572 1252/400/574 1312/1071/952
f 1311/1072/953 1312/1071/952 1252/400/574
f 1252/400/574 1251/402/576 1311/1072/953
f 1310/1073/954 1311/1072/953 1251/402/576
f 1251/402/576 1250/404/578 1310/1073/954
f 1309/1074/955 1310/1073/954 1250/404/578
f 1250/404/578 1249/406/580 1309/1074/955
f 1308/1075/956 1309/1074/955 1249/406/580
f 1249/406/580 1248/408/582 1308/1075/956
f 1307/1076/957 1308/1075/956 1248/408/582
f 1248/408/582 1247/410/584 1307/1076/957
f 1306/1077/958 1307/1076/957 1247/410/584
f 1247/410/584 1246/412/586 1306/1077/958
f 1305/1078/959 1306/1077/958 1246/412/586
f 1246/412/586 1245/415/589 1305/1078/959
f 1304/1079/960 1305/1078/959 1245/415/589
f 1245/415/589 1244/417/591 1304/1079/960
f 1303/1080/961 1304/1079/960 1244/417/591
f 1244/417/591 1243/419/593 1303/1080/961
f 1302/1081/962 1303/1080/961 1243/419/593
f 1243/419/593 1242/421/595 1302/1081/962
f 1301/1082/963 1302/1081/962 1242/421/595
f 1242/421/595 1241/423/597 1301/1082/963
f 1300/1083/964 1301/1082/963 1241/423/597
f 1241/423/597 1240/425/599 1300/1083/964
f 1299/1084/965 1300/1083/964 1240/425/599
f 1240/425/599 1239/427/601 1299/1084/965
f 1298/1085/966 1299/1084/965 1239/427/601
f 1239/427/601 1238/429/603 1298/1085/966
f 1297/1086/967 1298/1085/966 1238/429/603
f 1238/429/603 1237/431/605 1297/1086/967
f 1296/1087/968 1297/1086/967 1237/431/605
f 1237/431/605 1236/433/607 1296/1087/968
f 1295/1088/969 1296/1087/968 1236/433/607
f 1236/433/607 1235/435/609 1295/1088/969
f 1294/1089/970 1295/1088/969 1235/435/609
f 1235/435/609 1234/437/611 1294/1089/970
f 1293/1090/971 1294/1089/970 1234/437/611
f 1234/437/611 1233/439/613 1293/1090/971
f 1292/1091/972 1293/1090/971 1233/439/613
f 1233/439/613 1232/441/615 1292/1091/972
f 1291/1028/910 1292/1091/972 1232/441/615
f 1232/441/615 1231/313/489 1291/1028/910
f 572/442/973 571/445/974 1291/1028/910
f 1291/1028/910 1290/1027/909 572/442/973
f 1289/1029/911 573/446/975 572/442/973
f 572/442/973 1290/1027/909 1289/1029/911
f 1288/1030/912 574/448/976 573/446/975
f 573/446/975 1289/1029/911 1288/1030/912
f 1287/1031/913 575/450/977 574/448/976
f 574/448/976 1288/1030/912 1287/1031/913
f 1286/1032/914 576/452/978 575/450/977
f 575/450/977 1287/1031/913 1286/1032/914
f 1285/1033/915 577/454/979 576/452/978
f 576/452/978 1286/1032/914 1285/1033/915
f 1284/1034/916 578/456/980 577/454/979
f 577/454/979 1285/1033/915 1284/1034/916
f 1283/1035/917 579/458/981 578/456/980
f 578/456/980 1284/1034/916 1283/1035/917
f 1282/1036/918 580/460/982 579/458/981
f 579/458/981 1283/1035/917 1282/1036/918
f 1281/1037/919 581/462/983 580/460/982
f 580/460/982 1282/1036/918 1281/1037/919
f 1280/1038/920 582/464/984 581/462/983
f 581/462/983 1281/1037/919 1280/1038/920
f 1279/1039/921 583/466/985 582/464/984
f 582/464/984 1280/1038/920 1279/1039/921
f 1278/1040/922 584/468/986 583/466/985
f 583/466/985 1279/1039/921 1278/1040/922
f 1277/1041/923 585/470/987 584/468/986
f 584/468/986 1278/1040/922 1277/1041/923
f 1276/1042/924 586/472/988 585/470/987
f 585/470/987 1277/1041/923 1276/1042/924
f 587/474/989 586/472/988 1276/1042/924
f 1276/1042/924 1275/1043/925 587/474/989
f 588/476/990 587/479/989 1275/1045/925
f 1275/1045/925 1338/1044/926 588/476/990
f 589/480/991 588/476/990 1338/1044/926
f 1338/1044/926 1337/1046/927 589/480/991
f 590/482/992 589/480/991 1337/1046/927
f 1337/1046/927 1336/1047/928 590/482/992
f 591/484/993 590/482/992 1336/1047/928
f 1336/1047/928 1335/1048/929 591/484/993
f 592/486/994 591/484/993 1335/1048/929
f 1335/1048/929 1334/1049/930 592/486/994
f 593/488/995 592/486/994 1334/1049/930
f 1334/1049/930 1333/1050/931 593/488/995
f 594/490/996 593/488/995 1333/1050/931
f 1333/1050/931 1332/1051/932 594/490/996
f 595/492/997 594/490/996 1332/1051/932
f 1332/1051/932 1331/1052/933 595/492/997
f 596/494/998 595/492/997 1331/1052/933
f 1331/1052/933 1330/1053/934 596/494/998
f 597/496/999 596/494/998 1330/1053/934
f 1330/1053/934 1329/1054/935 597/496/999
f 598/498/1000 597/496/999 1329/1054/935
f 1329/1054/935 1328/1055/936 598/498/1000
f 599/500/1001 598/498/1000 1328/1055/936
f 1328/1055/936 1327/1056/937 599/500/1001
f 600/502/1002 599/500/1001 1327/1056/937
f 1327/1056/937 1326/1057/938 600/502/1002
f 601/504/1003 600/502/1002 1326/1057/938
f 1326/1057/938 1325/1058/939 601/504/1003
f 602/506/1004 601/504/1003 1325/1058/939
f 1325/1058/939 1324/1059/940 602/506/1004
f 603/508/941 602/506/1004 1324/1059/940
f 1324/1059/940 1323/1060/941 603/508/941
f 604/510/1005 603/508/941 1323/1060/941
f 1323/1060/941 1322/1061/942 604/510/1005
f 1321/1062/943 605/512/1006 604/510/1005
f 604/510/1005 1322/1061/942 1321/1062/943
f 1320/1063/944 606/514/1007 605/512/1006
f 605/512/1006 1321/1062/943 1320/1063/944
f 1319/1064/945 607/516/1008 606/514/1007
f 606/514/1007 1320/1063/944 1319/1064/945
f 1318/1065/946 608/518/1009 607/516/1008
f 607/516/1008 1319/1064/945 1318/1065/946
f 1317/1066/947 609/520/1010 608/518/1009
f 608/518/1009 1318/1065/946 1317/1066/947
f 1316/1067/948 610/522/1011 609/520/1010
f 609/520/1010 1317/1066/947 1316/1067/948
f 1315/1068/949 611/524/1012 610/522/1011
f 610/522/1011 1316/1067/948 1315/1068/949
f 1314/1069/950 612/526/1013 611/524/1012
f 611/524/1012 1315/1068/949 1314/1069/950
f 1313/1070/951 613/528/1014 612/526/1013
f 612/526/1013 1314/1069/950 1313/1070/951
f 1312/1071/952 614/530/1015 613/528/1014
f 613/528/1014 1313/1070/951 1312/1071/952
f 1311/1072/953 615/532/1016 614/530/1015
f 614/530/1015 1312/1071/952 1311/1072/953
f 1310/1073/954 616/534/1017 615/532/1016
f 615/532/1016 1311/1072/953 1310/1073/954
f 1309/1074/955 617/536/1018 616/534/1017
f 616/534/1017 1310/1073/954 1309/1074/955
f 1308/1075/956 618/538/1019 617/536/1018
f 617/536/1018 1309/1074/955 1308/1075/956
f 619/540/957 618/538/1019 1308/1075/956
f 1308/1075/956 1307/1076/957 619/540/957
f 620/542/1020 619/540/957 1307/1076/957
f 1307/1076/957 1306/1077/958 620/542/1020
f 621/544/1021 620/542/1020 1306/1077/958
f 1306/1077/958 1305/1078/959 621/544/1021
f 622/546/1022 621/544/1021 1305/1078/959
f 1305/1078/959 1304/1079/960 622/546/1022
f 623/548/1023 622/546/1022 1304/1079/960
f 1304/1079/960 1303/1080/961 623/548/1023
f 624/550/1024 623/548/1023 1303/1080/961
f 1303/1080/961 1302/1081/962 624/550/1024
f 625/552/1025 624/550/1024 1302/1081/962
f 1302/1081/962 1301/1082/963 625/552/1025
f 626/554/1026 625/552/1025 1301/1082/963
f 1301/1082/963 1300/1083/964 626/554/1026
f 627/556/1027 626/554/1026 1300/1083/964
f 1300/1083/964 1299/1084/965 627/556/1027
f 628/558/1028 627/556/1027 1299/1084/965
f 1299/1084/965 1298/1085/966 628/558/1028
f 629/560/1029 628/558/1028 1298/1085/966
f 1298/1085/966 1297/1086/967 629/560/1029
f 630/562/1030 629/560/1029 1297/1086/967
f 1297/1086/967 1296/1087/968 630/562/1030
f 631/564/1031 630/562/1030 1296/1087/968
f 1296/1087/968 1295/1088/969 631/564/1031
f 632/566/1032 631/564/1031 1295/1088/969
f 1295/1088/969 1294/1089/970 632/566/1032
f 633/568/1033 632/566/1032 1294/1089/970
f 1294/1089/970 1293/1090/971 633/568/1033
f 634/570/1034 633/568/1033 1293/1090/971
f 1293/1090/971 1292/1091/972 634/570/1034
f 571/445/974 634/570/1034 1292/1091/972
f 1292/1091/972 1291/1028/910 571/445/974
f 700/309/1035 699/310/1035 1355/444/616
f 1355/444/616 1354/443/616 700/309/1035
f 701/308/617 700/309/617 1354/443/617
f 1354/443/617 1353/447/617 701/308/617
f 702/307/618 701/308/618 1353/447/618
f 1353/447/618 1352/449/618 702/307/618
f 703/306/619 702/307/619 1352/449/619
f 1352/449/619 1351/451/619 703/306/619
f 704/305/621 703/306/621 1351/451/621
f 1351/451/621 1350/453/621 704/305/621
f 705/304/623 704/305/623 1350/453/623
f 1350/453/623 1349/455/623 705/304/623
f 706/303/625 705/304/625 1349/455/625
f 1349/455/625 1348/457/625 706/303/625
f 707/302/627 706/303/627 1348/457/627
f 1348/457/627 1347/459/627 707/302/627
f 708/301/628 707/302/628 1347/459/628
f 1347/459/628 1346/461/628 708/301/628
f 709/300/629 708/301/629 1346/461/629
f 1346/461/629 1345/463/629 709/300/629
f 710/299/630 709/300/630 1345/463/630
f 1345/463/630 1344/465/630 710/299/630
f 711/298/631 710/299/631 1344/465/631
f 1344/465/631 1343/467/631 711/298/631
f 712/297/632 711/298/632 1343/467/632
f 1343/467/632 1342/469/632 712/297/632
f 713/296/633 712/297/633 1342/469/633
f 1342/469/633 1341/471/633 713/296/633
f 714/295/634 713/296/634 1341/471/634
f 1341/471/634 1340/473/634 714/295/634
f 715/294/635 714/295/635 1340/473/635
f 1340/473/635 1339/475/635 715/294/635
f 716/293/636 715/294/636 1339/478/636
f 1339/478/636 1402/477/636 716/293/636
f 717/292/637 716/293/637 1402/477/637
f 1402/477/637 1401/481/637 717/292/637
f 718/291/638 717/292/638 1401/481/638
f 1401/481/638 1400/483/638 718/291/638
f 719/290/639 718/291/639 1400/483/639
f 1400/483/639 1399/485/639 719/290/639
f 720/289/640 719/290/640 1399/485/640
f 1399/485/640 1398/487/640 720/289/640
f 721/288/641 720/289/641 1398/487/641
f 1398/487/641 1397/489/641 721/288/641
f 722/287/643 721/288/643 1397/489/643
f 1397/489/643 1396/491/643 722/287/643
f 723/286/644 722/287/644 1396/491/644
f 1396/491/644 1395/493/644 723/286/644
f 724/285/645 723/286/645 1395/493/645
f 1395/493/645 1394/495/645 724/285/645
f 725/284/647 724/285/647 1394/495/647
f 1394/495/647 1393/497/647 725/284/647
f 726/283/648 725/284/648 1393/497/648
f 1393/497/648 1392/499/648 726/283/648
f 727/282/1036 726/283/1036 1392/499/650
f 1392/499/650 1391/501/650 727/282/1036
f 728/281/651 727/282/651 1391/501/651
f 1391/501/651 1390/503/651 728/281/651
f 729/280/652 728/281/652 1390/503/652
f 1390/503/652 1389/505/652 729/280/652
f 730/279/653 729/280/653 1389/505/653
f 1389/505/653 1388/507/653 730/279/653
f 731/278/654 730/279/654 1388/507/654
f 1388/507/654 1387/509/654 731/278/654
f 732/277/655 731/278/655 1387/509/655
f 1387/509/655 1386/511/655 732/277/655
f 733/276/656 732/277/656 1386/511/656
f 1386/511/656 1385/513/656 733/276/656
f 734/275/657 733/276/657 1385/513/657
f 1385/513/657 1384/515/657 734/275/657
f 735/274/658 734/275/658 1384/515/658
f 1384/515/658 1383/517/658 735/274/658
f 736/273/660 735/274/660 1383/517/660
f 1383/517/660 1382/519/660 736/273/660
f 737/272/662 736/273/662 1382/519/662
f 1382/519/662 1381/521/662 737/272/662
f 738/271/663 737/272/663 1381/521/663
f 1381/521/663 1380/523/663 738/271/663
f 739/270/665 738/271/665 1380/523/665
f 1380/523/665 1379/525/665 739/270/665
f 740/269/666 739/270/666 1379/525/666
f 1379/525/666 1378/527/666 740/269/666
f 741/268/667 740/269/667 1378/527/667
f 1378/527/667 1377/529/667 741/268/667
f 742/267/668 741/268/668 1377/529/668
f 1377/529/668 1376/531/668 742/267/668
f 743/266/670 742/267/670 1376/531/670
f 1376/531/670 1375/533/670 743/266/670
f 744/265/671 743/266/671 1375/533/671
f 1375/533/671 1374/535/671 744/265/671
f 745/264/672 744/265/672 1374/535/672
f 1374/535/672 1373/537/672 745/264/672
f 746/263/673 745/264/673 1373/537/673
f 1373/537/673 1372/539/673 746/263/673
f 747/262/674 746/263/674 1372/539/674
f 1372/539/674 1371/541/674 747/262/674
f 748/261/675 747/262/675 1371/541/675
f 1371/541/675 1370/543/675 748/261/675
f 749/260/676 748/261/676 1370/543/676
f 1370/543/676 1369/545/676 749/260/676
f 750/259/677 749/260/677 1369/545/677
f 1369/545/677 1368/547/677 750/259/677
f 751/258/678 750/259/678 1368/547/678
f 1368/547/678 1367/549/678 751/258/678
f 752/257/679 751/258/679 1367/549/679
f 1367/549/679 1366/551/679 752/257/679
f 753/256/680 752/257/680 1366/551/680
f 1366/551/680 1365/553/680 753/256/680
f 754/255/681 753/256/681 1365/553/681
f 1365/553/681 1364/555/681 754/255/681
f 755/254/682 754/255/682 1364/555/682
f 1364/555/682 1363/557/682 755/254/682
f 756/253/683 755/254/683 1363/557/683
f 1363/557/683 1362/559/683 756/253/683
f 757/252/684 756/253/684 1362/559/684
f 1362/559/684 1361/561/684 757/252/684
f 758/251/685 757/252/685 1361/561/685
f 1361/561/685 1360/563/685 758/251/685
f 759/250/686 758/251/686 1360/563/687
f 1360/563/687 1359/565/687 759/250/686
f 760/249/689 759/250/689 1359/565/689
f 1359/565/689 1358/567/689 760/249/689
f 761/248/690 760/249/690 1358/567/690
f 1358/567/690 1357/569/690 761/248/690
f 762/311/691 761/248/691 1357/569/691
f 1357/569/691 1356/571/691 762/311/691
f 699/310/692 762/311/692 1356/571/692
f 1356/571/692 1355/444/692 699/310/692
f 1682/6/43 1695/18/43 1688/21/43
f 1688/21/43 1677/1165/43 1683/1166/43
f 1682/6/43 1688/21/43 1683/1166/43
f 1696/1166/43 1687/1165/43 1688/21/43
f 1694/6/43 1696/1166/43 1688/21/43
f 1694/6/43 1688/21/43 1695/18/43
f 1748/1166/43 1738/1165/43 1739/21/43
f 1682/6/43 1748/1166/43 1739/21/43
f 1682/6/43 1739/21/43 1695/18/43
f 1694/6/43 1695/18/43 1739/21/43
f 1739/21/43 1763/1165/43 1768/1166/43
f 1694/6/43 1739/21/43 1768/1166/43
f 153/92/196 2656/92/196 2710/91/196
f 2710/91/196 2711/91/196 153/92/196
f 2769/117/197 2768/117/197 2707/70/197
f 2707/70/197 2706/70/197 2769/117/197
f 2764/110/2 2763/111/2 2712/91/2
f 2712/91/2 2711/91/2 2764/110/2
f 154/71/2 248/71/2 2705/70/2
f 2705/70/2 2706/70/2 154/71/2
f 2660/92/384 444/92/384 2693/91/384
f 2693/91/384 2694/91/384 2660/92/384
f 2778/117/385 2777/117/385 2698/70/385
f 2698/70/385 2697/70/385 2778/117/385
f 2783/110/192 2782/111/192 2693/91/192
f 2693/91/192 2692/91/192 2783/110/192
f 2699/70/192 441/71/192 445/71/192
f 445/71/192 2698/70/192 2699/70/192
f 2711/91/196 2710/91/196 2765/111/196
f 2765/111/196 2764/110/196 2711/91/196
f 2706/70/2 2705/70/2 2770/117/2
f 2770/117/2 2769/117/2 2706/70/2
f 2694/91/384 2693/91/384 2782/111/384
f 2782/111/384 2781/110/384 2694/91/384
f 2699/70/192 2698/70/192 2777/117/192
f 2777/117/192 2776/117/192 2699/70/192
f 151/10/197 2654/10/197 2768/117/197
f 2768/117/197 2769/117/197 151/10/197
f 152/9/2 250/9/2 2763/111/2
f 2763/111/2 2764/110/2 152/9/2
f 2659/10/385 442/10/385 2777/117/385
f 2777/117/385 2778/117/385 2659/10/385
f 2783/110/192 438/9/192 443/9/192
f 443/9/192 2782/111/192 2783/110/192
usemtl PN_Black
f 158/71/2 2708/70/2 2709/91/2
f 2709/91/2 157/92/2 158/71/2
f 2695/91/192 2696/70/192 361/71/192
f 361/71/192 360/92/192 2695/91/192
f 156/9/45 155/10/45 2654/10/45
f 2654/10/45 2655/9/45 156/9/45
f 157/92/196 2709/91/196 2710/91/196
f 2710/91/196 2656/92/196 157/92/196
f 158/71/43 157/92/43 2656/92/43
f 2656/92/43 2657/71/43 158/71/43
f 155/10/197 2767/117/197 2768/117/197
f 2768/117/197 2654/10/197 155/10/197
f 362/10/45 363/9/45 2658/9/45
f 2658/9/45 2659/10/45 362/10/45
f 363/9/384 2780/111/384 2781/110/384
f 2781/110/384 2658/9/384 363/9/384
f 360/92/43 361/71/43 2661/71/43
f 2661/71/43 2660/92/43 360/92/43
f 361/71/385 2696/70/385 2697/70/385
f 2697/70/385 2661/71/385 361/71/385
f 176/12/203 175/13/203 2662/13/203
f 2662/13/203 2663/12/203 176/12/203
f 177/58/45 176/12/45 2663/12/45
f 2663/12/45 2664/58/45 177/58/45
f 178/13/204 177/58/204 2664/58/204
f 2664/58/204 2665/13/204 178/13/204
f 175/13/43 178/13/43 2665/13/43
f 2665/13/43 2662/13/43 175/13/43
f 330/13/390 331/12/390 2666/12/390
f 2666/12/390 2667/13/390 330/13/390
f 331/12/45 332/58/45 2668/58/45
f 2668/58/45 2666/12/45 331/12/45
f 332/58/391 333/13/391 2669/13/391
f 2669/13/391 2668/58/391 332/58/391
f 333/13/43 330/13/43 2667/13/43
f 2667/13/43 2669/13/43 333/13/43
f 2767/117/2 2766/110/2 2709/91/2
f 2709/91/2 2708/70/2 2767/117/2
f 2780/111/192 2779/117/192 2696/70/192
f 2696/70/192 2695/91/192 2780/111/192
f 2766/110/196 2765/111/196 2710/91/196
f 2710/91/196 2709/91/196 2766/110/196
f 158/71/197 2657/71/197 2707/70/197
f 2707/70/197 2708/70/197 158/71/197
f 360/92/384 2660/92/384 2694/91/384
f 2694/91/384 2695/91/384 360/92/384
f 2779/117/385 2778/117/385 2697/70/385
f 2697/70/385 2696/70/385 2779/117/385
f 2708/70/197 2707/70/197 2768/117/197
f 2768/117/197 2767/117/197 2708/70/197
f 2695/91/384 2694/91/384 2781/110/384
f 2781/110/384 2780/111/384 2695/91/384
f 155/10/2 156/9/2 2766/110/2
f 2766/110/2 2767/117/2 155/10/2
f 363/9/192 362/10/192 2779/117/192
f 2779/117/192 2780/111/192 363/9/192
f 156/9/196 2655/9/196 2765/111/196
f 2765/111/196 2766/110/196 156/9/196
f 362/10/385 2659/10/385 2778/117/385
f 2778/117/385 2779/117/385 362/10/385
usemtl Metal_Green
f 4/7/4 69/8/5 68/9/6
f 68/9/6 20/10/7 4/7/4
f 266/6/8 54/11/8 53/12/8
f 53/12/8 5/13/8 266/6/8
f 274/29/15 275/30/16 19/31/17
f 19/31/17 15/32/18 274/29/15
f 2760/34/21 2761/35/2 165/36/2
f 165/36/2 46/31/21 2760/34/21
f 21/37/22 9/14/22 4/17/4
f 4/17/4 20/38/7 21/37/22
f 275/30/23 2788/39/23 2759/34/24
f 2759/34/24 19/31/24 275/30/23
f 179/6/45 180/13/45 183/56/45
f 183/56/45 184/57/45 179/6/45
f 68/9/6 67/9/43 45/10/43
f 45/10/43 20/10/7 68/9/6
f 2759/34/66 2760/34/21 46/31/21
f 46/31/21 19/31/66 2759/34/66
f 170/59/45 2670/60/45 169/59/45
f 170/59/45 169/59/45 47/61/45
f 16/61/45 170/59/45 47/61/45
f 2702/62/8 2703/63/8 61/64/8
f 61/64/8 340/65/8 2702/62/8
f 47/61/21 169/59/2 168/66/2
f 168/66/2 59/67/21 47/61/21
f 8/68/23 16/61/24 58/67/24
f 58/67/24 344/69/23 8/68/23
f 2703/63/65 2704/70/65 60/71/65
f 60/71/65 61/64/65 2703/63/65
f 16/61/66 47/61/21 59/67/21
f 59/67/21 58/67/66 16/61/66
f 54/11/67 2722/72/68 2721/73/69
f 2721/73/69 53/12/70 54/11/67
f 2674/74/71 2675/75/72 166/76/73
f 166/76/73 57/77/74 2674/74/71
f 2686/78/75 2673/74/76 55/77/77
f 55/77/77 282/79/78 2686/78/75
f 2721/73/79 2720/80/80 56/58/81
f 56/58/81 53/12/82 2721/73/79
f 2673/74/76 2674/74/71 57/77/74
f 57/77/74 55/77/77 2673/74/76
f 2678/81/83 2679/82/84 340/65/85
f 340/65/85 61/64/86 2678/81/83
f 2720/80/87 2719/83/88 64/84/89
f 64/84/89 56/58/90 2720/80/87
f 58/67/91 2730/85/92 2729/86/93
f 2729/86/93 344/69/94 58/67/91
f 2677/87/95 2678/81/96 61/64/97
f 61/64/97 60/71/98 2677/87/95
f 59/67/99 2717/85/100 2730/85/92
f 2730/85/92 58/67/91 59/67/99
f 69/8/5 163/90/5 164/36/6
f 164/36/6 68/9/6 69/8/5
f 2670/60/45 2671/93/45 366/57/45
f 366/57/45 62/56/45 2670/60/45
f 68/9/6 164/36/6 165/36/43
f 165/36/43 67/9/43 68/9/6
f 183/56/45 180/13/45 181/13/45
f 181/13/45 182/56/45 183/56/45
f 44/13/2 56/58/2 64/84/2
f 64/84/2 63/56/2 44/13/2
f 51/94/103 2734/95/104 2733/96/105
f 2733/96/105 65/97/106 51/94/103
f 65/97/107 167/98/108 2746/99/109
f 2746/99/109 2747/100/110 65/97/107
f 67/9/2 250/9/2 251/10/2
f 251/10/2 45/10/2 67/9/2
f 2762/110/2 2763/111/2 250/9/2
f 250/9/2 67/9/2 2762/110/2
f 60/71/2 248/71/2 249/92/2
f 249/92/2 66/92/2 60/71/2
f 2704/70/2 2705/70/2 248/71/2
f 248/71/2 60/71/2 2704/70/2
f 66/92/2 2713/91/2 2714/112/2
f 2714/112/2 166/76/2 66/92/2
f 62/56/45 63/56/45 169/59/45
f 169/59/45 2670/60/45 62/56/45
f 63/56/2 64/84/2 168/66/2
f 168/66/2 169/59/2 63/56/2
f 65/97/106 2733/96/105 2732/113/198
f 2732/113/198 167/98/199 65/97/106
f 15/32/18 19/31/17 164/36/6
f 164/36/6 163/90/5 15/32/18
f 245/61/45 448/68/45 246/114/45
f 246/114/45 247/59/45 245/61/45
f 164/36/6 19/31/17 46/31/43
f 46/31/43 165/36/43 164/36/6
f 50/115/200 2745/116/201 2746/99/109
f 2746/99/109 167/98/108 50/115/200
f 53/12/65 255/12/65 252/13/65
f 252/13/65 5/13/65 53/12/65
f 56/58/202 254/58/202 255/12/65
f 255/12/65 53/12/65 56/58/202
f 44/13/65 253/13/65 254/58/202
f 254/58/202 56/58/202 44/13/65
f 5/13/65 252/13/65 253/13/65
f 253/13/65 44/13/65 5/13/65
f 5/13/8 180/13/8 179/6/8
f 179/6/8 266/6/8 5/13/8
f 5/13/65 44/13/65 181/13/65
f 181/13/65 180/13/65 5/13/65
f 44/13/2 63/56/2 182/56/2
f 182/56/2 181/13/2 44/13/2
f 63/56/205 62/56/206 183/56/206
f 183/56/206 182/56/205 63/56/205
f 366/57/23 184/57/207 183/56/206
f 183/56/206 62/56/206 366/57/23
f 366/57/208 266/6/208 179/6/192
f 179/6/192 184/57/192 366/57/208
f 8/68/24 448/68/24 245/61/24
f 245/61/24 16/61/24 8/68/24
f 170/59/234 247/59/234 246/114/234
f 246/114/234 365/114/234 170/59/234
f 170/59/2 16/61/2 245/61/2
f 245/61/2 247/59/2 170/59/2
f 262/7/235 265/10/236 264/9/237
f 264/9/237 263/8/238 262/7/235
f 54/11/8 266/6/8 268/13/8
f 268/13/8 267/12/8 54/11/8
f 274/29/15 273/32/244 276/31/245
f 276/31/245 275/30/16 274/29/15
f 281/36/192 2785/35/192 2786/34/248
f 2786/34/248 278/31/248 281/36/192
f 9/14/22 21/37/22 265/38/236
f 265/38/236 262/17/235 9/14/22
f 276/31/249 2787/34/249 2788/39/23
f 2788/39/23 275/30/23 276/31/249
f 326/6/45 329/57/45 328/56/45
f 328/56/45 327/13/45 326/6/45
f 264/9/237 265/10/236 335/10/43
f 335/10/43 334/9/43 264/9/237
f 278/31/248 2786/34/248 2787/34/279
f 2787/34/279 276/31/279 278/31/248
f 338/59/45 2672/60/45 337/59/45
f 339/61/45 338/59/45 337/59/45
f 336/61/45 339/61/45 337/59/45
f 341/64/8 2701/63/8 2702/62/8
f 2702/62/8 340/65/8 341/64/8
f 339/61/248 342/67/248 343/66/192
f 343/66/192 338/59/192 339/61/248
f 8/68/23 344/69/23 345/67/249
f 345/67/249 336/61/249 8/68/23
f 346/71/280 2700/70/280 2701/63/280
f 2701/63/280 341/64/280 346/71/280
f 336/61/279 345/67/279 342/67/248
f 342/67/248 339/61/248 336/61/279
f 54/11/67 267/12/70 2723/73/281
f 2723/73/281 2722/72/68 54/11/67
f 280/76/282 2683/75/283 2684/118/284
f 2684/118/284 279/77/285 280/76/282
f 283/77/286 2685/118/287 2686/78/75
f 2686/78/75 282/79/78 283/77/286
f 353/58/288 2724/80/289 2723/73/290
f 2723/73/290 267/12/291 353/58/288
f 279/77/285 2684/118/284 2685/118/287
f 2685/118/287 283/77/286 279/77/285
f 340/65/85 2679/82/84 2680/81/292
f 2680/81/292 341/64/293 340/65/85
f 355/84/294 2725/83/295 2724/80/296
f 2724/80/296 353/58/297 355/84/294
f 345/67/298 344/69/94 2729/86/93
f 2729/86/93 2728/85/299 345/67/298
f 341/64/300 2680/81/301 2681/87/302
f 2681/87/302 346/71/303 341/64/300
f 342/67/304 345/67/298 2728/85/299
f 2728/85/299 2727/85/305 342/67/304
f 263/8/238 264/9/237 359/36/237
f 359/36/237 358/90/238 263/8/238
f 366/57/45 2671/93/45 2672/60/45
f 2672/60/45 364/56/45 366/57/45
f 264/9/237 334/9/43 281/36/43
f 281/36/43 359/36/237 264/9/237
f 328/56/45 368/56/45 367/13/45
f 367/13/45 327/13/45 328/56/45
f 370/13/192 369/56/192 355/84/192
f 355/84/192 353/58/192 370/13/192
f 2739/96/310 2738/95/311 352/94/312
f 352/94/312 354/97/313 2739/96/310
f 354/97/314 2753/100/315 2754/99/316
f 2754/99/316 350/98/317 354/97/314
f 334/9/192 335/10/192 439/10/192
f 439/10/192 438/9/192 334/9/192
f 438/9/192 2783/110/192 2784/111/192
f 2784/111/192 334/9/192 438/9/192
f 346/71/192 371/92/192 440/92/192
f 440/92/192 441/71/192 346/71/192
f 441/71/192 2699/70/192 2700/70/192
f 2700/70/192 346/71/192 441/71/192
f 2690/112/192 2691/91/192 371/92/192
f 371/92/192 280/76/192 2690/112/192
f 364/56/45 2672/60/45 338/59/45
f 338/59/45 369/56/45 364/56/45
f 369/56/192 338/59/192 343/66/192
f 343/66/192 355/84/192 369/56/192
f 2740/113/386 2739/96/310 354/97/313
f 354/97/313 350/98/387 2740/113/386
f 273/32/244 358/90/238 359/36/237
f 359/36/237 276/31/245 273/32/244
f 447/61/45 446/59/45 246/114/45
f 246/114/45 448/68/45 447/61/45
f 359/36/237 281/36/43 278/31/43
f 278/31/43 276/31/245 359/36/237
f 2754/99/316 2755/116/388 349/115/389
f 349/115/389 350/98/317 2754/99/316
f 267/12/280 268/13/280 450/13/280
f 450/13/280 449/12/280 267/12/280
f 353/58/278 267/12/280 449/12/280
f 449/12/280 451/58/278 353/58/278
f 370/13/278 353/58/278 451/58/278
f 451/58/278 452/13/278 370/13/278
f 268/13/280 370/13/278 452/13/278
f 452/13/278 450/13/280 268/13/280
f 266/6/8 326/6/8 327/13/8
f 327/13/8 268/13/8 266/6/8
f 268/13/280 327/13/280 367/13/280
f 367/13/280 370/13/278 268/13/280
f 370/13/192 367/13/192 368/56/192
f 368/56/192 369/56/192 370/13/192
f 369/56/392 368/56/392 328/56/393
f 328/56/393 364/56/393 369/56/392
f 364/56/393 328/56/393 329/57/394
f 329/57/394 366/57/23 364/56/393
f 366/57/208 329/57/2 326/6/2
f 326/6/2 266/6/208 366/57/208
f 336/61/249 447/61/249 448/68/249
f 448/68/249 8/68/249 336/61/249
f 365/114/416 246/114/416 446/59/416
f 446/59/416 337/59/416 365/114/416
f 337/59/192 446/59/192 447/61/192
f 447/61/192 336/61/192 337/59/192
f 1548/103/1039 1551/104/1040 1552/52/1041
f 1552/52/1041 1547/51/1042 1548/103/1039
f 1545/51/1043 1546/103/1044 1548/103/1045
f 1548/103/1045 1547/51/1046 1545/51/1043
f 1546/103/1047 1555/104/1048 1551/104/1049
f 1551/104/1049 1548/103/1050 1546/103/1047
f 1556/52/1051 1545/51/1052 1547/51/1053
f 1547/51/1053 1552/52/1054 1556/52/1051
f 1546/103/1055 1545/51/1055 1556/52/1055
f 1556/52/1056 1555/104/1056 1546/103/1056
f 1550/103/1057 1549/51/1058 1552/52/1041
f 1552/52/1041 1551/104/1040 1550/103/1057
f 1553/51/1059 1549/51/1060 1550/103/1061
f 1550/103/1061 1554/103/1062 1553/51/1059
f 1554/103/1063 1550/103/1064 1551/104/1065
f 1551/104/1065 1555/104/1066 1554/103/1063
f 1556/52/1067 1552/52/1068 1549/51/1069
f 1549/51/1069 1553/51/1070 1556/52/1067
f 1554/103/1071 1555/104/1071 1556/52/1071
f 1556/52/1072 1553/51/1072 1554/103/1072
f 1560/103/1039 1563/104/1040 1564/52/1041
f 1564/52/1041 1559/51/1042 1560/103/1039
f 1557/51/1043 1558/103/1044 1560/103/1045
f 1560/103/1045 1559/51/1046 1557/51/1043
f 1558/103/1073 1567/104/1048 1563/104/1049
f 1563/104/1049 1560/103/1050 1558/103/1073
f 1568/52/1051 1557/51/1052 1559/51/1053
f 1559/51/1053 1564/52/1054 1568/52/1051
f 1558/103/1055 1557/51/1055 1568/52/1055
f 1568/52/1056 1567/104/1056 1558/103/1056
f 1562/103/1057 1561/51/1074 1564/52/1041
f 1564/52/1041 1563/104/1040 1562/103/1057
f 1565/51/1059 1561/51/1060 1562/103/1075
f 1562/103/1075 1566/103/1062 1565/51/1059
f 1566/103/1065 1562/103/1064 1563/104/1065
f 1563/104/1065 1567/104/1066 1566/103/1065
f 1568/52/1076 1564/52/1068 1561/51/1069
f 1561/51/1069 1565/51/1070 1568/52/1076
f 1566/103/1071 1567/104/1071 1568/52/1071
f 1568/52/1072 1565/51/1072 1566/103/1072
f 1572/103/1039 1575/104/1040 1576/52/1041
f 1576/52/1041 1571/51/1042 1572/103/1039
f 1569/51/1043 1570/103/1044 1572/103/1045
f 1572/103/1045 1571/51/1046 1569/51/1043
f 1570/103/1047 1579/104/1048 1575/104/1049
f 1575/104/1049 1572/103/1050 1570/103/1047
f 1580/52/1077 1569/51/1052 1571/51/1053
f 1571/51/1053 1576/52/1054 1580/52/1077
f 1570/103/1055 1569/51/1055 1580/52/1055
f 1580/52/1056 1579/104/1056 1570/103/1056
f 1574/103/1057 1573/51/1058 1576/52/1041
f 1576/52/1041 1575/104/1040 1574/103/1057
f 1577/51/1078 1573/51/1060 1574/103/1075
f 1574/103/1075 1578/103/1062 1577/51/1078
f 1578/103/1065 1574/103/1064 1575/104/1065
f 1575/104/1065 1579/104/1066 1578/103/1065
f 1580/52/1076 1576/52/1068 1573/51/1079
f 1573/51/1079 1577/51/1070 1580/52/1076
f 1578/103/1071 1579/104/1071 1580/52/1071
f 1580/52/1072 1577/51/1072 1578/103/1072
f 1584/103/1039 1587/104/1040 1588/52/1041
f 1588/52/1041 1583/51/1042 1584/103/1039
f 1581/51/1043 1582/103/1044 1584/103/1045
f 1584/103/1045 1583/51/1046 1581/51/1043
f 1582/103/1049 1591/104/1048 1587/104/1049
f 1587/104/1049 1584/103/1050 1582/103/1049
f 1592/52/1051 1581/51/1052 1583/51/1053
f 1583/51/1053 1588/52/1054 1592/52/1051
f 1582/103/1055 1581/51/1055 1592/52/1055
f 1592/52/1056 1591/104/1056 1582/103/1056
f 1586/103/1057 1585/51/1058 1588/52/1041
f 1588/52/1041 1587/104/1040 1586/103/1057
f 1589/51/1059 1585/51/1060 1586/103/1075
f 1586/103/1075 1590/103/1062 1589/51/1059
f 1590/103/1063 1586/103/1064 1587/104/1065
f 1587/104/1065 1591/104/1066 1590/103/1063
f 1592/52/1076 1588/52/1068 1585/51/1080
f 1585/51/1080 1589/51/1070 1592/52/1076
f 1590/103/1071 1591/104/1071 1592/52/1071
f 1592/52/1072 1589/51/1072 1590/103/1072
f 1596/103/1039 1599/104/1040 1600/52/1041
f 1600/52/1041 1595/51/1081 1596/103/1039
f 1593/51/1043 1594/103/1044 1596/103/1045
f 1596/103/1045 1595/51/1046 1593/51/1043
f 1594/103/1047 1603/104/1048 1599/104/1049
f 1599/104/1049 1596/103/1050 1594/103/1047
f 1604/52/1051 1593/51/1052 1595/51/1053
f 1595/51/1053 1600/52/1054 1604/52/1051
f 1594/103/1055 1593/51/1055 1604/52/1055
f 1604/52/1056 1603/104/1056 1594/103/1056
f 1598/103/1057 1597/51/1074 1600/52/1041
f 1600/52/1041 1599/104/1040 1598/103/1057
f 1601/51/1078 1597/51/1060 1598/103/1075
f 1598/103/1075 1602/103/1062 1601/51/1078
f 1602/103/1063 1598/103/1064 1599/104/1065
f 1599/104/1065 1603/104/1066 1602/103/1063
f 1604/52/1076 1600/52/1068 1597/51/1082
f 1597/51/1082 1601/51/1070 1604/52/1076
f 1602/103/1071 1603/104/1071 1604/52/1071
f 1604/52/1072 1601/51/1072 1602/103/1072
f 1608/103/1039 1611/104/1040 1612/52/1041
f 1612/52/1041 1607/51/1081 1608/103/1039
f 1605/51/1083 1606/103/1044 1608/103/1045
f 1608/103/1045 1607/51/1046 1605/51/1083
f 1606/103/1047 1615/104/1048 1611/104/1049
f 1611/104/1049 1608/103/1050 1606/103/1047
f 1616/52/1051 1605/51/1052 1607/51/1053
f 1607/51/1053 1612/52/1054 1616/52/1051
f 1606/103/1055 1605/51/1055 1616/52/1055
f 1616/52/1056 1615/104/1056 1606/103/1056
f 1610/103/1057 1609/51/1074 1612/52/1041
f 1612/52/1041 1611/104/1040 1610/103/1057
f 1613/51/1078 1609/51/1060 1610/103/1075
f 1610/103/1075 1614/103/1062 1613/51/1078
f 1614/103/1063 1610/103/1064 1611/104/1065
f 1611/104/1065 1615/104/1066 1614/103/1063
f 1616/52/1067 1612/52/1068 1609/51/1069
f 1609/51/1069 1613/51/1070 1616/52/1067
f 1614/103/1071 1615/104/1071 1616/52/1071
f 1616/52/1072 1613/51/1072 1614/103/1072
f 1620/103/1039 1623/104/1040 1624/52/1041
f 1624/52/1041 1619/51/1081 1620/103/1039
f 1617/51/1043 1618/103/1044 1620/103/1045
f 1620/103/1045 1619/51/1046 1617/51/1043
f 1618/103/1073 1627/104/1048 1623/104/1049
f 1623/104/1049 1620/103/1050 1618/103/1073
f 1628/52/1051 1617/51/1052 1619/51/1053
f 1619/51/1053 1624/52/1054 1628/52/1051
f 1618/103/1055 1617/51/1055 1628/52/1055
f 1628/52/1056 1627/104/1056 1618/103/1056
f 1622/103/1057 1621/51/1074 1624/52/1041
f 1624/52/1041 1623/104/1040 1622/103/1057
f 1625/51/1078 1621/51/1060 1622/103/1075
f 1622/103/1075 1626/103/1062 1625/51/1078
f 1626/103/1084 1622/103/1064 1623/104/1065
f 1623/104/1065 1627/104/1066 1626/103/1084
f 1628/52/1076 1624/52/1068 1621/51/1069
f 1621/51/1069 1625/51/1070 1628/52/1076
f 1626/103/1071 1627/104/1071 1628/52/1071
f 1628/52/1072 1625/51/1072 1626/103/1072
f 1632/103/1039 1635/104/1040 1636/52/1041
f 1636/52/1041 1631/51/1081 1632/103/1039
f 1629/51/1043 1630/103/1044 1632/103/1045
f 1632/103/1045 1631/51/1046 1629/51/1043
f 1630/103/1073 1639/104/1048 1635/104/1049
f 1635/104/1049 1632/103/1050 1630/103/1073
f 1640/52/1051 1629/51/1052 1631/51/1085
f 1631/51/1085 1636/52/1054 1640/52/1051
f 1630/103/1086 1629/51/1086 1640/52/1086
f 1640/52/1056 1639/104/1056 1630/103/1056
f 1634/103/1057 1633/51/1074 1636/52/1041
f 1636/52/1041 1635/104/1040 1634/103/1057
f 1637/51/1059 1633/51/1060 1634/103/1075
f 1634/103/1075 1638/103/1062 1637/51/1059
f 1638/103/1084 1634/103/1064 1635/104/1065
f 1635/104/1065 1639/104/1066 1638/103/1084
f 1640/52/1076 1636/52/1068 1633/51/1079
f 1633/51/1079 1637/51/1070 1640/52/1076
f 1638/103/1071 1639/104/1071 1640/52/1071
f 1640/52/1087 1637/51/1087 1638/103/1087
f 1644/103/1039 1647/104/1040 1648/52/1041
f 1648/52/1041 1643/51/1081 1644/103/1039
f 1641/51/1083 1642/103/1044 1644/103/1045
f 1644/103/1045 1643/51/1046 1641/51/1083
f 1642/103/1088 1651/104/1048 1647/104/1049
f 1647/104/1049 1644/103/1050 1642/103/1088
f 1652/52/1051 1641/51/1052 1643/51/1089
f 1643/51/1089 1648/52/1054 1652/52/1051
f 1642/103/1055 1641/51/1055 1652/52/1055
f 1652/52/1056 1651/104/1056 1642/103/1056
f 1646/103/1057 1645/51/1074 1648/52/1041
f 1648/52/1041 1647/104/1040 1646/103/1057
f 1649/51/1059 1645/51/1060 1646/103/1075
f 1646/103/1075 1650/103/1062 1649/51/1059
f 1650/103/1090 1646/103/1064 1647/104/1065
f 1647/104/1065 1651/104/1066 1650/103/1090
f 1652/52/1076 1648/52/1068 1645/51/1069
f 1645/51/1069 1649/51/1070 1652/52/1076
f 1650/103/1071 1651/104/1071 1652/52/1071
f 1652/52/1072 1649/51/1072 1650/103/1072
f 1656/103/1039 1659/104/1040 1660/52/1041
f 1660/52/1041 1655/51/1081 1656/103/1039
f 1653/51/1091 1654/103/1044 1656/103/1045
f 1656/103/1045 1655/51/1046 1653/51/1091
f 1654/103/1047 1663/104/1048 1659/104/1049
f 1659/104/1049 1656/103/1050 1654/103/1047
f 1664/52/1092 1653/51/1052 1655/51/1053
f 1655/51/1053 1660/52/1054 1664/52/1092
f 1654/103/1055 1653/51/1055 1664/52/1055
f 1664/52/1056 1663/104/1056 1654/103/1056
f 1658/103/1057 1657/51/1074 1660/52/1041
f 1660/52/1041 1659/104/1040 1658/103/1057
f 1661/51/1059 1657/51/1060 1658/103/1075
f 1658/103/1075 1662/103/1062 1661/51/1059
f 1662/103/1063 1658/103/1064 1659/104/1065
f 1659/104/1065 1663/104/1066 1662/103/1063
f 1664/52/1076 1660/52/1068 1657/51/1082
f 1657/51/1082 1661/51/1070 1664/52/1076
f 1662/103/1071 1663/104/1071 1664/52/1071
f 1664/52/1072 1661/51/1072 1662/103/1072
f 1668/103/1039 1671/104/1040 1672/52/1041
f 1672/52/1041 1667/51/1081 1668/103/1039
f 1665/51/1043 1666/103/1044 1668/103/1045
f 1668/103/1045 1667/51/1046 1665/51/1043
f 1666/103/1047 1675/104/1048 1671/104/1049
f 1671/104/1049 1668/103/1050 1666/103/1047
f 1676/52/1051 1665/51/1052 1667/51/1053
f 1667/51/1053 1672/52/1054 1676/52/1051
f 1666/103/1055 1665/51/1055 1676/52/1055
f 1676/52/1056 1675/104/1056 1666/103/1056
f 1670/103/1057 1669/51/1074 1672/52/1041
f 1672/52/1041 1671/104/1040 1670/103/1057
f 1673/51/1078 1669/51/1060 1670/103/1075
f 1670/103/1075 1674/103/1062 1673/51/1078
f 1674/103/1063 1670/103/1064 1671/104/1065
f 1671/104/1065 1675/104/1066 1674/103/1063
f 1676/52/1093 1672/52/1068 1669/51/1079
f 1669/51/1079 1673/51/1070 1676/52/1093
f 1674/103/1071 1675/104/1071 1676/52/1071
f 1676/52/1072 1673/51/1072 1674/103/1072
f 1712/1163/1099 1713/1164/1100 1718/21/1100
f 1718/21/1100 1719/1165/1099 1712/1163/1099
f 1736/22/45 1737/1167/45 1728/1168/45
f 1749/18/45 1736/22/45 1728/1168/45
f 1749/18/45 1728/1168/45 1729/21/45
f 1721/6/8 1753/14/8 1722/1169/1101
f 1722/1169/1101 1720/1166/1101 1721/6/8
f 1719/1177/1099 1720/1166/1101 1722/1169/1101
f 1722/1169/1101 1712/1176/1099 1719/1177/1099
f 1714/1163/1109 1717/1165/1110 1718/21/1100
f 1718/21/1100 1713/1164/1100 1714/1163/1109
f 1704/6/23 1705/1166/420 1703/1169/420
f 1703/1169/420 1771/14/23 1704/6/23
f 1701/1177/424 1702/1176/424 1703/1169/420
f 1703/1169/420 1705/1166/420 1701/1177/424
f 1717/1165/1110 1714/1163/1109 1715/1176/1112
f 1715/1176/1112 1716/1177/1112 1717/1165/1110
f 1724/1169/1113 1703/1169/1114 1702/1176/1115
f 1702/1176/1115 1723/1176/1116 1724/1169/1113
f 1725/14/1117 1771/14/1117 1703/1169/1114
f 1703/1169/1114 1724/1169/1113 1725/14/1117
f 1783/22/45 1697/1167/45 1705/1166/45
f 1705/1166/45 1704/6/45 1783/22/45
f 1697/1167/45 1693/1168/45 1701/1177/45
f 1701/1177/45 1705/1166/45 1697/1167/45
f 1679/1163/43 1691/1164/43 1713/1164/43
f 1713/1164/43 1712/1163/43 1679/1163/43
f 1691/1164/43 1692/1163/43 1714/1163/43
f 1714/1163/43 1713/1164/43 1691/1164/43
f 1723/1176/1124 1702/1176/1124 1715/1176/1124
f 1702/1176/1125 1701/1177/1125 1716/1177/1125
f 1716/1177/1125 1715/1176/1125 1702/1176/1125
f 1693/1168/45 1726/1178/45 1716/1177/45
f 1716/1177/45 1701/1177/45 1693/1168/45
f 1788/1179/45 1749/18/45 1729/21/45
f 1729/21/45 1730/1180/45 1788/1179/45
f 1681/21/45 1680/1168/45 1719/1165/45
f 1719/1165/45 1718/21/45 1681/21/45
f 1680/1168/45 1686/1167/45 1720/1166/45
f 1720/1166/45 1719/1177/45 1680/1168/45
f 1686/1167/45 1793/22/45 1721/6/45
f 1721/6/45 1720/1166/45 1686/1167/45
f 1756/14/43 1685/1169/43 1722/1169/43
f 1722/1169/43 1753/14/43 1756/14/43
f 1685/1169/43 1679/1176/43 1712/1176/43
f 1712/1176/43 1722/1169/43 1685/1169/43
f 1692/1176/1126 1723/1176/1126 1715/1176/1126
f 1715/1176/1126 1714/1163/1126 1692/1176/1126
f 1723/1176/1116 1692/1176/1127 1698/1169/1128
f 1698/1169/1128 1724/1169/1113 1723/1176/1116
f 1724/1169/1113 1698/1169/1128 1772/14/1117
f 1772/14/1117 1725/14/1117 1724/1169/1113
f 1681/21/45 1718/21/45 1717/1165/45
f 1717/1165/45 1727/1180/45 1681/21/45
f 1726/1178/45 1727/1180/45 1717/1165/45
f 1717/1165/45 1716/1177/45 1726/1178/45
f 1731/1178/45 1735/1181/45 1788/1179/45
f 1788/1179/45 1730/1180/45 1731/1178/45
f 1731/1178/45 1732/1168/45 1733/1167/45
f 1731/1178/45 1733/1167/45 1734/22/45
f 1731/1178/45 1734/22/45 1735/1181/45
f 1680/1168/192 1681/21/1129 1729/21/1130
f 1729/21/1130 1728/1168/192 1680/1168/192
f 1681/21/1129 1727/1180/1131 1730/1180/1131
f 1730/1180/1131 1729/21/1130 1681/21/1129
f 1727/1180/1131 1726/1178/1132 1731/1178/1132
f 1731/1178/1132 1730/1180/1131 1727/1180/1131
f 1726/1178/1133 1693/1168/1133 1732/1168/1133
f 1732/1168/1133 1731/1178/1133 1726/1178/1133
f 1693/1168/1134 1697/1167/1134 1733/1167/1134
f 1733/1167/1134 1732/1168/1134 1693/1168/1134
f 1697/1167/8 1783/22/8 1734/22/8
f 1734/22/8 1733/1167/8 1697/1167/8
f 1793/22/1135 1686/1167/1136 1737/1167/1135
f 1737/1167/1135 1736/22/1135 1793/22/1135
f 1686/1167/1137 1680/1168/1137 1728/1168/1137
f 1728/1168/1137 1737/1167/1137 1686/1167/1137
f 1744/1163/1143 1747/1165/1143 1746/21/1144
f 1746/21/1144 1745/1164/1144 1744/1163/1143
f 1749/18/45 1752/21/45 1751/1168/45
f 1751/1168/45 1750/1167/45 1736/22/45
f 1749/18/45 1751/1168/45 1736/22/45
f 1721/6/8 1755/1166/1145 1754/1169/1145
f 1754/1169/1145 1753/14/8 1721/6/8
f 1747/1177/1143 1744/1176/1143 1754/1169/1145
f 1754/1169/1145 1755/1166/1145 1747/1177/1143
f 1766/1163/1152 1745/1164/1144 1746/21/1144
f 1746/21/1144 1767/1165/1153 1766/1163/1152
f 1704/6/23 1771/14/23 1770/1169/473
f 1770/1169/473 1769/1166/473 1704/6/23
f 1777/1177/469 1769/1166/473 1770/1169/473
f 1770/1169/473 1778/1176/469 1777/1177/469
f 1767/1165/1153 1780/1177/1155 1779/1176/1155
f 1779/1176/1155 1766/1163/1152 1767/1165/1153
f 1781/1169/1156 1782/1176/1157 1778/1176/1158
f 1778/1176/1158 1770/1169/1159 1781/1169/1156
f 1725/14/1117 1781/1169/1156 1770/1169/1159
f 1770/1169/1159 1771/14/1117 1725/14/1117
f 1783/22/45 1704/6/45 1769/1166/45
f 1769/1166/45 1784/1167/45 1783/22/45
f 1784/1167/45 1769/1166/45 1777/1177/45
f 1777/1177/45 1785/1168/45 1784/1167/45
f 1762/1163/43 1744/1163/43 1745/1164/43
f 1745/1164/43 1786/1164/43 1762/1163/43
f 1786/1164/43 1745/1164/43 1766/1163/43
f 1766/1163/43 1776/1163/43 1786/1164/43
f 1782/1176/1164 1779/1176/1164 1778/1176/1164
f 1778/1176/1165 1779/1176/1165 1780/1177/1165
f 1780/1177/1165 1777/1177/1165 1778/1176/1165
f 1785/1168/45 1777/1177/45 1780/1177/45
f 1780/1177/45 1787/1178/45 1785/1168/45
f 1788/1179/45 1789/1180/45 1752/21/45
f 1752/21/45 1749/18/45 1788/1179/45
f 1790/21/45 1746/21/45 1747/1165/45
f 1747/1165/45 1791/1168/45 1790/21/45
f 1791/1168/45 1747/1177/45 1755/1166/45
f 1755/1166/45 1792/1167/45 1791/1168/45
f 1792/1167/45 1755/1166/45 1721/6/45
f 1721/6/45 1793/22/45 1792/1167/45
f 1756/14/43 1753/14/43 1754/1169/43
f 1754/1169/43 1759/1169/43 1756/14/43
f 1759/1169/43 1754/1169/43 1744/1176/43
f 1744/1176/43 1762/1176/43 1759/1169/43
f 1776/1176/1166 1766/1163/1166 1779/1176/1166
f 1779/1176/1166 1782/1176/1166 1776/1176/1166
f 1782/1176/1157 1781/1169/1156 1773/1169/1167
f 1773/1169/1167 1776/1176/1168 1782/1176/1157
f 1781/1169/1156 1725/14/1117 1772/14/1117
f 1772/14/1117 1773/1169/1167 1781/1169/1156
f 1790/21/45 1794/1180/45 1767/1165/45
f 1767/1165/45 1746/21/45 1790/21/45
f 1787/1178/45 1780/1177/45 1767/1165/45
f 1767/1165/45 1794/1180/45 1787/1178/45
f 1795/1178/45 1789/1180/45 1788/1179/45
f 1788/1179/45 1735/1181/45 1795/1178/45
f 1795/1178/45 1735/1181/45 1734/22/45
f 1795/1178/45 1734/22/45 1797/1167/45
f 1795/1178/45 1797/1167/45 1796/1168/45
f 1791/1168/2 1751/1168/2 1752/21/1169
f 1752/21/1169 1790/21/1170 1791/1168/2
f 1790/21/1170 1752/21/1169 1789/1180/1171
f 1789/1180/1171 1794/1180/1171 1790/21/1170
f 1794/1180/1171 1789/1180/1171 1795/1178/1172
f 1795/1178/1172 1787/1178/1172 1794/1180/1171
f 1787/1178/1173 1795/1178/1173 1796/1168/1173
f 1796/1168/1173 1785/1168/1173 1787/1178/1173
f 1785/1168/1174 1796/1168/1174 1797/1167/1174
f 1797/1167/1174 1784/1167/1174 1785/1168/1174
f 1784/1167/8 1797/1167/8 1734/22/8
f 1734/22/8 1783/22/8 1784/1167/8
f 1793/22/1175 1736/22/1175 1750/1167/1175
f 1750/1167/1175 1792/1167/1176 1793/22/1175
f 1792/1167/1177 1750/1167/1177 1751/1168/1177
f 1751/1168/1177 1791/1168/1177 1792/1167/1177
f 2651/1176/1303 2632/1176/1302 2631/1169/1304
f 2631/1169/1304 2652/1169/1305 2651/1176/1303
f 2670/60/45 170/59/45 365/114/45
f 365/114/45 2671/93/45 2670/60/45
f 2671/93/45 365/114/45 337/59/45
f 337/59/45 2672/60/45 2671/93/45
f 2731/1286/1310 2732/113/198 2675/75/72
f 2675/75/72 2674/74/71 2731/1286/1310
f 2743/1287/1311 2744/1286/1312 2673/74/76
f 2673/74/76 2686/78/75 2743/1287/1311
f 2744/1286/1312 2731/1286/1310 2674/74/71
f 2674/74/71 2673/74/76 2744/1286/1312
f 2735/1288/1313 2736/1289/1314 2679/82/84
f 2679/82/84 2678/81/83 2735/1288/1313
f 2734/95/1315 2735/1288/1316 2678/81/96
f 2678/81/96 2677/87/95 2734/95/1315
f 2677/87/1317 60/71/1318 66/92/1319
f 66/92/1319 2676/1290/1320 2677/87/1317
f 66/92/1319 166/76/73 2675/75/72
f 2675/75/72 2676/1290/1320 66/92/1319
f 2683/75/283 2740/113/386 2741/1286/1321
f 2741/1286/1321 2684/118/284 2683/75/283
f 2685/118/287 2742/1286/1322 2743/1287/1311
f 2743/1287/1311 2686/78/75 2685/118/287
f 2684/118/284 2741/1286/1321 2742/1286/1322
f 2742/1286/1322 2685/118/287 2684/118/284
f 2679/82/84 2736/1289/1314 2737/1288/1323
f 2737/1288/1323 2680/81/292 2679/82/84
f 2680/81/301 2737/1288/1324 2738/95/1325
f 2738/95/1325 2681/87/302 2680/81/301
f 371/92/1326 346/71/1327 2681/87/1328
f 2681/87/1328 2682/1290/1329 371/92/1326
f 280/76/282 371/92/1326 2682/1290/1329
f 2682/1290/1329 2683/75/283 280/76/282
f 57/77/21 166/76/2 2714/112/2
f 2714/112/2 2715/1291/21 57/77/21
f 2687/1292/23 282/79/23 55/77/24
f 55/77/24 2716/1291/24 2687/1292/23
f 55/77/66 57/77/21 2715/1291/21
f 2715/1291/21 2716/1291/66 55/77/66
f 2702/62/8 2773/1293/8 2772/1294/8
f 2772/1294/8 2703/63/8 2702/62/8
f 2772/1294/65 2771/117/65 2704/70/65
f 2704/70/65 2703/63/65 2772/1294/65
f 2713/91/2 66/92/2 249/92/2
f 249/92/2 2712/91/2 2713/91/2
f 2771/117/2 2770/117/2 2705/70/2
f 2705/70/2 2704/70/2 2771/117/2
f 2762/110/2 2761/35/2 2714/112/2
f 2714/112/2 2713/91/2 2762/110/2
f 280/76/192 279/77/248 2689/1291/248
f 2689/1291/248 2690/112/192 280/76/192
f 283/77/249 282/79/23 2687/1292/23
f 2687/1292/23 2688/1291/249 283/77/249
f 279/77/248 283/77/279 2688/1291/279
f 2688/1291/279 2689/1291/248 279/77/248
f 2774/1294/8 2773/1293/8 2702/62/8
f 2702/62/8 2701/63/8 2774/1294/8
f 2775/117/280 2774/1294/280 2701/63/280
f 2701/63/280 2700/70/280 2775/117/280
f 440/92/192 371/92/192 2691/91/192
f 2691/91/192 2692/91/192 440/92/192
f 2776/117/192 2775/117/192 2700/70/192
f 2700/70/192 2699/70/192 2776/117/192
f 2785/35/192 2784/111/192 2691/91/192
f 2691/91/192 2690/112/192 2785/35/192
f 2722/72/68 2750/1295/1330 2749/1296/1331
f 2749/1296/1331 2721/73/69 2722/72/68
f 2749/1296/1332 2748/1297/1333 2720/80/80
f 2720/80/80 2721/73/79 2749/1296/1332
f 2748/1297/1334 2747/100/110 2719/83/88
f 2719/83/88 2720/80/87 2748/1297/1334
f 2730/85/92 2758/116/1335 2757/1298/1336
f 2757/1298/1336 2729/86/93 2730/85/92
f 2717/85/100 2745/116/201 2758/116/1335
f 2758/116/1335 2730/85/92 2717/85/100
f 168/66/1337 64/84/89 2719/83/88
f 2719/83/88 2718/1299/1338 168/66/1337
f 2717/85/100 59/67/99 168/66/1337
f 168/66/1337 2718/1299/1338 2717/85/100
f 2751/1296/1339 2750/1295/1330 2722/72/68
f 2722/72/68 2723/73/281 2751/1296/1339
f 2752/1297/1340 2751/1296/1341 2723/73/290
f 2723/73/290 2724/80/289 2752/1297/1340
f 2725/83/295 2753/100/315 2752/1297/1342
f 2752/1297/1342 2724/80/296 2725/83/295
f 2757/1298/1336 2756/116/1343 2728/85/299
f 2728/85/299 2729/86/93 2757/1298/1336
f 2756/116/1343 2755/116/388 2727/85/305
f 2727/85/305 2728/85/299 2756/116/1343
f 355/84/294 343/66/1344 2726/1299/1345
f 2726/1299/1345 2725/83/295 355/84/294
f 343/66/1344 342/67/304 2727/85/305
f 2727/85/305 2726/1299/1345 343/66/1344
f 2734/95/104 2677/87/1317 2676/1290/1320
f 2676/1290/1320 2733/96/105 2734/95/104
f 2733/96/105 2676/1290/1320 2675/75/72
f 2675/75/72 2732/113/198 2733/96/105
f 2682/1290/1329 2681/87/1328 2738/95/311
f 2738/95/311 2739/96/310 2682/1290/1329
f 2683/75/283 2682/1290/1329 2739/96/310
f 2739/96/310 2740/113/386 2683/75/283
f 50/115/1346 167/98/199 2732/113/198
f 2732/113/198 2731/1286/1310 50/115/1346
f 48/1300/1347 49/115/1348 2744/1286/1312
f 2744/1286/1312 2743/1287/1311 48/1300/1347
f 49/115/1348 50/115/1346 2731/1286/1310
f 2731/1286/1310 2744/1286/1312 49/115/1348
f 2735/1288/1313 52/1301/1349 347/1302/1350
f 347/1302/1350 2736/1289/1314 2735/1288/1313
f 51/94/1351 52/1301/1352 2735/1288/1316
f 2735/1288/1316 2734/95/1315 51/94/1351
f 2740/113/386 350/98/387 349/115/1353
f 349/115/1353 2741/1286/1321 2740/113/386
f 2742/1286/1322 351/115/1354 48/1300/1347
f 48/1300/1347 2743/1287/1311 2742/1286/1322
f 2741/1286/1321 349/115/1353 351/115/1354
f 351/115/1354 2742/1286/1322 2741/1286/1321
f 2736/1289/1314 347/1302/1350 348/1301/1355
f 348/1301/1355 2737/1288/1323 2736/1289/1314
f 348/1301/1356 352/94/1357 2738/95/1325
f 2738/95/1325 2737/1288/1324 348/1301/1356
f 2718/1299/1338 2719/83/88 2747/100/110
f 2747/100/110 2746/99/109 2718/1299/1338
f 2745/116/201 2717/85/100 2718/1299/1338
f 2718/1299/1338 2746/99/109 2745/116/201
f 2753/100/315 2725/83/295 2726/1299/1345
f 2726/1299/1345 2754/99/316 2753/100/315
f 2726/1299/1345 2727/85/305 2755/116/388
f 2755/116/388 2754/99/316 2726/1299/1345
f 2750/1295/1330 347/1302/1358 52/1301/1359
f 52/1301/1359 2749/1296/1331 2750/1295/1330
f 52/1301/1360 51/94/1361 2748/1297/1333
f 2748/1297/1333 2749/1296/1332 52/1301/1360
f 51/94/1362 65/97/107 2747/100/110
f 2747/100/110 2748/1297/1334 51/94/1362
f 2758/116/1335 49/115/1363 48/1300/1364
f 48/1300/1364 2757/1298/1336 2758/116/1335
f 2745/116/201 50/115/200 49/115/1363
f 49/115/1363 2758/116/1335 2745/116/201
f 348/1301/1365 347/1302/1358 2750/1295/1330
f 2750/1295/1330 2751/1296/1339 348/1301/1365
f 352/94/1366 348/1301/1367 2751/1296/1341
f 2751/1296/1341 2752/1297/1340 352/94/1366
f 2753/100/315 354/97/314 352/94/1368
f 352/94/1368 2752/1297/1342 2753/100/315
f 48/1300/1364 351/115/1369 2756/116/1343
f 2756/116/1343 2757/1298/1336 48/1300/1364
f 351/115/1369 349/115/389 2755/116/388
f 2755/116/388 2756/116/1343 351/115/1369
f 2715/1291/21 2714/112/2 2761/35/2
f 2761/35/2 2760/34/21 2715/1291/21
f 2788/39/23 2687/1292/23 2716/1291/24
f 2716/1291/24 2759/34/24 2788/39/23
f 2716/1291/66 2715/1291/21 2760/34/21
f 2760/34/21 2759/34/66 2716/1291/66
f 2713/91/2 2712/91/2 2763/111/2
f 2763/111/2 2762/110/2 2713/91/2
f 2690/112/192 2689/1291/248 2786/34/248
f 2786/34/248 2785/35/192 2690/112/192
f 2688/1291/249 2687/1292/23 2788/39/23
f 2788/39/23 2787/34/249 2688/1291/249
f 2689/1291/248 2688/1291/279 2787/34/279
f 2787/34/279 2786/34/248 2689/1291/248
f 2692/91/192 2691/91/192 2784/111/192
f 2784/111/192 2783/110/192 2692/91/192
f 2773/1293/8 21/37/8 20/38/8
f 20/38/8 2772/1294/8 2773/1293/8
f 20/38/65 45/10/65 2771/117/65
f 2771/117/65 2772/1294/65 20/38/65
f 2771/117/2 45/10/2 251/10/2
f 251/10/2 2770/117/2 2771/117/2
f 67/9/2 165/36/2 2761/35/2
f 2761/35/2 2762/110/2 67/9/2
f 265/38/8 21/37/8 2773/1293/8
f 2773/1293/8 2774/1294/8 265/38/8
f 335/10/280 265/38/280 2774/1294/280
f 2774/1294/280 2775/117/280 335/10/280
f 439/10/192 335/10/192 2775/117/192
f 2775/117/192 2776/117/192 439/10/192
f 281/36/192 334/9/192 2784/111/192
f 2784/111/192 2785/35/192 281/36/192
usemtl Green2
f 1475/702/417 1476/703/23 982/704/23
f 982/704/23 1074/705/417 1475/702/417
f 1474/706/418 1475/702/417 1074/705/417
f 1074/705/417 1072/707/418 1474/706/418
f 1473/708/419 1474/706/418 1072/707/418
f 1072/707/418 1070/709/419 1473/708/419
f 1472/710/420 1473/708/419 1070/709/419
f 1070/709/419 1068/711/420 1472/710/420
f 1471/712/421 1472/710/420 1068/711/420
f 1068/711/420 1066/713/421 1471/712/421
f 1470/714/422 1471/712/421 1066/713/421
f 1066/713/421 1064/715/422 1470/714/422
f 1469/716/423 1470/714/422 1064/715/422
f 1064/715/422 1062/717/423 1469/716/423
f 1468/718/424 1469/716/423 1062/717/423
f 1062/717/423 1060/719/424 1468/718/424
f 1467/720/425 1468/718/424 1060/719/424
f 1060/719/424 1058/721/425 1467/720/425
f 1530/722/426 1467/720/425 1058/721/425
f 1058/721/425 1056/723/426 1530/722/426
f 1529/724/427 1530/722/426 1056/723/426
f 1056/723/426 1054/725/427 1529/724/427
f 1528/726/428 1529/724/427 1054/725/427
f 1054/725/427 1052/727/428 1528/726/428
f 1527/728/693 1528/726/428 1052/727/428
f 1052/727/428 1050/729/429 1527/728/693
f 1526/730/430 1527/728/693 1050/729/429
f 1050/729/429 1048/731/430 1526/730/430
f 1525/732/431 1526/730/430 1048/731/430
f 1048/731/430 1046/733/431 1525/732/431
f 1524/734/2 1525/732/431 1046/733/431
f 1046/733/431 1044/735/2 1524/734/2
f 1523/736/432 1524/737/2 1044/738/2
f 1044/738/2 1042/739/432 1523/736/432
f 1522/740/433 1523/736/432 1042/739/432
f 1042/739/432 1040/741/433 1522/740/433
f 1521/742/694 1522/740/433 1040/741/433
f 1040/741/433 1038/743/434 1521/742/694
f 1520/744/435 1521/742/694 1038/743/434
f 1038/743/434 1036/745/435 1520/744/435
f 1519/746/436 1520/744/435 1036/745/435
f 1036/745/435 1034/747/436 1519/746/436
f 1518/748/437 1519/746/436 1034/747/436
f 1034/747/436 1032/749/437 1518/748/437
f 1517/750/438 1518/748/437 1032/749/437
f 1032/749/437 1030/751/438 1517/750/438
f 1516/752/439 1517/750/438 1030/751/438
f 1030/751/438 1028/753/439 1516/752/439
f 1515/754/440 1516/752/439 1028/753/439
f 1028/753/439 1026/755/440 1515/754/440
f 1514/756/441 1515/754/440 1026/755/440
f 1026/755/440 1024/757/441 1514/756/441
f 1513/758/442 1514/756/441 1024/757/441
f 1024/757/441 1022/759/442 1513/758/442
f 1512/760/443 1513/758/442 1022/759/442
f 1022/759/442 1020/761/443 1512/760/443
f 1511/762/444 1512/760/443 1020/761/443
f 1020/761/443 1145/763/444 1511/762/444
f 1510/764/445 1511/762/444 1145/763/444
f 1145/763/444 1143/765/445 1510/764/445
f 1509/766/446 1510/764/445 1143/765/445
f 1143/765/445 1141/767/446 1509/766/446
f 1508/768/8 1509/766/446 1141/767/446
f 1141/767/446 1139/769/8 1508/768/8
f 1507/770/447 1508/768/8 1139/769/8
f 1139/769/8 1137/771/447 1507/770/447
f 1506/772/448 1507/770/447 1137/771/447
f 1137/771/447 1135/773/448 1506/772/448
f 1505/774/449 1506/772/448 1135/773/448
f 1135/773/448 1133/775/449 1505/774/449
f 1504/776/450 1505/774/449 1133/775/449
f 1133/775/449 1131/777/450 1504/776/450
f 1503/778/451 1504/776/450 1131/777/450
f 1131/777/450 1129/779/451 1503/778/451
f 1502/780/452 1503/778/451 1129/779/451
f 1129/779/451 1127/781/452 1502/780/452
f 1501/782/453 1502/780/452 1127/781/452
f 1127/781/452 1125/783/453 1501/782/453
f 1500/784/454 1501/782/453 1125/783/453
f 1125/783/453 1123/785/454 1500/784/454
f 1499/786/455 1500/784/454 1123/785/454
f 1123/785/454 1121/787/455 1499/786/455
f 1498/788/456 1499/786/455 1121/787/455
f 1121/787/455 1119/789/456 1498/788/456
f 1497/790/457 1498/788/456 1119/789/456
f 1119/789/456 1117/791/457 1497/790/457
f 1496/792/458 1497/790/457 1117/791/457
f 1117/791/457 1115/793/458 1496/792/458
f 1495/794/459 1496/792/458 1115/793/458
f 1115/793/458 1113/795/459 1495/794/459
f 1494/796/460 1495/794/459 1113/795/459
f 1113/795/459 1111/797/460 1494/796/460
f 1493/798/461 1494/796/460 1111/797/460
f 1111/797/460 1109/799/461 1493/798/461
f 1492/800/192 1493/798/461 1109/799/461
f 1109/799/461 1107/801/192 1492/800/192
f 1491/802/462 1492/800/192 1107/801/192
f 1107/801/192 1105/803/462 1491/802/462
f 1490/804/463 1491/802/462 1105/803/462
f 1105/803/462 1103/805/463 1490/804/463
f 1489/806/464 1490/804/463 1103/805/463
f 1103/805/463 1101/807/464 1489/806/464
f 1488/808/465 1489/806/464 1101/807/464
f 1101/807/464 1099/809/465 1488/808/465
f 1487/810/466 1488/808/465 1099/809/465
f 1099/809/465 1097/811/466 1487/810/466
f 1486/812/467 1487/810/466 1097/811/466
f 1097/811/466 1095/813/467 1486/812/467
f 1485/814/468 1486/812/467 1095/813/467
f 1095/813/467 1093/815/468 1485/814/468
f 1484/816/469 1485/814/468 1093/815/468
f 1093/815/468 1091/817/469 1484/816/469
f 1483/818/470 1484/816/469 1091/817/469
f 1091/817/469 1089/819/470 1483/818/470
f 1482/820/471 1483/818/470 1089/819/470
f 1089/819/470 1087/821/471 1482/820/471
f 1481/822/472 1482/820/471 1087/821/471
f 1087/821/471 1085/823/472 1481/822/472
f 1480/824/473 1481/822/472 1085/823/472
f 1085/823/472 1083/825/473 1480/824/473
f 1479/826/474 1480/824/473 1083/825/473
f 1083/825/473 1081/827/474 1479/826/474
f 1478/828/475 1479/826/474 1081/827/474
f 1081/827/474 1079/829/475 1478/828/475
f 1477/830/476 1478/828/475 1079/829/475
f 1079/829/475 1077/831/476 1477/830/476
f 1476/703/23 1477/830/476 1077/831/476
f 1077/831/476 982/704/23 1476/703/23
f 789/898/695 981/962/695 1075/963/695
f 1075/963/695 788/897/866 789/898/695
f 982/704/768 855/832/768 854/833/768
f 854/833/768 1074/705/768 982/704/768
f 788/897/696 1075/963/696 1073/964/696
f 1073/964/696 787/899/696 788/897/696
f 1074/705/769 854/833/769 853/834/769
f 853/834/769 1072/707/769 1074/705/769
f 787/899/697 1073/964/697 1071/965/697
f 1071/965/697 786/900/697 787/899/697
f 1072/707/771 853/834/771 852/835/771
f 852/835/771 1070/709/771 1072/707/771
f 786/900/867 1071/965/867 1069/966/867
f 1069/966/867 785/901/867 786/900/867
f 1070/709/773 852/835/773 851/836/773
f 851/836/773 1068/711/773 1070/709/773
f 785/901/699 1069/966/699 1067/967/699
f 1067/967/699 784/902/699 785/901/699
f 1068/711/774 851/836/774 850/837/774
f 850/837/774 1066/713/774 1068/711/774
f 784/902/868 1067/967/868 1065/968/868
f 1065/968/868 783/903/700 784/902/868
f 1066/713/775 850/837/775 849/838/775
f 849/838/775 1064/715/775 1066/713/775
f 783/903/701 1065/968/701 1063/969/701
f 1063/969/701 782/904/701 783/903/701
f 1064/715/776 849/838/776 848/839/776
f 848/839/776 1062/717/776 1064/715/776
f 782/904/702 1063/969/869 1061/970/702
f 1061/970/702 781/905/870 782/904/702
f 1062/717/778 848/839/778 847/840/778
f 847/840/778 1060/719/778 1062/717/778
f 781/905/704 1061/970/704 1059/971/704
f 1059/971/704 780/906/871 781/905/704
f 1060/719/780 847/840/780 846/841/780
f 846/841/780 1058/721/780 1060/719/780
f 780/906/705 1059/971/705 1057/972/705
f 1057/972/705 779/907/705 780/906/705
f 1058/721/783 846/841/783 845/842/783
f 845/842/783 1056/723/783 1058/721/783
f 779/907/706 1057/972/706 1055/973/706
f 1055/973/706 778/908/706 779/907/706
f 1056/723/785 845/842/785 844/843/785
f 844/843/785 1054/725/785 1056/723/785
f 778/908/708 1055/973/708 1053/974/708
f 1053/974/708 777/909/708 778/908/708
f 1054/725/786 844/843/786 843/844/786
f 843/844/786 1052/727/786 1054/725/786
f 777/909/709 1053/974/709 1051/975/709
f 1051/975/709 776/910/709 777/909/709
f 1052/727/787 843/844/787 842/845/787
f 842/845/787 1050/729/787 1052/727/787
f 776/910/872 1051/975/710 1049/976/872
f 1049/976/872 775/911/872 776/910/872
f 1050/729/788 842/845/788 841/846/788
f 841/846/788 1048/731/788 1050/729/788
f 775/911/711 1049/976/711 1047/977/711
f 1047/977/711 774/912/711 775/911/711
f 1048/731/789 841/846/789 840/847/789
f 840/847/789 1046/733/789 1048/731/789
f 774/912/712 1047/977/712 1045/978/712
f 1045/978/712 773/913/873 774/912/712
f 1046/733/790 840/847/790 839/848/790
f 839/848/790 1044/735/790 1046/733/790
f 773/915/713 1045/979/713 1043/980/713
f 1043/980/713 772/914/874 773/915/713
f 1044/738/792 839/849/792 838/850/792
f 838/850/792 1042/739/792 1044/738/792
f 772/914/714 1043/980/875 1041/981/714
f 1041/981/714 771/916/876 772/914/714
f 1042/739/793 838/850/793 837/851/793
f 837/851/793 1040/741/793 1042/739/793
f 771/916/715 1041/981/716 1039/982/715
f 1039/982/715 770/917/715 771/916/715
f 1040/741/794 837/851/794 836/852/794
f 836/852/794 1038/743/794 1040/741/794
f 770/917/717 1039/982/877 1037/983/717
f 1037/983/717 769/918/717 770/917/717
f 1038/743/796 836/852/796 835/853/796
f 835/853/796 1036/745/796 1038/743/796
f 769/918/718 1037/983/718 1035/984/718
f 1035/984/718 768/919/718 769/918/718
f 1036/745/797 835/853/797 834/854/797
f 834/854/797 1034/747/797 1036/745/797
f 768/919/878 1035/984/879 1033/985/878
f 1033/985/878 767/920/719 768/919/878
f 1034/747/880 834/854/880 833/855/880
f 833/855/880 1032/749/880 1034/747/880
f 767/920/720 1033/985/720 1031/986/720
f 1031/986/720 766/921/720 767/920/720
f 1032/749/800 833/855/800 832/856/800
f 832/856/800 1030/751/800 1032/749/800
f 766/921/721 1031/986/881 1029/987/721
f 1029/987/721 765/922/721 766/921/721
f 1030/751/882 832/856/882 831/857/882
f 831/857/882 1028/753/882 1030/751/882
f 765/922/883 1029/987/883 1027/988/883
f 1027/988/883 764/923/722 765/922/883
f 1028/753/884 831/857/802 830/858/884
f 830/858/884 1026/755/884 1028/753/884
f 764/923/724 1027/988/724 1025/989/724
f 1025/989/724 763/924/724 764/923/724
f 1026/755/803 830/858/803 829/859/803
f 829/859/803 1024/757/803 1026/755/803
f 763/924/726 1025/989/726 1023/990/726
f 1023/990/726 826/925/725 763/924/726
f 1024/757/805 829/859/805 828/860/805
f 828/860/805 1022/759/805 1024/757/805
f 826/925/727 1023/990/727 1021/991/727
f 1021/991/727 825/926/885 826/925/727
f 1022/759/807 828/860/807 827/861/807
f 827/861/807 1020/761/807 1022/759/807
f 825/926/886 1021/991/886 1146/992/886
f 1146/992/886 824/927/886 825/926/886
f 1020/761/809 827/861/809 890/862/809
f 890/862/809 1145/763/808 1020/761/809
f 824/927/729 1146/992/729 1144/993/729
f 1144/993/729 823/928/729 824/927/729
f 1145/763/811 890/862/811 889/863/811
f 889/863/811 1143/765/811 1145/763/811
f 823/928/730 1144/993/730 1142/994/730
f 1142/994/730 822/929/887 823/928/730
f 1143/765/812 889/863/812 888/864/812
f 888/864/812 1141/767/812 1143/765/812
f 822/929/731 1142/994/731 1140/995/731
f 1140/995/731 821/930/731 822/929/731
f 1141/767/813 888/864/813 887/865/813
f 887/865/813 1139/769/813 1141/767/813
f 821/930/732 1140/995/732 1138/996/732
f 1138/996/732 820/931/732 821/930/732
f 1139/769/815 887/865/815 886/866/815
f 886/866/815 1137/771/815 1139/769/815
f 820/931/733 1138/996/734 1136/997/733
f 1136/997/733 819/932/733 820/931/733
f 1137/771/816 886/866/816 885/867/816
f 885/867/816 1135/773/816 1137/771/816
f 819/932/735 1136/997/735 1134/998/735
f 1134/998/735 818/933/735 819/932/735
f 1135/773/817 885/867/817 884/868/817
f 884/868/817 1133/775/817 1135/773/817
f 818/933/888 1134/998/736 1132/999/736
f 1132/999/736 817/934/888 818/933/888
f 1133/775/889 884/868/889 883/869/889
f 883/869/889 1131/777/889 1133/775/889
f 817/934/737 1132/999/737 1130/1000/737
f 1130/1000/737 816/935/737 817/934/737
f 1131/777/819 883/869/819 882/870/819
f 882/870/819 1129/779/819 1131/777/819
f 816/935/738 1130/1000/738 1128/1001/738
f 1128/1001/738 815/936/738 816/935/738
f 1129/779/820 882/870/821 881/871/821
f 881/871/821 1127/781/820 1129/779/820
f 815/936/739 1128/1001/739 1126/1002/739
f 1126/1002/739 814/937/739 815/936/739
f 1127/781/822 881/871/822 880/872/822
f 880/872/822 1125/783/822 1127/781/822
f 814/937/890 1126/1002/890 1124/1003/890
f 1124/1003/890 813/938/891 814/937/890
f 1125/783/892 880/872/892 879/873/892
f 879/873/892 1123/785/824 1125/783/892
f 813/938/741 1124/1003/741 1122/1004/741
f 1122/1004/741 812/939/741 813/938/741
f 1123/785/893 879/873/893 878/874/893
f 878/874/893 1121/787/893 1123/785/893
f 812/939/743 1122/1004/743 1120/1005/743
f 1120/1005/743 811/940/743 812/939/743
f 1121/787/829 878/874/829 877/875/829
f 877/875/829 1119/789/829 1121/787/829
f 811/940/744 1120/1005/744 1118/1006/744
f 1118/1006/744 810/941/744 811/940/744
f 1119/789/831 877/875/831 876/876/831
f 876/876/831 1117/791/831 1119/789/831
f 810/941/746 1118/1006/746 1116/1007/746
f 1116/1007/746 809/942/746 810/941/746
f 1117/791/833 876/876/833 875/877/833
f 875/877/833 1115/793/833 1117/791/833
f 809/942/894 1116/1007/894 1114/1008/894
f 1114/1008/894 808/943/747 809/942/894
f 1115/793/834 875/877/834 874/878/834
f 874/878/834 1113/795/834 1115/793/834
f 808/943/748 1114/1008/748 1112/1009/748
f 1112/1009/748 807/944/748 808/943/748
f 1113/795/836 874/878/836 873/879/836
f 873/879/836 1111/797/836 1113/795/836
f 807/944/749 1112/1009/749 1110/1010/749
f 1110/1010/749 806/945/749 807/944/749
f 1111/797/838 873/879/838 872/880/838
f 872/880/838 1109/799/838 1111/797/838
f 806/945/750 1110/1010/895 1108/1011/750
f 1108/1011/750 805/946/896 806/945/750
f 1109/799/839 872/880/839 871/881/839
f 871/881/839 1107/801/839 1109/799/839
f 805/946/751 1108/1011/751 1106/1012/751
f 1106/1012/751 804/947/751 805/946/751
f 1107/801/840 871/881/840 870/882/840
f 870/882/840 1105/803/840 1107/801/840
f 804/947/752 1106/1012/752 1104/1013/752
f 1104/1013/752 803/948/752 804/947/752
f 1105/803/841 870/882/841 869/883/841
f 869/883/841 1103/805/841 1105/803/841
f 803/948/753 1104/1013/753 1102/1014/753
f 1102/1014/753 802/949/753 803/948/753
f 1103/805/843 869/883/843 868/884/843
f 868/884/843 1101/807/843 1103/805/843
f 802/949/897 1102/1014/897 1100/1015/897
f 1100/1015/897 801/950/754 802/949/897
f 1101/807/844 868/884/844 867/885/844
f 867/885/844 1099/809/844 1101/807/844
f 801/950/755 1100/1015/755 1098/1016/755
f 1098/1016/755 800/951/755 801/950/755
f 1099/809/846 867/885/846 866/886/846
f 866/886/846 1097/811/846 1099/809/846
f 800/951/898 1098/1016/898 1096/1017/898
f 1096/1017/898 799/952/898 800/951/898
f 1097/811/899 866/886/899 865/887/899
f 865/887/899 1095/813/899 1097/811/899
f 799/952/757 1096/1017/757 1094/1018/757
f 1094/1018/757 798/953/757 799/952/757
f 1095/813/849 865/887/849 864/888/849
f 864/888/849 1093/815/849 1095/813/849
f 798/953/900 1094/1018/901 1092/1019/900
f 1092/1019/900 797/954/758 798/953/900
f 1093/815/902 864/888/902 863/889/902
f 863/889/902 1091/817/902 1093/815/902
f 797/954/903 1092/1019/904 1090/1020/903
f 1090/1020/903 796/955/903 797/954/903
f 1091/817/905 863/889/905 862/890/905
f 862/890/905 1089/819/905 1091/817/905
f 796/955/761 1090/1020/761 1088/1021/761
f 1088/1021/761 795/956/761 796/955/761
f 1089/819/855 862/890/855 861/891/855
f 861/891/855 1087/821/855 1089/819/855
f 795/956/906 1088/1021/762 1086/1022/762
f 1086/1022/762 794/957/906 795/956/906
f 1087/821/857 861/891/857 860/892/857
f 860/892/857 1085/823/857 1087/821/857
f 794/957/763 1086/1022/763 1084/1023/763
f 1084/1023/763 793/958/763 794/957/763
f 1085/823/859 860/892/859 859/893/859
f 859/893/859 1083/825/859 1085/823/859
f 793/958/764 1084/1023/907 1082/1024/764
f 1082/1024/764 792/959/764 793/958/764
f 1083/825/860 859/893/860 858/894/860
f 858/894/860 1081/827/861 1083/825/860
f 792/959/765 1082/1024/765 1080/1025/765
f 1080/1025/765 791/960/765 792/959/765
f 1081/827/862 858/894/862 857/895/862
f 857/895/862 1079/829/862 1081/827/862
f 791/960/766 1080/1025/766 1078/1026/766
f 1078/1026/766 790/961/908 791/960/766
f 1079/829/864 857/895/864 856/896/864
f 856/896/864 1077/831/864 1079/829/864
f 790/961/767 1078/1026/767 981/962/767
f 981/962/767 789/898/767 790/961/767
f 1077/831/865 856/896/865 855/832/865
f 855/832/865 982/704/865 1077/831/865
f 1075/963/417 981/962/23 1417/1092/23
f 1417/1092/23 1416/1093/417 1075/963/417
f 1073/964/418 1075/963/417 1416/1093/417
f 1416/1093/417 1415/1094/418 1073/964/418
f 1071/965/419 1073/964/418 1415/1094/418
f 1415/1094/418 1414/1095/419 1071/965/419
f 1069/966/420 1071/965/419 1414/1095/419
f 1414/1095/419 1413/1096/420 1069/966/420
f 1067/967/421 1069/966/420 1413/1096/420
f 1413/1096/420 1412/1097/421 1067/967/421
f 1065/968/422 1067/967/421 1412/1097/421
f 1412/1097/421 1411/1098/422 1065/968/422
f 1063/969/423 1065/968/422 1411/1098/422
f 1411/1098/422 1410/1099/423 1063/969/423
f 1061/970/424 1063/969/423 1410/1099/423
f 1410/1099/423 1409/1100/424 1061/970/424
f 1059/971/425 1061/970/424 1409/1100/424
f 1409/1100/424 1408/1101/425 1059/971/425
f 1057/972/426 1059/971/425 1408/1101/425
f 1408/1101/425 1407/1102/426 1057/972/426
f 1055/973/427 1057/972/426 1407/1102/426
f 1407/1102/426 1406/1103/427 1055/973/427
f 1053/974/428 1055/973/427 1406/1103/427
f 1406/1103/427 1405/1104/428 1053/974/428
f 1051/975/429 1053/974/428 1405/1104/428
f 1405/1104/428 1404/1105/693 1051/975/429
f 1049/976/430 1051/975/429 1404/1105/693
f 1404/1105/693 1403/1106/430 1049/976/430
f 1047/977/431 1049/976/430 1403/1106/430
f 1403/1106/430 1466/1107/431 1047/977/431
f 1045/978/2 1047/977/431 1466/1107/431
f 1466/1107/431 1465/1108/2 1045/978/2
f 1043/980/432 1045/979/2 1465/1109/2
f 1465/1109/2 1464/1110/432 1043/980/432
f 1041/981/433 1043/980/432 1464/1110/432
f 1464/1110/432 1463/1111/433 1041/981/433
f 1039/982/434 1041/981/433 1463/1111/433
f 1463/1111/433 1462/1112/694 1039/982/434
f 1037/983/435 1039/982/434 1462/1112/694
f 1462/1112/694 1461/1113/435 1037/983/435
f 1035/984/436 1037/983/435 1461/1113/435
f 1461/1113/435 1460/1114/436 1035/984/436
f 1033/985/437 1035/984/436 1460/1114/436
f 1460/1114/436 1459/1115/437 1033/985/437
f 1031/986/438 1033/985/437 1459/1115/437
f 1459/1115/437 1458/1116/438 1031/986/438
f 1029/987/439 1031/986/438 1458/1116/438
f 1458/1116/438 1457/1117/439 1029/987/439
f 1027/988/440 1029/987/439 1457/1117/439
f 1457/1117/439 1456/1118/440 1027/988/440
f 1025/989/441 1027/988/440 1456/1118/440
f 1456/1118/440 1455/1119/441 1025/989/441
f 1023/990/442 1025/989/441 1455/1119/441
f 1455/1119/441 1454/1120/442 1023/990/442
f 1021/991/443 1023/990/442 1454/1120/442
f 1454/1120/442 1453/1121/443 1021/991/443
f 1146/992/444 1021/991/443 1453/1121/443
f 1453/1121/443 1452/1122/444 1146/992/444
f 1144/993/445 1146/992/444 1452/1122/444
f 1452/1122/444 1451/1123/445 1144/993/445
f 1142/994/446 1144/993/445 1451/1123/445
f 1451/1123/445 1450/1124/446 1142/994/446
f 1140/995/8 1142/994/446 1450/1124/446
f 1450/1124/446 1449/1125/8 1140/995/8
f 1138/996/447 1140/995/8 1449/1125/8
f 1449/1125/8 1448/1126/447 1138/996/447
f 1136/997/448 1138/996/447 1448/1126/447
f 1448/1126/447 1447/1127/448 1136/997/448
f 1134/998/449 1136/997/448 1447/1127/448
f 1447/1127/448 1446/1128/449 1134/998/449
f 1132/999/450 1134/998/449 1446/1128/449
f 1446/1128/449 1445/1129/450 1132/999/450
f 1130/1000/451 1132/999/450 1445/1129/450
f 1445/1129/450 1444/1130/451 1130/1000/451
f 1128/1001/452 1130/1000/451 1444/1130/451
f 1444/1130/451 1443/1131/452 1128/1001/452
f 1126/1002/453 1128/1001/452 1443/1131/452
f 1443/1131/452 1442/1132/453 1126/1002/453
f 1124/1003/454 1126/1002/453 1442/1132/453
f 1442/1132/453 1441/1133/454 1124/1003/454
f 1122/1004/455 1124/1003/454 1441/1133/454
f 1441/1133/454 1440/1134/455 1122/1004/455
f 1120/1005/456 1122/1004/455 1440/1134/455
f 1440/1134/455 1439/1135/456 1120/1005/456
f 1118/1006/457 1120/1005/456 1439/1135/456
f 1439/1135/456 1438/1136/457 1118/1006/457
f 1116/1007/458 1118/1006/457 1438/1136/457
f 1438/1136/457 1437/1137/458 1116/1007/458
f 1114/1008/459 1116/1007/458 1437/1137/458
f 1437/1137/458 1436/1138/459 1114/1008/459
f 1112/1009/460 1114/1008/459 1436/1138/459
f 1436/1138/459 1435/1139/460 1112/1009/460
f 1110/1010/461 1112/1009/460 1435/1139/460
f 1435/1139/460 1434/1140/461 1110/1010/461
f 1108/1011/192 1110/1010/461 1434/1140/461
f 1434/1140/461 1433/1141/192 1108/1011/192
f 1106/1012/462 1108/1011/192 1433/1141/192
f 1433/1141/192 1432/1142/462 1106/1012/462
f 1104/1013/463 1106/1012/462 1432/1142/462
f 1432/1142/462 1431/1143/463 1104/1013/463
f 1102/1014/464 1104/1013/463 1431/1143/463
f 1431/1143/463 1430/1144/464 1102/1014/464
f 1100/1015/465 1102/1014/464 1430/1144/464
f 1430/1144/464 1429/1145/465 1100/1015/465
f 1098/1016/466 1100/1015/465 1429/1145/465
f 1429/1145/465 1428/1146/466 1098/1016/466
f 1096/1017/467 1098/1016/466 1428/1146/466
f 1428/1146/466 1427/1147/467 1096/1017/467
f 1094/1018/468 1096/1017/467 1427/1147/467
f 1427/1147/467 1426/1148/468 1094/1018/468
f 1092/1019/469 1094/1018/468 1426/1148/468
f 1426/1148/468 1425/1149/469 1092/1019/469
f 1090/1020/470 1092/1019/469 1425/1149/469
f 1425/1149/469 1424/1150/470 1090/1020/470
f 1088/1021/471 1090/1020/470 1424/1150/470
f 1424/1150/470 1423/1151/471 1088/1021/471
f 1086/1022/472 1088/1021/471 1423/1151/471
f 1423/1151/471 1422/1152/472 1086/1022/472
f 1084/1023/473 1086/1022/472 1422/1152/472
f 1422/1152/472 1421/1153/473 1084/1023/473
f 1082/1024/474 1084/1023/473 1421/1153/473
f 1421/1153/473 1420/1154/474 1082/1024/474
f 1080/1025/475 1082/1024/474 1420/1154/474
f 1420/1154/474 1419/1155/475 1080/1025/475
f 1078/1026/476 1080/1025/475 1419/1155/475
f 1419/1155/475 1418/1156/476 1078/1026/476
f 981/962/23 1078/1026/476 1418/1156/476
f 1418/1156/476 1417/1092/23 981/962/23
f 1416/1093/417 1417/1092/23 1476/703/23
f 1476/703/23 1475/702/417 1416/1093/417
f 1415/1094/418 1416/1093/417 1475/702/417
f 1475/702/417 1474/706/418 1415/1094/418
f 1414/1095/419 1415/1094/418 1474/706/418
f 1474/706/418 1473/708/419 1414/1095/419
f 1413/1096/420 1414/1095/419 1473/708/419
f 1473/708/419 1472/710/420 1413/1096/420
f 1412/1097/421 1413/1096/420 1472/710/420
f 1472/710/420 1471/712/421 1412/1097/421
f 1411/1098/422 1412/1097/421 1471/712/421
f 1471/712/421 1470/714/422 1411/1098/422
f 1410/1099/423 1411/1098/422 1470/714/422
f 1470/714/422 1469/716/423 1410/1099/423
f 1409/1100/424 1410/1099/423 1469/716/423
f 1469/716/423 1468/718/424 1409/1100/424
f 1408/1101/425 1409/1100/424 1468/718/424
f 1468/718/424 1467/720/425 1408/1101/425
f 1407/1102/426 1408/1101/425 1467/720/425
f 1467/720/425 1530/722/426 1407/1102/426
f 1406/1103/427 1407/1102/426 1530/722/426
f 1530/722/426 1529/724/427 1406/1103/427
f 1405/1104/428 1406/1103/427 1529/724/427
f 1529/724/427 1528/726/428 1405/1104/428
f 1404/1105/693 1405/1104/428 1528/726/428
f 1528/726/428 1527/728/693 1404/1105/693
f 1461/1113/435 1462/1112/694 1521/742/694
f 1521/742/694 1520/744/435 1461/1113/435
f 1460/1114/436 1461/1113/435 1520/744/435
f 1520/744/435 1519/746/436 1460/1114/436
f 1459/1115/437 1460/1114/436 1519/746/436
f 1519/746/436 1518/748/437 1459/1115/437
f 1458/1116/438 1459/1115/437 1518/748/437
f 1518/748/437 1517/750/438 1458/1116/438
f 1457/1117/439 1458/1116/438 1517/750/438
f 1517/750/438 1516/752/439 1457/1117/439
f 1456/1118/440 1457/1117/439 1516/752/439
f 1516/752/439 1515/754/440 1456/1118/440
f 1455/1119/441 1456/1118/440 1515/754/440
f 1515/754/440 1514/756/441 1455/1119/441
f 1454/1120/442 1455/1119/441 1514/756/441
f 1514/756/441 1513/758/442 1454/1120/442
f 1453/1121/443 1454/1120/442 1513/758/442
f 1513/758/442 1512/760/443 1453/1121/443
f 1452/1122/444 1453/1121/443 1512/760/443
f 1512/760/443 1511/762/444 1452/1122/444
f 1451/1123/445 1452/1122/444 1511/762/444
f 1511/762/444 1510/764/445 1451/1123/445
f 1450/1124/446 1451/1123/445 1510/764/445
f 1510/764/445 1509/766/446 1450/1124/446
f 1449/1125/8 1450/1124/446 1509/766/446
f 1509/766/446 1508/768/8 1449/1125/8
f 1448/1126/447 1449/1125/8 1508/768/8
f 1508/768/8 1507/770/447 1448/1126/447
f 1447/1127/448 1448/1126/447 1507/770/447
f 1507/770/447 1506/772/448 1447/1127/448
f 1446/1128/449 1447/1127/448 1506/772/448
f 1506/772/448 1505/774/449 1446/1128/449
f 1445/1129/450 1446/1128/449 1505/774/449
f 1505/774/449 1504/776/450 1445/1129/450
f 1444/1130/451 1445/1129/450 1504/776/450
f 1504/776/450 1503/778/451 1444/1130/451
f 1443/1131/452 1444/1130/451 1503/778/451
f 1503/778/451 1502/780/452 1443/1131/452
f 1442/1132/453 1443/1131/452 1502/780/452
f 1502/780/452 1501/782/453 1442/1132/453
f 1441/1133/454 1442/1132/453 1501/782/453
f 1501/782/453 1500/784/454 1441/1133/454
f 1440/1134/455 1441/1133/454 1500/784/454
f 1500/784/454 1499/786/455 1440/1134/455
f 1439/1135/456 1440/1134/455 1499/786/455
f 1499/786/455 1498/788/456 1439/1135/456
f 1438/1136/457 1439/1135/456 1498/788/456
f 1498/788/456 1497/790/457 1438/1136/457
f 1437/1137/458 1438/1136/457 1497/790/457
f 1497/790/457 1496/792/458 1437/1137/458
f 1436/1138/459 1437/1137/458 1496/792/458
f 1496/792/458 1495/794/459 1436/1138/459
f 1435/1139/460 1436/1138/459 1495/794/459
f 1495/794/459 1494/796/460 1435/1139/460
f 1434/1140/461 1435/1139/460 1494/796/460
f 1494/796/460 1493/798/461 1434/1140/461
f 1433/1141/192 1434/1140/461 1493/798/461
f 1493/798/461 1492/800/192 1433/1141/192
f 1432/1142/462 1433/1141/192 1492/800/192
f 1492/800/192 1491/802/462 1432/1142/462
f 1431/1143/463 1432/1142/462 1491/802/462
f 1491/802/462 1490/804/463 1431/1143/463
f 1430/1144/464 1431/1143/463 1490/804/463
f 1490/804/463 1489/806/464 1430/1144/464
f 1429/1145/465 1430/1144/464 1489/806/464
f 1489/806/464 1488/808/465 1429/1145/465
f 1428/1146/466 1429/1145/465 1488/808/465
f 1488/808/465 1487/810/466 1428/1146/466
f 1427/1147/467 1428/1146/466 1487/810/466
f 1487/810/466 1486/812/467 1427/1147/467
f 1426/1148/468 1427/1147/467 1486/812/467
f 1486/812/467 1485/814/468 1426/1148/468
f 1425/1149/469 1426/1148/468 1485/814/468
f 1485/814/468 1484/816/469 1425/1149/469
f 1424/1150/470 1425/1149/469 1484/816/469
f 1484/816/469 1483/818/470 1424/1150/470
f 1423/1151/471 1424/1150/470 1483/818/470
f 1483/818/470 1482/820/471 1423/1151/471
f 1422/1152/472 1423/1151/471 1482/820/471
f 1482/820/471 1481/822/472 1422/1152/472
f 1421/1153/473 1422/1152/472 1481/822/472
f 1481/822/472 1480/824/473 1421/1153/473
f 1420/1154/474 1421/1153/473 1480/824/473
f 1480/824/473 1479/826/474 1420/1154/474
f 1419/1155/475 1420/1154/474 1479/826/474
f 1479/826/474 1478/828/475 1419/1155/475
f 1418/1156/476 1419/1155/475 1478/828/475
f 1478/828/475 1477/830/476 1418/1156/476
f 1417/1092/23 1418/1156/476 1477/830/476
f 1477/830/476 1476/703/23 1417/1092/23
f 1403/1106/45 1404/1105/45 1532/1105/45
f 1532/1105/45 1531/1106/45 1403/1106/45
f 1404/1105/8 1527/728/8 1533/728/8
f 1533/728/8 1532/1105/8 1404/1105/8
f 1527/728/43 1526/730/43 1534/730/43
f 1534/730/43 1533/728/43 1527/728/43
f 1526/730/43 1525/732/43 1535/732/43
f 1535/732/43 1534/730/43 1526/730/43
f 1525/732/43 1524/734/43 1536/734/43
f 1536/734/43 1535/732/43 1525/732/43
f 1524/737/43 1523/736/43 1537/736/43
f 1537/736/43 1536/737/43 1524/737/43
f 1523/736/43 1522/740/43 1538/740/43
f 1538/740/43 1537/736/43 1523/736/43
f 1522/740/43 1521/742/43 1539/742/43
f 1539/742/43 1538/740/43 1522/740/43
f 1521/742/23 1462/1112/23 1540/1112/23
f 1540/1112/23 1539/742/23 1521/742/23
f 1462/1112/45 1463/1111/45 1541/1111/45
f 1541/1111/45 1540/1112/45 1462/1112/45
f 1463/1111/45 1464/1110/45 1542/1110/45
f 1542/1110/45 1541/1111/45 1463/1111/45
f 1464/1110/45 1465/1109/45 1543/1109/45
f 1543/1109/45 1542/1110/45 1464/1110/45
f 1465/1108/45 1466/1107/45 1544/1107/45
f 1544/1107/45 1543/1108/45 1465/1108/45
f 1466/1107/45 1403/1106/45 1531/1106/45
f 1531/1106/45 1544/1107/45 1466/1107/45
f 1677/1157/1094 1688/1158/2 1689/1159/2
f 1689/1159/2 1678/1160/1095 1677/1157/1094
f 1689/1159/1096 1709/1161/1096 1710/1162/1097
f 1710/1162/1097 1678/1160/1098 1689/1159/1096
f 1760/19/8 1682/22/8 1683/1167/8
f 1683/1167/8 1684/1172/8 1760/19/8
f 1678/1173/1095 1684/1172/1104 1683/1167/1104
f 1683/1167/1104 1677/1174/1094 1678/1173/1095
f 1687/1157/1106 1690/1160/13 1689/1159/2
f 1689/1159/2 1688/1158/2 1687/1157/1106
f 1708/1162/1107 1709/1161/1096 1689/1159/1096
f 1689/1159/1096 1690/1160/1108 1708/1162/1107
f 1699/19/23 1700/1172/23 1696/1167/23
f 1696/1167/23 1694/22/23 1699/19/23
f 1690/1173/13 1687/1174/1106 1696/1167/1111
f 1696/1167/1111 1700/1172/1111 1690/1173/13
f 1760/19/1118 1684/1172/1119 1711/1171/1120
f 1711/1171/1120 1757/1170/1118 1760/19/1118
f 1684/1172/1119 1678/1173/1098 1710/1175/1097
f 1710/1175/1097 1711/1171/1120 1684/1172/1119
f 1700/1172/1121 1699/19/1122 1706/1170/1122
f 1706/1170/1122 1707/1171/1123 1700/1172/1121
f 1690/1173/1108 1700/1172/1121 1707/1171/1123
f 1707/1171/1123 1708/1175/1107 1690/1173/1108
f 1738/1157/1138 1741/1160/1139 1740/1159/192
f 1740/1159/192 1739/1158/192 1738/1157/1138
f 1740/1159/1140 1741/1160/1141 1743/1162/1142
f 1743/1162/1142 1742/1161/1140 1740/1159/1140
f 1760/19/8 1761/1172/8 1748/1167/8
f 1748/1167/8 1682/22/8 1760/19/8
f 1741/1173/1139 1738/1174/1138 1748/1167/1147
f 1748/1167/1147 1761/1172/1147 1741/1173/1139
f 1763/1157/1149 1739/1158/192 1740/1159/192
f 1740/1159/192 1764/1160/243 1763/1157/1149
f 1765/1162/1150 1764/1160/1151 1740/1159/1140
f 1740/1159/1140 1742/1161/1140 1765/1162/1150
f 1699/19/23 1694/22/23 1768/1167/23
f 1768/1167/23 1775/1172/23 1699/19/23
f 1764/1173/243 1775/1172/1154 1768/1167/1154
f 1768/1167/1154 1763/1174/1149 1764/1173/243
f 1760/19/1118 1757/1170/1118 1758/1171/1160
f 1758/1171/1160 1761/1172/1161 1760/19/1118
f 1761/1172/1161 1758/1171/1160 1743/1175/1142
f 1743/1175/1142 1741/1173/1141 1761/1172/1161
f 1775/1172/1162 1774/1171/1163 1706/1170/1122
f 1706/1170/1122 1699/19/1122 1775/1172/1162
f 1764/1173/1151 1765/1175/1150 1774/1171/1163
f 1774/1171/1163 1775/1172/1162 1764/1173/1151
f 1798/122/23 1799/119/1178 1863/1182/1178
f 1863/1182/1178 1862/20/23 1798/122/23
f 1799/119/1178 1800/123/1179 1864/1183/1179
f 1864/1183/1179 1863/1182/1178 1799/119/1178
f 1800/123/1179 1801/125/1180 1865/1184/1180
f 1865/1184/1180 1864/1183/1179 1800/123/1179
f 1801/125/1180 1802/127/1181 1866/1185/1181
f 1866/1185/1181 1865/1184/1180 1801/125/1180
f 1802/127/1181 1803/129/1182 1867/1186/1182
f 1867/1186/1182 1866/1185/1181 1802/127/1181
f 1803/129/1182 1804/131/1183 1868/1187/1183
f 1868/1187/1183 1867/1186/1182 1803/129/1182
f 1804/131/1183 1805/133/1184 1869/1188/1184
f 1869/1188/1184 1868/1187/1183 1804/131/1183
f 1805/133/1184 1806/135/1185 1870/1189/1185
f 1870/1189/1185 1869/1188/1184 1805/133/1184
f 1806/135/1185 1807/137/1186 1871/1190/1186
f 1871/1190/1186 1870/1189/1185 1806/135/1185
f 1807/137/1186 1808/139/1187 1872/1191/1187
f 1872/1191/1187 1871/1190/1186 1807/137/1186
f 1808/139/1187 1809/141/1188 1873/1192/1188
f 1873/1192/1188 1872/1191/1187 1808/139/1187
f 1809/141/1188 1810/143/1189 1874/1193/1189
f 1874/1193/1189 1873/1192/1188 1809/141/1188
f 1810/143/1189 1811/1194/1190 1875/1195/1190
f 1875/1195/1190 1874/1193/1189 1810/143/1189
f 1811/1194/1190 1812/147/1191 1876/1196/1191
f 1876/1196/1191 1875/1195/1190 1811/1194/1190
f 1812/147/1191 1813/149/1192 1877/1197/1192
f 1877/1197/1192 1876/1196/1191 1812/147/1191
f 1813/149/1192 1814/24/45 1878/23/45
f 1878/23/45 1877/1197/1192 1813/149/1192
f 1814/155/45 1815/152/1193 1879/1198/1193
f 1879/1198/1193 1878/1199/45 1814/155/45
f 1815/152/1193 1816/156/1194 1880/1200/1194
f 1880/1200/1194 1879/1198/1193 1815/152/1193
f 1816/156/1194 1817/158/1195 1881/1201/1195
f 1881/1201/1195 1880/1200/1194 1816/156/1194
f 1817/158/1195 1818/160/1196 1882/1202/1196
f 1882/1202/1196 1881/1201/1195 1817/158/1195
f 1818/160/1196 1819/162/1197 1883/1203/1197
f 1883/1203/1197 1882/1202/1196 1818/160/1196
f 1819/162/1197 1820/164/1198 1884/1204/1198
f 1884/1204/1198 1883/1203/1197 1819/162/1197
f 1820/164/1198 1821/166/1199 1885/1205/1199
f 1885/1205/1199 1884/1204/1198 1820/164/1198
f 1821/166/1199 1822/168/1200 1886/1206/1200
f 1886/1206/1200 1885/1205/1199 1821/166/1199
f 1822/168/1200 1823/170/1201 1887/1207/1201
f 1887/1207/1201 1886/1206/1200 1822/168/1200
f 1823/170/1201 1824/172/1202 1888/1208/1202
f 1888/1208/1202 1887/1207/1201 1823/170/1201
f 1824/172/1202 1825/174/1203 1889/1209/1203
f 1889/1209/1203 1888/1208/1202 1824/172/1202
f 1825/174/1203 1826/176/1204 1890/1210/1204
f 1890/1210/1204 1889/1209/1203 1825/174/1203
f 1826/176/1204 1827/178/1205 1891/1211/1205
f 1891/1211/1205 1890/1210/1204 1826/176/1204
f 1827/178/1205 1828/1212/1206 1892/1213/1206
f 1892/1213/1206 1891/1211/1205 1827/178/1205
f 1828/1212/1206 1829/182/1207 1893/1214/1207
f 1893/1214/1207 1892/1213/1206 1828/1212/1206
f 1829/182/1207 1830/184/8 1894/1215/8
f 1894/1215/8 1893/1214/1207 1829/182/1207
f 1830/184/8 1831/186/1208 1895/1216/1208
f 1895/1216/1208 1894/1215/8 1830/184/8
f 1831/186/1208 1832/188/1209 1896/1217/1209
f 1896/1217/1209 1895/1216/1208 1831/186/1208
f 1832/188/1209 1833/190/1210 1897/1218/1210
f 1897/1218/1210 1896/1217/1209 1832/188/1209
f 1833/190/1210 1834/192/1211 1898/1219/1211
f 1898/1219/1211 1897/1218/1210 1833/190/1210
f 1834/192/1211 1835/194/1212 1899/1220/1212
f 1899/1220/1212 1898/1219/1211 1834/192/1211
f 1835/194/1212 1836/196/1213 1900/1221/1213
f 1900/1221/1213 1899/1220/1212 1835/194/1212
f 1836/196/1213 1837/198/1214 1901/1222/1214
f 1901/1222/1214 1900/1221/1213 1836/196/1213
f 1837/198/1214 1838/200/1215 1902/1223/1215
f 1902/1223/1215 1901/1222/1214 1837/198/1214
f 1838/200/1215 1839/202/1216 1903/1224/1216
f 1903/1224/1216 1902/1223/1215 1838/200/1215
f 1839/202/1216 1840/204/1217 1904/1225/1217
f 1904/1225/1217 1903/1224/1216 1839/202/1216
f 1840/204/1217 1841/206/1218 1905/1226/1218
f 1905/1226/1218 1904/1225/1217 1840/204/1217
f 1841/206/1218 1842/208/1219 1906/1227/1219
f 1906/1227/1219 1905/1226/1218 1841/206/1218
f 1842/208/1219 1843/210/1220 1907/1228/1220
f 1907/1228/1220 1906/1227/1219 1842/208/1219
f 1843/210/1220 1844/212/1221 1908/1229/1221
f 1908/1229/1221 1907/1228/1220 1843/210/1220
f 1844/212/1221 1845/214/1222 1909/1230/1222
f 1909/1230/1222 1908/1229/1221 1844/212/1221
f 1845/214/1222 1846/216/43 1910/1231/43
f 1910/1231/43 1909/1230/1222 1845/214/1222
f 1846/216/43 1847/218/1223 1911/1232/1223
f 1911/1232/1223 1910/1231/43 1846/216/43
f 1847/218/1223 1848/220/1224 1912/1233/1224
f 1912/1233/1224 1911/1232/1223 1847/218/1223
f 1848/220/1224 1849/222/1225 1913/1234/1225
f 1913/1234/1225 1912/1233/1224 1848/220/1224
f 1849/222/1225 1850/224/1226 1914/1235/1226
f 1914/1235/1226 1913/1234/1225 1849/222/1225
f 1850/224/1226 1851/226/1227 1915/1236/1227
f 1915/1236/1227 1914/1235/1226 1850/224/1226
f 1851/226/1227 1852/228/1228 1916/1237/1228
f 1916/1237/1228 1915/1236/1227 1851/226/1227
f 1852/228/1228 1853/230/1229 1917/1238/1229
f 1917/1238/1229 1916/1237/1228 1852/228/1228
f 1853/230/1229 1854/1239/1230 1918/1240/1230
f 1918/1240/1230 1917/1238/1229 1853/230/1229
f 1854/1239/1230 1855/234/1231 1919/1241/1231
f 1919/1241/1231 1918/1240/1230 1854/1239/1230
f 1855/234/1231 1856/236/1232 1920/1242/1232
f 1920/1242/1232 1919/1241/1231 1855/234/1231
f 1856/236/1232 1857/238/1233 1921/1243/1233
f 1921/1243/1233 1920/1242/1232 1856/236/1232
f 1857/238/1233 1858/240/1234 1922/1244/1234
f 1922/1244/1234 1921/1243/1233 1857/238/1233
f 1858/240/1234 1859/242/1235 1923/1245/1235
f 1923/1245/1235 1922/1244/1234 1858/240/1234
f 1859/242/1235 1860/244/1236 1924/1246/1236
f 1924/1246/1236 1923/1245/1235 1859/242/1235
f 1860/244/1236 1861/246/1237 1925/1247/1237
f 1925/1247/1237 1924/1246/1236 1860/244/1236
f 1861/246/1237 1798/122/23 1862/20/23
f 1862/20/23 1925/1247/1237 1861/246/1237
f 1860/248/192 1859/249/192 1858/250/192
f 1858/250/192 1857/1248/1238 1856/252/192
f 1856/252/192 1855/253/192 1854/1249/192
f 1858/250/192 1856/252/192 1854/1249/192
f 1854/1249/192 1853/255/192 1852/256/192
f 1852/256/192 1851/1250/192 1850/1251/192
f 1854/1249/192 1852/256/192 1850/1251/192
f 1850/1251/192 1849/259/192 1848/260/192
f 1848/260/192 1847/261/192 1846/262/192
f 1850/1251/192 1848/260/192 1846/262/192
f 1854/1249/192 1850/1251/192 1846/262/192
f 1846/262/192 1845/263/192 1844/1252/192
f 1844/1252/192 1843/265/192 1842/1253/192
f 1846/262/192 1844/1252/192 1842/1253/192
f 1842/1253/192 1841/1254/192 1840/268/192
f 1840/268/192 1839/1255/192 1838/270/192
f 1842/1253/192 1840/268/192 1838/270/192
f 1846/262/192 1842/1253/192 1838/270/192
f 1838/270/192 1837/1256/192 1836/1257/192
f 1836/1257/192 1835/1258/1130 1834/1259/192
f 1838/270/192 1836/1257/192 1834/1259/192
f 1834/1259/192 1833/1260/192 1832/1261/192
f 1832/1261/192 1831/1262/192 1830/1263/192
f 1834/1259/192 1832/1261/192 1830/1263/192
f 1838/270/192 1834/1259/192 1830/1263/192
f 1846/262/192 1838/270/192 1830/1263/192
f 1830/1263/192 1829/279/192 1828/1264/192
f 1828/1264/192 1827/1265/192 1826/1266/192
f 1830/1263/192 1828/1264/192 1826/1266/192
f 1826/1266/192 1825/1267/1130 1824/1268/192
f 1824/1268/192 1823/285/1130 1822/1269/192
f 1826/1266/192 1824/1268/192 1822/1269/192
f 1830/1263/192 1826/1266/192 1822/1269/192
f 1822/1269/192 1821/287/192 1820/1270/192
f 1820/1270/192 1819/1271/192 1818/290/192
f 1822/1269/192 1820/1270/192 1818/290/192
f 1818/290/192 1817/1272/192 1816/1273/192
f 1816/1273/192 1815/293/192 1814/1274/192
f 1818/290/192 1816/1273/192 1814/1274/192
f 1822/1269/192 1818/290/192 1814/1274/192
f 1830/1263/192 1822/1269/192 1814/1274/192
f 1814/1274/192 1813/295/192 1812/1275/192
f 1812/1275/192 1811/1276/192 1810/1277/192
f 1814/1274/192 1812/1275/192 1810/1277/192
f 1810/1277/192 1809/299/192 1808/1278/192
f 1808/1278/192 1807/301/1130 1806/1279/192
f 1810/1277/192 1808/1278/192 1806/1279/192
f 1814/1274/192 1810/1277/192 1806/1279/192
f 1806/1279/192 1805/1280/1238 1804/304/192
f 1804/304/192 1803/1281/1238 1802/1282/192
f 1806/1279/192 1804/304/192 1802/1282/192
f 1802/1282/192 1801/1283/192 1800/1284/192
f 1800/1284/192 1799/1285/192 1798/310/192
f 1802/1282/192 1800/1284/192 1798/310/192
f 1806/1279/192 1802/1282/192 1798/310/192
f 1814/1274/192 1806/1279/192 1798/310/192
f 1830/1263/192 1814/1274/192 1798/310/192
f 1846/262/192 1830/1263/192 1798/310/192
f 1854/1249/192 1846/262/192 1798/310/192
f 1858/250/192 1854/1249/192 1798/310/192
f 1860/248/192 1858/250/192 1798/310/192
f 1861/311/192 1860/248/192 1798/310/192
f 1863/1285/2 1864/1284/2 1865/1283/2
f 1865/1283/2 1866/1282/2 1867/1281/2
f 1867/1281/2 1868/304/2 1869/1280/2
f 1865/1283/2 1867/1281/2 1869/1280/2
f 1869/1280/2 1870/1279/1169 1871/301/2
f 1871/301/2 1872/1278/2 1873/299/2
f 1869/1280/2 1871/301/2 1873/299/2
f 1873/299/2 1874/1277/2 1875/1276/2
f 1875/1276/2 1876/1275/2 1877/295/2
f 1873/299/2 1875/1276/2 1877/295/2
f 1869/1280/2 1873/299/2 1877/295/2
f 1877/295/2 1878/1274/2 1879/293/2
f 1879/293/2 1880/1273/2 1881/1272/2
f 1877/295/2 1879/293/2 1881/1272/2
f 1881/1272/2 1882/290/2 1883/1271/2
f 1883/1271/2 1884/1270/2 1885/287/2
f 1881/1272/2 1883/1271/2 1885/287/2
f 1877/295/2 1881/1272/2 1885/287/2
f 1885/287/2 1886/1269/1239 1887/285/2
f 1887/285/2 1888/1268/2 1889/1267/2
f 1885/287/2 1887/285/2 1889/1267/2
f 1889/1267/2 1890/1266/2 1891/1265/2
f 1891/1265/2 1892/1264/2 1893/279/2
f 1889/1267/2 1891/1265/2 1893/279/2
f 1885/287/2 1889/1267/2 1893/279/2
f 1877/295/2 1885/287/2 1893/279/2
f 1893/279/2 1894/1263/2 1895/1262/2
f 1895/1262/2 1896/1261/2 1897/1260/2
f 1893/279/2 1895/1262/2 1897/1260/2
f 1897/1260/2 1898/1259/2 1899/1258/2
f 1899/1258/2 1900/1257/1169 1901/1256/2
f 1897/1260/2 1899/1258/2 1901/1256/2
f 1893/279/2 1897/1260/2 1901/1256/2
f 1901/1256/2 1902/270/1169 1903/1255/2
f 1903/1255/2 1904/268/2 1905/1254/2
f 1901/1256/2 1903/1255/2 1905/1254/2
f 1905/1254/2 1906/1253/2 1907/265/2
f 1907/265/2 1908/1252/2 1909/263/2
f 1905/1254/2 1907/265/2 1909/263/2
f 1901/1256/2 1905/1254/2 1909/263/2
f 1893/279/2 1901/1256/2 1909/263/2
f 1909/263/2 1910/262/2 1911/261/2
f 1911/261/2 1912/260/2 1913/259/2
f 1909/263/2 1911/261/2 1913/259/2
f 1913/259/2 1914/1251/2 1915/1250/2
f 1915/1250/2 1916/256/2 1917/255/2
f 1913/259/2 1915/1250/2 1917/255/2
f 1909/263/2 1913/259/2 1917/255/2
f 1917/255/2 1918/1249/1239 1919/253/2
f 1919/253/2 1920/252/1239 1921/1248/2
f 1917/255/2 1919/253/2 1921/1248/2
f 1921/1248/2 1922/250/2 1923/249/2
f 1923/249/2 1924/248/2 1925/311/2
f 1921/1248/2 1923/249/2 1925/311/2
f 1917/255/2 1921/1248/2 1925/311/2
f 1909/263/2 1917/255/2 1925/311/2
f 1893/279/2 1909/263/2 1925/311/2
f 1877/295/2 1893/279/2 1925/311/2
f 1869/1280/2 1877/295/2 1925/311/2
f 1865/1283/2 1869/1280/2 1925/311/2
f 1863/1285/2 1865/1283/2 1925/311/2
f 1862/310/2 1863/1285/2 1925/311/2
usemtl Plastic
f 1757/1170/8 1711/1171/8 1685/1169/1102
f 1685/1169/1102 1756/14/1103 1757/1170/8
f 1685/1169/1105 1711/1171/1105 1710/1175/1105
f 1710/1175/1105 1679/1176/1105 1685/1169/1105
f 1772/14/23 1698/1169/23 1707/1171/23
f 1707/1171/23 1706/1170/23 1772/14/23
f 1692/1176/424 1708/1175/424 1707/1171/424
f 1707/1171/424 1698/1169/424 1692/1176/424
f 1709/1161/2 1691/1164/2 1679/1163/2
f 1679/1163/2 1710/1162/2 1709/1161/2
f 1708/1162/2 1692/1163/2 1691/1164/2
f 1691/1164/2 1709/1161/2 1708/1162/2
f 1757/1170/8 1756/14/1103 1759/1169/1146
f 1759/1169/1146 1758/1171/8 1757/1170/8
f 1759/1169/1148 1762/1176/1148 1743/1175/1148
f 1743/1175/1148 1758/1171/1148 1759/1169/1148
f 1772/14/23 1706/1170/23 1774/1171/23
f 1774/1171/23 1773/1169/23 1772/14/23
f 1776/1176/469 1773/1169/469 1774/1171/469
f 1774/1171/469 1765/1175/469 1776/1176/469
f 1742/1161/192 1743/1162/192 1762/1163/192
f 1762/1163/192 1786/1164/192 1742/1161/192
f 1765/1162/192 1742/1161/192 1786/1164/192
f 1786/1164/192 1776/1163/192 1765/1162/192
f 1940/1170/1240 1941/1171/1241 1952/1169/1242
f 1952/1169/1242 1939/14/1243 1940/1170/1240
f 1952/1169/1244 1941/1171/1244 1942/1175/1245
f 1942/1175/1245 1951/1176/1246 1952/1169/1244
f 1947/14/1247 1948/1169/1248 1945/1171/1248
f 1945/1171/1248 1946/1170/1247 1947/14/1247
f 1949/1176/1249 1944/1175/1249 1945/1171/1248
f 1945/1171/1248 1948/1169/1248 1949/1176/1249
f 1943/1161/2 1950/1164/2 1951/1163/1246
f 1951/1163/1246 1942/1162/1245 1943/1161/2
f 1944/1162/1249 1949/1163/1249 1950/1164/2
f 1950/1164/2 1943/1161/2 1944/1162/1249
f 1927/1170/1250 1928/1171/1251 1941/1171/1252
f 1941/1171/1252 1940/1170/1253 1927/1170/1250
f 1928/1171/1251 1931/1175/1254 1942/1175/1255
f 1942/1175/1255 1941/1171/1252 1928/1171/1251
f 1931/1162/1254 1937/1161/1256 1943/1161/1256
f 1943/1161/1256 1942/1162/1255 1931/1162/1254
f 1937/1161/1256 1936/1162/1257 1944/1162/1258
f 1944/1162/1258 1943/1161/1256 1937/1161/1256
f 1936/1175/1257 1934/1171/1259 1945/1171/1260
f 1945/1171/1260 1944/1175/1258 1936/1175/1257
f 1934/1171/1259 1946/1170/1261 1945/1171/1260
f 1953/1170/23 1932/14/23 1947/14/1247
f 1947/14/1247 1946/1170/1247 1953/1170/23
f 1932/14/1262 1971/1169/1263 1933/1169/1264
f 1933/1169/1264 1947/14/1265 1932/14/1262
f 1933/1169/1264 1935/1176/1266 1949/1176/1267
f 1949/1176/1267 1948/1169/1268 1933/1169/1264
f 1935/1163/1266 1938/1164/1269 1950/1164/1269
f 1950/1164/1269 1949/1163/1267 1935/1163/1266
f 1938/1164/1269 1930/1163/1270 1951/1163/1271
f 1951/1163/1271 1950/1164/1269 1938/1164/1269
f 1930/1176/1270 1929/1169/1272 1952/1169/1273
f 1952/1169/1273 1951/1176/1271 1930/1176/1270
f 1929/1169/1272 1926/14/1274 1939/14/1275
f 1939/14/1275 1952/1169/1273 1929/1169/1272
f 1934/1171/1259 1977/1171/1276 1953/1170/1277
f 1953/1170/1277 1946/1170/1261 1934/1171/1259
f 1933/1169/1264 1948/1169/1268 1947/14/1265
f 1940/1170/1240 1939/14/1243 1955/1169/1278
f 1955/1169/1278 1954/1171/1279 1940/1170/1240
f 1955/1169/1280 1956/1176/1281 1957/1175/1282
f 1957/1175/1282 1954/1171/1280 1955/1169/1280
f 1958/14/1283 1961/1170/1283 1960/1171/1284
f 1960/1171/1284 1959/1169/1284 1958/14/1283
f 1962/1176/1285 1959/1169/1284 1960/1171/1284
f 1960/1171/1284 1963/1175/1285 1962/1176/1285
f 1964/1161/192 1957/1162/1282 1956/1163/1281
f 1956/1163/1281 1965/1164/192 1964/1161/192
f 1963/1162/1285 1964/1161/192 1965/1164/192
f 1965/1164/192 1962/1163/1285 1963/1162/1285
f 1927/1170/1250 1940/1170/1253 1954/1171/1286
f 1954/1171/1286 1966/1171/1287 1927/1170/1250
f 1966/1171/1287 1954/1171/1286 1957/1175/1288
f 1957/1175/1288 1967/1175/1289 1966/1171/1287
f 1967/1162/1289 1957/1162/1288 1964/1161/1290
f 1964/1161/1290 1968/1161/1290 1967/1162/1289
f 1968/1161/1290 1964/1161/1290 1963/1162/1291
f 1963/1162/1291 1969/1162/1292 1968/1161/1290
f 1969/1175/1292 1963/1175/1291 1960/1171/1293
f 1960/1171/1293 1970/1171/1294 1969/1175/1292
f 1970/1171/1294 1960/1171/1293 1961/1170/1295
f 1953/1170/23 1961/1170/1283 1958/14/1283
f 1958/14/1283 1932/14/23 1953/1170/23
f 1932/14/1262 1958/14/1296 1972/1169/1297
f 1972/1169/1297 1971/1169/1263 1932/14/1262
f 1972/1169/1297 1959/1169/1298 1962/1176/1299
f 1962/1176/1299 1973/1176/1300 1972/1169/1297
f 1973/1163/1300 1962/1163/1299 1965/1164/1301
f 1965/1164/1301 1974/1164/1301 1973/1163/1300
f 1974/1164/1301 1965/1164/1301 1956/1163/1302
f 1956/1163/1302 1975/1163/1303 1974/1164/1301
f 1975/1176/1303 1956/1176/1302 1955/1169/1304
f 1955/1169/1304 1976/1169/1305 1975/1176/1303
f 1976/1169/1305 1955/1169/1304 1939/14/1275
f 1939/14/1275 1926/14/1274 1976/1169/1305
f 1970/1171/1294 1961/1170/1295 1953/1170/1277
f 1953/1170/1277 1977/1171/1276 1970/1171/1294
f 1972/1169/1297 1958/14/1296 1959/1169/1298
f 1992/1170/1240 1993/1171/1241 2004/1169/1242
f 2004/1169/1242 1991/14/1243 1992/1170/1240
f 2004/1169/1244 1993/1171/1244 1994/1175/1245
f 1994/1175/1245 2003/1176/1246 2004/1169/1244
f 1999/14/1247 2000/1169/1248 1997/1171/1248
f 1997/1171/1248 1998/1170/1247 1999/14/1247
f 2001/1176/1249 1996/1175/1249 1997/1171/1248
f 1997/1171/1248 2000/1169/1248 2001/1176/1249
f 1995/1161/2 2002/1164/2 2003/1163/1246
f 2003/1163/1246 1994/1162/1245 1995/1161/2
f 1996/1162/1249 2001/1163/1249 2002/1164/2
f 2002/1164/2 1995/1161/2 1996/1162/1249
f 1979/1170/1250 1980/1171/1251 1993/1171/1252
f 1993/1171/1252 1992/1170/1253 1979/1170/1250
f 1980/1171/1251 1983/1175/1254 1994/1175/1255
f 1994/1175/1255 1993/1171/1252 1980/1171/1251
f 1983/1162/1254 1989/1161/1256 1995/1161/1256
f 1995/1161/1256 1994/1162/1255 1983/1162/1254
f 1989/1161/1256 1988/1162/1257 1996/1162/1258
f 1996/1162/1258 1995/1161/1256 1989/1161/1256
f 1988/1175/1257 1986/1171/1259 1997/1171/1260
f 1997/1171/1260 1996/1175/1258 1988/1175/1257
f 1986/1171/1259 1998/1170/1261 1997/1171/1260
f 2005/1170/23 1984/14/23 1999/14/1247
f 1999/14/1247 1998/1170/1247 2005/1170/23
f 1984/14/1262 2023/1169/1263 1985/1169/1264
f 1985/1169/1264 1999/14/1265 1984/14/1262
f 1985/1169/1264 1987/1176/1266 2001/1176/1267
f 2001/1176/1267 2000/1169/1268 1985/1169/1264
f 1987/1163/1266 1990/1164/1269 2002/1164/1269
f 2002/1164/1269 2001/1163/1267 1987/1163/1266
f 1990/1164/1269 1982/1163/1270 2003/1163/1271
f 2003/1163/1271 2002/1164/1269 1990/1164/1269
f 1982/1176/1270 1981/1169/1272 2004/1169/1273
f 2004/1169/1273 2003/1176/1271 1982/1176/1270
f 1981/1169/1272 1978/14/1274 1991/14/1275
f 1991/14/1275 2004/1169/1273 1981/1169/1272
f 1986/1171/1259 2029/1171/1276 2005/1170/1277
f 2005/1170/1277 1998/1170/1261 1986/1171/1259
f 1985/1169/1264 2000/1169/1268 1999/14/1265
f 1992/1170/1240 1991/14/1243 2007/1169/1278
f 2007/1169/1278 2006/1171/1279 1992/1170/1240
f 2007/1169/1280 2008/1176/1281 2009/1175/1282
f 2009/1175/1282 2006/1171/1280 2007/1169/1280
f 2010/14/1283 2013/1170/1283 2012/1171/1284
f 2012/1171/1284 2011/1169/1284 2010/14/1283
f 2014/1176/1285 2011/1169/1284 2012/1171/1284
f 2012/1171/1284 2015/1175/1285 2014/1176/1285
f 2016/1161/192 2009/1162/1282 2008/1163/1281
f 2008/1163/1281 2017/1164/192 2016/1161/192
f 2015/1162/1285 2016/1161/192 2017/1164/192
f 2017/1164/192 2014/1163/1285 2015/1162/1285
f 1979/1170/1250 1992/1170/1253 2006/1171/1286
f 2006/1171/1286 2018/1171/1287 1979/1170/1250
f 2018/1171/1287 2006/1171/1286 2009/1175/1288
f 2009/1175/1288 2019/1175/1289 2018/1171/1287
f 2019/1162/1289 2009/1162/1288 2016/1161/1290
f 2016/1161/1290 2020/1161/1290 2019/1162/1289
f 2020/1161/1290 2016/1161/1290 2015/1162/1291
f 2015/1162/1291 2021/1162/1292 2020/1161/1290
f 2021/1175/1292 2015/1175/1291 2012/1171/1293
f 2012/1171/1293 2022/1171/1294 2021/1175/1292
f 2022/1171/1294 2012/1171/1293 2013/1170/1295
f 2005/1170/23 2013/1170/1283 2010/14/1283
f 2010/14/1283 1984/14/23 2005/1170/23
f 1984/14/1262 2010/14/1296 2024/1169/1297
f 2024/1169/1297 2023/1169/1263 1984/14/1262
f 2024/1169/1297 2011/1169/1298 2014/1176/1299
f 2014/1176/1299 2025/1176/1300 2024/1169/1297
f 2025/1163/1300 2014/1163/1299 2017/1164/1301
f 2017/1164/1301 2026/1164/1301 2025/1163/1300
f 2026/1164/1301 2017/1164/1301 2008/1163/1302
f 2008/1163/1302 2027/1163/1303 2026/1164/1301
f 2027/1176/1303 2008/1176/1302 2007/1169/1304
f 2007/1169/1304 2028/1169/1305 2027/1176/1303
f 2028/1169/1305 2007/1169/1304 1991/14/1275
f 1991/14/1275 1978/14/1274 2028/1169/1305
f 2022/1171/1294 2013/1170/1295 2005/1170/1277
f 2005/1170/1277 2029/1171/1276 2022/1171/1294
f 2024/1169/1297 2010/14/1296 2011/1169/1298
f 2044/1170/1240 2045/1171/1241 2056/1169/1242
f 2056/1169/1242 2043/14/1243 2044/1170/1240
f 2056/1169/1244 2045/1171/1244 2046/1175/1245
f 2046/1175/1245 2055/1176/1246 2056/1169/1244
f 2051/14/1247 2052/1169/1248 2049/1171/1248
f 2049/1171/1248 2050/1170/1247 2051/14/1247
f 2053/1176/1249 2048/1175/1249 2049/1171/1248
f 2049/1171/1248 2052/1169/1248 2053/1176/1249
f 2047/1161/2 2054/1164/2 2055/1163/1246
f 2055/1163/1246 2046/1162/1245 2047/1161/2
f 2048/1162/1249 2053/1163/1249 2054/1164/2
f 2054/1164/2 2047/1161/2 2048/1162/1249
f 2031/1170/1250 2032/1171/1251 2045/1171/1252
f 2045/1171/1252 2044/1170/1253 2031/1170/1250
f 2032/1171/1251 2035/1175/1254 2046/1175/1255
f 2046/1175/1255 2045/1171/1252 2032/1171/1251
f 2035/1162/1254 2041/1161/1256 2047/1161/1256
f 2047/1161/1256 2046/1162/1255 2035/1162/1254
f 2041/1161/1256 2040/1162/1257 2048/1162/1258
f 2048/1162/1258 2047/1161/1256 2041/1161/1256
f 2040/1175/1257 2038/1171/1259 2049/1171/1260
f 2049/1171/1260 2048/1175/1258 2040/1175/1257
f 2038/1171/1259 2050/1170/1261 2049/1171/1260
f 2057/1170/23 2036/14/23 2051/14/1247
f 2051/14/1247 2050/1170/1247 2057/1170/23
f 2036/14/1262 2075/1169/1263 2037/1169/1264
f 2037/1169/1264 2051/14/1265 2036/14/1262
f 2037/1169/1264 2039/1176/1266 2053/1176/1267
f 2053/1176/1267 2052/1169/1268 2037/1169/1264
f 2039/1163/1266 2042/1164/1269 2054/1164/1269
f 2054/1164/1269 2053/1163/1267 2039/1163/1266
f 2042/1164/1269 2034/1163/1270 2055/1163/1271
f 2055/1163/1271 2054/1164/1269 2042/1164/1269
f 2034/1176/1270 2033/1169/1272 2056/1169/1273
f 2056/1169/1273 2055/1176/1271 2034/1176/1270
f 2033/1169/1272 2030/14/1274 2043/14/1306
f 2043/14/1306 2056/1169/1273 2033/1169/1272
f 2038/1171/1259 2081/1171/1276 2057/1170/1277
f 2057/1170/1277 2050/1170/1261 2038/1171/1259
f 2037/1169/1264 2052/1169/1268 2051/14/1265
f 2044/1170/1240 2043/14/1243 2059/1169/1278
f 2059/1169/1278 2058/1171/1279 2044/1170/1240
f 2059/1169/1280 2060/1176/1281 2061/1175/1282
f 2061/1175/1282 2058/1171/1280 2059/1169/1280
f 2062/14/1283 2065/1170/1283 2064/1171/1284
f 2064/1171/1284 2063/1169/1284 2062/14/1283
f 2066/1176/1285 2063/1169/1284 2064/1171/1284
f 2064/1171/1284 2067/1175/1285 2066/1176/1285
f 2068/1161/192 2061/1162/1282 2060/1163/1281
f 2060/1163/1281 2069/1164/192 2068/1161/192
f 2067/1162/1285 2068/1161/192 2069/1164/192
f 2069/1164/192 2066/1163/1285 2067/1162/1285
f 2031/1170/1250 2044/1170/1253 2058/1171/1286
f 2058/1171/1286 2070/1171/1287 2031/1170/1250
f 2070/1171/1287 2058/1171/1286 2061/1175/1288
f 2061/1175/1288 2071/1175/1289 2070/1171/1287
f 2071/1162/1289 2061/1162/1288 2068/1161/1290
f 2068/1161/1290 2072/1161/1290 2071/1162/1289
f 2072/1161/1290 2068/1161/1290 2067/1162/1291
f 2067/1162/1291 2073/1162/1292 2072/1161/1290
f 2073/1175/1292 2067/1175/1291 2064/1171/1293
f 2064/1171/1293 2074/1171/1294 2073/1175/1292
f 2074/1171/1294 2064/1171/1293 2065/1170/1295
f 2057/1170/23 2065/1170/1283 2062/14/1283
f 2062/14/1283 2036/14/23 2057/1170/23
f 2036/14/1262 2062/14/1296 2076/1169/1297
f 2076/1169/1297 2075/1169/1263 2036/14/1262
f 2076/1169/1297 2063/1169/1298 2066/1176/1299
f 2066/1176/1299 2077/1176/1300 2076/1169/1297
f 2077/1163/1300 2066/1163/1299 2069/1164/1301
f 2069/1164/1301 2078/1164/1301 2077/1163/1300
f 2078/1164/1301 2069/1164/1301 2060/1163/1302
f 2060/1163/1302 2079/1163/1303 2078/1164/1301
f 2079/1176/1303 2060/1176/1302 2059/1169/1304
f 2059/1169/1304 2080/1169/1305 2079/1176/1303
f 2080/1169/1305 2059/1169/1304 2043/14/1306
f 2043/14/1306 2030/14/1274 2080/1169/1305
f 2074/1171/1294 2065/1170/1295 2057/1170/1277
f 2057/1170/1277 2081/1171/1276 2074/1171/1294
f 2076/1169/1297 2062/14/1296 2063/1169/1298
f 2096/1170/1240 2097/1171/1241 2108/1169/1242
f 2108/1169/1242 2095/14/1243 2096/1170/1240
f 2108/1169/1244 2097/1171/1244 2098/1175/1245
f 2098/1175/1245 2107/1176/1246 2108/1169/1244
f 2103/14/1247 2104/1169/1248 2101/1171/1248
f 2101/1171/1248 2102/1170/1247 2103/14/1247
f 2105/1176/1249 2100/1175/1249 2101/1171/1248
f 2101/1171/1248 2104/1169/1248 2105/1176/1249
f 2099/1161/2 2106/1164/2 2107/1163/1246
f 2107/1163/1246 2098/1162/1245 2099/1161/2
f 2100/1162/1249 2105/1163/1249 2106/1164/2
f 2106/1164/2 2099/1161/2 2100/1162/1249
f 2083/1170/1250 2084/1171/1251 2097/1171/1252
f 2097/1171/1252 2096/1170/1253 2083/1170/1250
f 2084/1171/1251 2087/1175/1254 2098/1175/1255
f 2098/1175/1255 2097/1171/1252 2084/1171/1251
f 2087/1162/1254 2093/1161/1256 2099/1161/1256
f 2099/1161/1256 2098/1162/1255 2087/1162/1254
f 2093/1161/1256 2092/1162/1257 2100/1162/1258
f 2100/1162/1258 2099/1161/1256 2093/1161/1256
f 2092/1175/1257 2090/1171/1259 2101/1171/1260
f 2101/1171/1260 2100/1175/1258 2092/1175/1257
f 2090/1171/1259 2102/1170/1261 2101/1171/1260
f 2109/1170/23 2088/14/23 2103/14/1247
f 2103/14/1247 2102/1170/1247 2109/1170/23
f 2088/14/1262 2127/1169/1263 2089/1169/1264
f 2089/1169/1264 2103/14/1265 2088/14/1262
f 2089/1169/1264 2091/1176/1266 2105/1176/1267
f 2105/1176/1267 2104/1169/1268 2089/1169/1264
f 2091/1163/1266 2094/1164/1269 2106/1164/1269
f 2106/1164/1269 2105/1163/1267 2091/1163/1266
f 2094/1164/1269 2086/1163/1270 2107/1163/1271
f 2107/1163/1271 2106/1164/1269 2094/1164/1269
f 2086/1176/1270 2085/1169/1272 2108/1169/1273
f 2108/1169/1273 2107/1176/1271 2086/1176/1270
f 2085/1169/1272 2082/14/1274 2095/14/1275
f 2095/14/1275 2108/1169/1273 2085/1169/1272
f 2090/1171/1259 2133/1171/1276 2109/1170/1277
f 2109/1170/1277 2102/1170/1261 2090/1171/1259
f 2089/1169/1264 2104/1169/1268 2103/14/1265
f 2096/1170/1240 2095/14/1243 2111/1169/1278
f 2111/1169/1278 2110/1171/1279 2096/1170/1240
f 2111/1169/1280 2112/1176/1281 2113/1175/1282
f 2113/1175/1282 2110/1171/1280 2111/1169/1280
f 2114/14/1283 2117/1170/1283 2116/1171/1284
f 2116/1171/1284 2115/1169/1284 2114/14/1283
f 2118/1176/1285 2115/1169/1284 2116/1171/1284
f 2116/1171/1284 2119/1175/1285 2118/1176/1285
f 2120/1161/192 2113/1162/1282 2112/1163/1281
f 2112/1163/1281 2121/1164/192 2120/1161/192
f 2119/1162/1285 2120/1161/192 2121/1164/192
f 2121/1164/192 2118/1163/1285 2119/1162/1285
f 2083/1170/1250 2096/1170/1253 2110/1171/1286
f 2110/1171/1286 2122/1171/1287 2083/1170/1250
f 2122/1171/1287 2110/1171/1286 2113/1175/1288
f 2113/1175/1288 2123/1175/1289 2122/1171/1287
f 2123/1162/1289 2113/1162/1288 2120/1161/1290
f 2120/1161/1290 2124/1161/1290 2123/1162/1289
f 2124/1161/1290 2120/1161/1290 2119/1162/1291
f 2119/1162/1291 2125/1162/1292 2124/1161/1290
f 2125/1175/1292 2119/1175/1291 2116/1171/1293
f 2116/1171/1293 2126/1171/1294 2125/1175/1292
f 2126/1171/1294 2116/1171/1293 2117/1170/1295
f 2109/1170/23 2117/1170/1283 2114/14/1283
f 2114/14/1283 2088/14/23 2109/1170/23
f 2088/14/1262 2114/14/1296 2128/1169/1297
f 2128/1169/1297 2127/1169/1263 2088/14/1262
f 2128/1169/1297 2115/1169/1298 2118/1176/1299
f 2118/1176/1299 2129/1176/1300 2128/1169/1297
f 2129/1163/1300 2118/1163/1299 2121/1164/1301
f 2121/1164/1301 2130/1164/1301 2129/1163/1300
f 2130/1164/1301 2121/1164/1301 2112/1163/1302
f 2112/1163/1302 2131/1163/1303 2130/1164/1301
f 2131/1176/1303 2112/1176/1302 2111/1169/1304
f 2111/1169/1304 2132/1169/1305 2131/1176/1303
f 2132/1169/1305 2111/1169/1304 2095/14/1275
f 2095/14/1275 2082/14/1274 2132/1169/1305
f 2126/1171/1294 2117/1170/1295 2109/1170/1277
f 2109/1170/1277 2133/1171/1276 2126/1171/1294
f 2128/1169/1297 2114/14/1296 2115/1169/1298
f 2148/1170/1240 2149/1171/1241 2160/1169/1242
f 2160/1169/1242 2147/14/1243 2148/1170/1240
f 2160/1169/1244 2149/1171/1244 2150/1175/1245
f 2150/1175/1245 2159/1176/1246 2160/1169/1244
f 2155/14/1247 2156/1169/1248 2153/1171/1248
f 2153/1171/1248 2154/1170/1247 2155/14/1247
f 2157/1176/1249 2152/1175/1249 2153/1171/1248
f 2153/1171/1248 2156/1169/1248 2157/1176/1249
f 2151/1161/2 2158/1164/2 2159/1163/1246
f 2159/1163/1246 2150/1162/1245 2151/1161/2
f 2152/1162/1249 2157/1163/1249 2158/1164/2
f 2158/1164/2 2151/1161/2 2152/1162/1249
f 2135/1170/1250 2136/1171/1251 2149/1171/1252
f 2149/1171/1252 2148/1170/1253 2135/1170/1250
f 2136/1171/1251 2139/1175/1254 2150/1175/1255
f 2150/1175/1255 2149/1171/1252 2136/1171/1251
f 2139/1162/1254 2145/1161/1256 2151/1161/1256
f 2151/1161/1256 2150/1162/1255 2139/1162/1254
f 2145/1161/1256 2144/1162/1257 2152/1162/1258
f 2152/1162/1258 2151/1161/1256 2145/1161/1256
f 2144/1175/1257 2142/1171/1259 2153/1171/1260
f 2153/1171/1260 2152/1175/1258 2144/1175/1257
f 2142/1171/1259 2154/1170/1261 2153/1171/1260
f 2161/1170/23 2140/14/23 2155/14/1247
f 2155/14/1247 2154/1170/1247 2161/1170/23
f 2140/14/1262 2179/1169/1263 2141/1169/1264
f 2141/1169/1264 2155/14/1265 2140/14/1262
f 2141/1169/1264 2143/1176/1266 2157/1176/1267
f 2157/1176/1267 2156/1169/1268 2141/1169/1264
f 2143/1163/1266 2146/1164/1269 2158/1164/1269
f 2158/1164/1269 2157/1163/1267 2143/1163/1266
f 2146/1164/1269 2138/1163/1270 2159/1163/1271
f 2159/1163/1271 2158/1164/1269 2146/1164/1269
f 2138/1176/1270 2137/1169/1272 2160/1169/1273
f 2160/1169/1273 2159/1176/1271 2138/1176/1270
f 2137/1169/1272 2134/14/1274 2147/14/1275
f 2147/14/1275 2160/1169/1273 2137/1169/1272
f 2142/1171/1259 2185/1171/1276 2161/1170/1277
f 2161/1170/1277 2154/1170/1261 2142/1171/1259
f 2141/1169/1264 2156/1169/1268 2155/14/1265
f 2148/1170/1240 2147/14/1243 2163/1169/1278
f 2163/1169/1278 2162/1171/1279 2148/1170/1240
f 2163/1169/1280 2164/1176/1281 2165/1175/1282
f 2165/1175/1282 2162/1171/1280 2163/1169/1280
f 2166/14/1283 2169/1170/1283 2168/1171/1284
f 2168/1171/1284 2167/1169/1284 2166/14/1283
f 2170/1176/1285 2167/1169/1284 2168/1171/1284
f 2168/1171/1284 2171/1175/1285 2170/1176/1285
f 2172/1161/192 2165/1162/1282 2164/1163/1281
f 2164/1163/1281 2173/1164/192 2172/1161/192
f 2171/1162/1285 2172/1161/192 2173/1164/192
f 2173/1164/192 2170/1163/1285 2171/1162/1285
f 2135/1170/1250 2148/1170/1253 2162/1171/1286
f 2162/1171/1286 2174/1171/1287 2135/1170/1250
f 2174/1171/1287 2162/1171/1286 2165/1175/1288
f 2165/1175/1288 2175/1175/1289 2174/1171/1287
f 2175/1162/1289 2165/1162/1288 2172/1161/1290
f 2172/1161/1290 2176/1161/1290 2175/1162/1289
f 2176/1161/1290 2172/1161/1290 2171/1162/1291
f 2171/1162/1291 2177/1162/1292 2176/1161/1290
f 2177/1175/1292 2171/1175/1291 2168/1171/1293
f 2168/1171/1293 2178/1171/1294 2177/1175/1292
f 2178/1171/1294 2168/1171/1293 2169/1170/1295
f 2161/1170/23 2169/1170/1283 2166/14/1283
f 2166/14/1283 2140/14/23 2161/1170/23
f 2140/14/1262 2166/14/1296 2180/1169/1297
f 2180/1169/1297 2179/1169/1263 2140/14/1262
f 2180/1169/1297 2167/1169/1298 2170/1176/1299
f 2170/1176/1299 2181/1176/1300 2180/1169/1297
f 2181/1163/1300 2170/1163/1299 2173/1164/1301
f 2173/1164/1301 2182/1164/1301 2181/1163/1300
f 2182/1164/1301 2173/1164/1301 2164/1163/1302
f 2164/1163/1302 2183/1163/1303 2182/1164/1301
f 2183/1176/1303 2164/1176/1302 2163/1169/1304
f 2163/1169/1304 2184/1169/1305 2183/1176/1303
f 2184/1169/1305 2163/1169/1304 2147/14/1275
f 2147/14/1275 2134/14/1274 2184/1169/1305
f 2178/1171/1294 2169/1170/1295 2161/1170/1277
f 2161/1170/1277 2185/1171/1276 2178/1171/1294
f 2180/1169/1297 2166/14/1296 2167/1169/1298
f 2200/1170/1240 2201/1171/1241 2212/1169/1242
f 2212/1169/1242 2199/14/1243 2200/1170/1240
f 2212/1169/1244 2201/1171/1244 2202/1175/1245
f 2202/1175/1245 2211/1176/1246 2212/1169/1244
f 2207/14/1247 2208/1169/1248 2205/1171/1248
f 2205/1171/1248 2206/1170/1247 2207/14/1247
f 2209/1176/1249 2204/1175/1249 2205/1171/1248
f 2205/1171/1248 2208/1169/1248 2209/1176/1249
f 2203/1161/2 2210/1164/2 2211/1163/1246
f 2211/1163/1246 2202/1162/1245 2203/1161/2
f 2204/1162/1249 2209/1163/1249 2210/1164/2
f 2210/1164/2 2203/1161/2 2204/1162/1249
f 2187/1170/1250 2188/1171/1251 2201/1171/1252
f 2201/1171/1252 2200/1170/1253 2187/1170/1250
f 2188/1171/1251 2191/1175/1254 2202/1175/1255
f 2202/1175/1255 2201/1171/1252 2188/1171/1251
f 2191/1162/1254 2197/1161/1256 2203/1161/1256
f 2203/1161/1256 2202/1162/1255 2191/1162/1254
f 2197/1161/1256 2196/1162/1257 2204/1162/1258
f 2204/1162/1258 2203/1161/1256 2197/1161/1256
f 2196/1175/1257 2194/1171/1259 2205/1171/1260
f 2205/1171/1260 2204/1175/1258 2196/1175/1257
f 2194/1171/1259 2206/1170/1261 2205/1171/1260
f 2213/1170/23 2192/14/23 2207/14/1247
f 2207/14/1247 2206/1170/1247 2213/1170/23
f 2192/14/1262 2231/1169/1263 2193/1169/1264
f 2193/1169/1264 2207/14/1265 2192/14/1262
f 2193/1169/1264 2195/1176/1266 2209/1176/1267
f 2209/1176/1267 2208/1169/1268 2193/1169/1264
f 2195/1163/1266 2198/1164/1269 2210/1164/1269
f 2210/1164/1269 2209/1163/1267 2195/1163/1266
f 2198/1164/1269 2190/1163/1270 2211/1163/1271
f 2211/1163/1271 2210/1164/1269 2198/1164/1269
f 2190/1176/1270 2189/1169/1272 2212/1169/1273
f 2212/1169/1273 2211/1176/1271 2190/1176/1270
f 2189/1169/1272 2186/14/1274 2199/14/1275
f 2199/14/1275 2212/1169/1273 2189/1169/1272
f 2194/1171/1259 2237/1171/1276 2213/1170/1307
f 2213/1170/1307 2206/1170/1261 2194/1171/1259
f 2193/1169/1264 2208/1169/1268 2207/14/1265
f 2200/1170/1240 2199/14/1243 2215/1169/1278
f 2215/1169/1278 2214/1171/1279 2200/1170/1240
f 2215/1169/1280 2216/1176/1281 2217/1175/1282
f 2217/1175/1282 2214/1171/1280 2215/1169/1280
f 2218/14/1283 2221/1170/1283 2220/1171/1284
f 2220/1171/1284 2219/1169/1284 2218/14/1283
f 2222/1176/1285 2219/1169/1284 2220/1171/1284
f 2220/1171/1284 2223/1175/1285 2222/1176/1285
f 2224/1161/192 2217/1162/1282 2216/1163/1281
f 2216/1163/1281 2225/1164/192 2224/1161/192
f 2223/1162/1285 2224/1161/192 2225/1164/192
f 2225/1164/192 2222/1163/1285 2223/1162/1285
f 2187/1170/1250 2200/1170/1253 2214/1171/1286
f 2214/1171/1286 2226/1171/1287 2187/1170/1250
f 2226/1171/1287 2214/1171/1286 2217/1175/1288
f 2217/1175/1288 2227/1175/1289 2226/1171/1287
f 2227/1162/1289 2217/1162/1288 2224/1161/1290
f 2224/1161/1290 2228/1161/1290 2227/1162/1289
f 2228/1161/1290 2224/1161/1290 2223/1162/1291
f 2223/1162/1291 2229/1162/1292 2228/1161/1290
f 2229/1175/1292 2223/1175/1291 2220/1171/1293
f 2220/1171/1293 2230/1171/1294 2229/1175/1292
f 2230/1171/1294 2220/1171/1293 2221/1170/1295
f 2213/1170/23 2221/1170/1283 2218/14/1283
f 2218/14/1283 2192/14/23 2213/1170/23
f 2192/14/1262 2218/14/1296 2232/1169/1297
f 2232/1169/1297 2231/1169/1263 2192/14/1262
f 2232/1169/1297 2219/1169/1298 2222/1176/1299
f 2222/1176/1299 2233/1176/1300 2232/1169/1297
f 2233/1163/1300 2222/1163/1299 2225/1164/1301
f 2225/1164/1301 2234/1164/1301 2233/1163/1300
f 2234/1164/1301 2225/1164/1301 2216/1163/1302
f 2216/1163/1302 2235/1163/1303 2234/1164/1301
f 2235/1176/1303 2216/1176/1302 2215/1169/1304
f 2215/1169/1304 2236/1169/1305 2235/1176/1303
f 2236/1169/1305 2215/1169/1304 2199/14/1275
f 2199/14/1275 2186/14/1274 2236/1169/1305
f 2230/1171/1294 2221/1170/1295 2213/1170/1307
f 2213/1170/1307 2237/1171/1276 2230/1171/1294
f 2232/1169/1297 2218/14/1296 2219/1169/1298
f 2252/1170/1240 2253/1171/1241 2264/1169/1242
f 2264/1169/1242 2251/14/1243 2252/1170/1240
f 2264/1169/1244 2253/1171/1244 2254/1175/1245
f 2254/1175/1245 2263/1176/1246 2264/1169/1244
f 2259/14/1247 2260/1169/1248 2257/1171/1248
f 2257/1171/1248 2258/1170/1247 2259/14/1247
f 2261/1176/1249 2256/1175/1249 2257/1171/1248
f 2257/1171/1248 2260/1169/1248 2261/1176/1249
f 2255/1161/2 2262/1164/2 2263/1163/1246
f 2263/1163/1246 2254/1162/1245 2255/1161/2
f 2256/1162/1249 2261/1163/1249 2262/1164/2
f 2262/1164/2 2255/1161/2 2256/1162/1249
f 2239/1170/1250 2240/1171/1251 2253/1171/1252
f 2253/1171/1252 2252/1170/1253 2239/1170/1250
f 2240/1171/1251 2243/1175/1254 2254/1175/1255
f 2254/1175/1255 2253/1171/1252 2240/1171/1251
f 2243/1162/1254 2249/1161/1256 2255/1161/1256
f 2255/1161/1256 2254/1162/1255 2243/1162/1254
f 2249/1161/1256 2248/1162/1257 2256/1162/1258
f 2256/1162/1258 2255/1161/1256 2249/1161/1256
f 2248/1175/1257 2246/1171/1259 2257/1171/1260
f 2257/1171/1260 2256/1175/1258 2248/1175/1257
f 2246/1171/1259 2258/1170/1261 2257/1171/1260
f 2265/1170/23 2244/14/23 2259/14/1247
f 2259/14/1247 2258/1170/1247 2265/1170/23
f 2244/14/1262 2283/1169/1263 2245/1169/1264
f 2245/1169/1264 2259/14/1265 2244/14/1262
f 2245/1169/1264 2247/1176/1266 2261/1176/1267
f 2261/1176/1267 2260/1169/1268 2245/1169/1264
f 2247/1163/1266 2250/1164/1269 2262/1164/1269
f 2262/1164/1269 2261/1163/1267 2247/1163/1266
f 2250/1164/1269 2242/1163/1270 2263/1163/1271
f 2263/1163/1271 2262/1164/1269 2250/1164/1269
f 2242/1176/1270 2241/1169/1272 2264/1169/1273
f 2264/1169/1273 2263/1176/1271 2242/1176/1270
f 2241/1169/1272 2238/14/1274 2251/14/1275
f 2251/14/1275 2264/1169/1273 2241/1169/1272
f 2246/1171/1259 2289/1171/1276 2265/1170/1277
f 2265/1170/1277 2258/1170/1261 2246/1171/1259
f 2245/1169/1264 2260/1169/1268 2259/14/1265
f 2252/1170/1240 2251/14/1243 2267/1169/1278
f 2267/1169/1278 2266/1171/1279 2252/1170/1240
f 2267/1169/1280 2268/1176/1281 2269/1175/1282
f 2269/1175/1282 2266/1171/1280 2267/1169/1280
f 2270/14/1283 2273/1170/1283 2272/1171/1284
f 2272/1171/1284 2271/1169/1284 2270/14/1283
f 2274/1176/1285 2271/1169/1284 2272/1171/1284
f 2272/1171/1284 2275/1175/1285 2274/1176/1285
f 2276/1161/192 2269/1162/1282 2268/1163/1281
f 2268/1163/1281 2277/1164/192 2276/1161/192
f 2275/1162/1285 2276/1161/192 2277/1164/192
f 2277/1164/192 2274/1163/1285 2275/1162/1285
f 2239/1170/1250 2252/1170/1253 2266/1171/1286
f 2266/1171/1286 2278/1171/1287 2239/1170/1250
f 2278/1171/1287 2266/1171/1286 2269/1175/1288
f 2269/1175/1288 2279/1175/1289 2278/1171/1287
f 2279/1162/1289 2269/1162/1288 2276/1161/1290
f 2276/1161/1290 2280/1161/1290 2279/1162/1289
f 2280/1161/1290 2276/1161/1290 2275/1162/1291
f 2275/1162/1291 2281/1162/1292 2280/1161/1290
f 2281/1175/1292 2275/1175/1291 2272/1171/1293
f 2272/1171/1293 2282/1171/1294 2281/1175/1292
f 2282/1171/1294 2272/1171/1293 2273/1170/1295
f 2265/1170/23 2273/1170/1283 2270/14/1283
f 2270/14/1283 2244/14/23 2265/1170/23
f 2244/14/1262 2270/14/1296 2284/1169/1297
f 2284/1169/1297 2283/1169/1263 2244/14/1262
f 2284/1169/1297 2271/1169/1298 2274/1176/1299
f 2274/1176/1299 2285/1176/1300 2284/1169/1297
f 2285/1163/1300 2274/1163/1299 2277/1164/1301
f 2277/1164/1301 2286/1164/1301 2285/1163/1300
f 2286/1164/1301 2277/1164/1301 2268/1163/1302
f 2268/1163/1302 2287/1163/1303 2286/1164/1301
f 2287/1176/1303 2268/1176/1302 2267/1169/1304
f 2267/1169/1304 2288/1169/1305 2287/1176/1303
f 2288/1169/1305 2267/1169/1304 2251/14/1275
f 2251/14/1275 2238/14/1274 2288/1169/1305
f 2282/1171/1294 2273/1170/1295 2265/1170/1277
f 2265/1170/1277 2289/1171/1276 2282/1171/1294
f 2284/1169/1297 2270/14/1296 2271/1169/1298
f 2304/1170/1240 2305/1171/1241 2316/1169/1242
f 2316/1169/1242 2303/14/1243 2304/1170/1240
f 2316/1169/1244 2305/1171/1244 2306/1175/1245
f 2306/1175/1245 2315/1176/1246 2316/1169/1244
f 2311/14/1247 2312/1169/1248 2309/1171/1248
f 2309/1171/1248 2310/1170/1247 2311/14/1247
f 2313/1176/1249 2308/1175/1249 2309/1171/1248
f 2309/1171/1248 2312/1169/1248 2313/1176/1249
f 2307/1161/2 2314/1164/2 2315/1163/1246
f 2315/1163/1246 2306/1162/1245 2307/1161/2
f 2308/1162/1249 2313/1163/1249 2314/1164/2
f 2314/1164/2 2307/1161/2 2308/1162/1249
f 2291/1170/1250 2292/1171/1251 2305/1171/1252
f 2305/1171/1252 2304/1170/1253 2291/1170/1250
f 2292/1171/1251 2295/1175/1254 2306/1175/1255
f 2306/1175/1255 2305/1171/1252 2292/1171/1251
f 2295/1162/1254 2301/1161/1256 2307/1161/1256
f 2307/1161/1256 2306/1162/1255 2295/1162/1254
f 2301/1161/1256 2300/1162/1257 2308/1162/1258
f 2308/1162/1258 2307/1161/1256 2301/1161/1256
f 2300/1175/1257 2298/1171/1259 2309/1171/1260
f 2309/1171/1260 2308/1175/1258 2300/1175/1257
f 2298/1171/1259 2310/1170/1261 2309/1171/1260
f 2317/1170/23 2296/14/23 2311/14/1247
f 2311/14/1247 2310/1170/1247 2317/1170/23
f 2296/14/1262 2335/1169/1263 2297/1169/1264
f 2297/1169/1264 2311/14/1265 2296/14/1262
f 2297/1169/1264 2299/1176/1266 2313/1176/1267
f 2313/1176/1267 2312/1169/1268 2297/1169/1264
f 2299/1163/1266 2302/1164/1269 2314/1164/1269
f 2314/1164/1269 2313/1163/1267 2299/1163/1266
f 2302/1164/1269 2294/1163/1270 2315/1163/1271
f 2315/1163/1271 2314/1164/1269 2302/1164/1269
f 2294/1176/1270 2293/1169/1272 2316/1169/1273
f 2316/1169/1273 2315/1176/1271 2294/1176/1270
f 2293/1169/1272 2290/14/1274 2303/14/1275
f 2303/14/1275 2316/1169/1273 2293/1169/1272
f 2298/1171/1259 2341/1171/1276 2317/1170/1307
f 2317/1170/1307 2310/1170/1261 2298/1171/1259
f 2297/1169/1264 2312/1169/1268 2311/14/1265
f 2304/1170/1240 2303/14/1243 2319/1169/1278
f 2319/1169/1278 2318/1171/1279 2304/1170/1240
f 2319/1169/1280 2320/1176/1281 2321/1175/1282
f 2321/1175/1282 2318/1171/1280 2319/1169/1280
f 2322/14/1283 2325/1170/1283 2324/1171/1284
f 2324/1171/1284 2323/1169/1284 2322/14/1283
f 2326/1176/1285 2323/1169/1284 2324/1171/1284
f 2324/1171/1284 2327/1175/1285 2326/1176/1285
f 2328/1161/192 2321/1162/1282 2320/1163/1281
f 2320/1163/1281 2329/1164/192 2328/1161/192
f 2327/1162/1285 2328/1161/192 2329/1164/192
f 2329/1164/192 2326/1163/1285 2327/1162/1285
f 2291/1170/1250 2304/1170/1253 2318/1171/1286
f 2318/1171/1286 2330/1171/1287 2291/1170/1250
f 2330/1171/1287 2318/1171/1286 2321/1175/1288
f 2321/1175/1288 2331/1175/1289 2330/1171/1287
f 2331/1162/1289 2321/1162/1288 2328/1161/1290
f 2328/1161/1290 2332/1161/1290 2331/1162/1289
f 2332/1161/1290 2328/1161/1290 2327/1162/1291
f 2327/1162/1291 2333/1162/1292 2332/1161/1290
f 2333/1175/1292 2327/1175/1291 2324/1171/1293
f 2324/1171/1293 2334/1171/1294 2333/1175/1292
f 2334/1171/1294 2324/1171/1293 2325/1170/1295
f 2317/1170/23 2325/1170/1283 2322/14/1283
f 2322/14/1283 2296/14/23 2317/1170/23
f 2296/14/1262 2322/14/1296 2336/1169/1297
f 2336/1169/1297 2335/1169/1263 2296/14/1262
f 2336/1169/1297 2323/1169/1298 2326/1176/1299
f 2326/1176/1299 2337/1176/1300 2336/1169/1297
f 2337/1163/1300 2326/1163/1299 2329/1164/1301
f 2329/1164/1301 2338/1164/1301 2337/1163/1300
f 2338/1164/1301 2329/1164/1301 2320/1163/1302
f 2320/1163/1302 2339/1163/1303 2338/1164/1301
f 2339/1176/1303 2320/1176/1302 2319/1169/1304
f 2319/1169/1304 2340/1169/1305 2339/1176/1303
f 2340/1169/1305 2319/1169/1304 2303/14/1275
f 2303/14/1275 2290/14/1274 2340/1169/1305
f 2334/1171/1294 2325/1170/1295 2317/1170/1307
f 2317/1170/1307 2341/1171/1276 2334/1171/1294
f 2336/1169/1297 2322/14/1296 2323/1169/1298
f 2356/1170/1240 2357/1171/1241 2368/1169/1242
f 2368/1169/1242 2355/14/1243 2356/1170/1240
f 2368/1169/1244 2357/1171/1244 2358/1175/1245
f 2358/1175/1245 2367/1176/1246 2368/1169/1244
f 2363/14/1247 2364/1169/1248 2361/1171/1248
f 2361/1171/1248 2362/1170/1247 2363/14/1247
f 2365/1176/1249 2360/1175/1249 2361/1171/1248
f 2361/1171/1248 2364/1169/1248 2365/1176/1249
f 2359/1161/2 2366/1164/2 2367/1163/1246
f 2367/1163/1246 2358/1162/1245 2359/1161/2
f 2360/1162/1249 2365/1163/1249 2366/1164/2
f 2366/1164/2 2359/1161/2 2360/1162/1249
f 2343/1170/1250 2344/1171/1251 2357/1171/1252
f 2357/1171/1252 2356/1170/1253 2343/1170/1250
f 2344/1171/1251 2347/1175/1254 2358/1175/1255
f 2358/1175/1255 2357/1171/1252 2344/1171/1251
f 2347/1162/1254 2353/1161/1256 2359/1161/1256
f 2359/1161/1256 2358/1162/1255 2347/1162/1254
f 2353/1161/1256 2352/1162/1257 2360/1162/1258
f 2360/1162/1258 2359/1161/1256 2353/1161/1256
f 2352/1175/1257 2350/1171/1259 2361/1171/1260
f 2361/1171/1260 2360/1175/1258 2352/1175/1257
f 2350/1171/1259 2362/1170/1261 2361/1171/1260
f 2369/1170/23 2348/14/23 2363/14/1247
f 2363/14/1247 2362/1170/1247 2369/1170/23
f 2348/14/1262 2387/1169/1263 2349/1169/1264
f 2349/1169/1264 2363/14/1265 2348/14/1262
f 2349/1169/1264 2351/1176/1266 2365/1176/1267
f 2365/1176/1267 2364/1169/1268 2349/1169/1264
f 2351/1163/1266 2354/1164/1269 2366/1164/1269
f 2366/1164/1269 2365/1163/1267 2351/1163/1266
f 2354/1164/1269 2346/1163/1270 2367/1163/1271
f 2367/1163/1271 2366/1164/1269 2354/1164/1269
f 2346/1176/1270 2345/1169/1272 2368/1169/1273
f 2368/1169/1273 2367/1176/1271 2346/1176/1270
f 2345/1169/1272 2342/14/1274 2355/14/1275
f 2355/14/1275 2368/1169/1273 2345/1169/1272
f 2350/1171/1259 2393/1171/1276 2369/1170/1307
f 2369/1170/1307 2362/1170/1261 2350/1171/1259
f 2349/1169/1264 2364/1169/1268 2363/14/1265
f 2356/1170/1240 2355/14/1243 2371/1169/1278
f 2371/1169/1278 2370/1171/1279 2356/1170/1240
f 2371/1169/1280 2372/1176/1281 2373/1175/1282
f 2373/1175/1282 2370/1171/1280 2371/1169/1280
f 2374/14/1283 2377/1170/1283 2376/1171/1284
f 2376/1171/1284 2375/1169/1284 2374/14/1283
f 2378/1176/1285 2375/1169/1284 2376/1171/1284
f 2376/1171/1284 2379/1175/1285 2378/1176/1285
f 2380/1161/192 2373/1162/1282 2372/1163/1281
f 2372/1163/1281 2381/1164/192 2380/1161/192
f 2379/1162/1285 2380/1161/192 2381/1164/192
f 2381/1164/192 2378/1163/1285 2379/1162/1285
f 2343/1170/1250 2356/1170/1253 2370/1171/1286
f 2370/1171/1286 2382/1171/1287 2343/1170/1250
f 2382/1171/1287 2370/1171/1286 2373/1175/1288
f 2373/1175/1288 2383/1175/1289 2382/1171/1287
f 2383/1162/1289 2373/1162/1288 2380/1161/1290
f 2380/1161/1290 2384/1161/1290 2383/1162/1289
f 2384/1161/1290 2380/1161/1290 2379/1162/1291
f 2379/1162/1291 2385/1162/1292 2384/1161/1290
f 2385/1175/1292 2379/1175/1291 2376/1171/1293
f 2376/1171/1293 2386/1171/1294 2385/1175/1292
f 2386/1171/1294 2376/1171/1293 2377/1170/1295
f 2369/1170/23 2377/1170/1283 2374/14/1283
f 2374/14/1283 2348/14/23 2369/1170/23
f 2348/14/1262 2374/14/1296 2388/1169/1297
f 2388/1169/1297 2387/1169/1263 2348/14/1262
f 2388/1169/1297 2375/1169/1298 2378/1176/1299
f 2378/1176/1299 2389/1176/1300 2388/1169/1297
f 2389/1163/1300 2378/1163/1299 2381/1164/1301
f 2381/1164/1301 2390/1164/1301 2389/1163/1300
f 2390/1164/1301 2381/1164/1301 2372/1163/1302
f 2372/1163/1302 2391/1163/1303 2390/1164/1301
f 2391/1176/1303 2372/1176/1302 2371/1169/1304
f 2371/1169/1304 2392/1169/1305 2391/1176/1303
f 2392/1169/1305 2371/1169/1304 2355/14/1275
f 2355/14/1275 2342/14/1274 2392/1169/1305
f 2386/1171/1294 2377/1170/1295 2369/1170/1307
f 2369/1170/1307 2393/1171/1276 2386/1171/1294
f 2388/1169/1297 2374/14/1296 2375/1169/1298
f 2408/1170/1240 2409/1171/1241 2420/1169/1242
f 2420/1169/1242 2407/14/1243 2408/1170/1240
f 2420/1169/1244 2409/1171/1244 2410/1175/1245
f 2410/1175/1245 2419/1176/1246 2420/1169/1244
f 2415/14/1247 2416/1169/1248 2413/1171/1248
f 2413/1171/1248 2414/1170/1247 2415/14/1247
f 2417/1176/1249 2412/1175/1249 2413/1171/1248
f 2413/1171/1248 2416/1169/1248 2417/1176/1249
f 2411/1161/2 2418/1164/2 2419/1163/1246
f 2419/1163/1246 2410/1162/1245 2411/1161/2
f 2412/1162/1249 2417/1163/1249 2418/1164/2
f 2418/1164/2 2411/1161/2 2412/1162/1249
f 2395/1170/1250 2396/1171/1251 2409/1171/1252
f 2409/1171/1252 2408/1170/1253 2395/1170/1250
f 2396/1171/1251 2399/1175/1254 2410/1175/1255
f 2410/1175/1255 2409/1171/1252 2396/1171/1251
f 2399/1162/1254 2405/1161/1256 2411/1161/1256
f 2411/1161/1256 2410/1162/1255 2399/1162/1254
f 2405/1161/1256 2404/1162/1257 2412/1162/1258
f 2412/1162/1258 2411/1161/1256 2405/1161/1256
f 2404/1175/1257 2402/1171/1259 2413/1171/1260
f 2413/1171/1260 2412/1175/1258 2404/1175/1257
f 2402/1171/1259 2414/1170/1261 2413/1171/1260
f 2421/1170/23 2400/14/23 2415/14/1247
f 2415/14/1247 2414/1170/1247 2421/1170/23
f 2400/14/1262 2439/1169/1263 2401/1169/1264
f 2401/1169/1264 2415/14/1265 2400/14/1262
f 2401/1169/1264 2403/1176/1266 2417/1176/1267
f 2417/1176/1267 2416/1169/1268 2401/1169/1264
f 2403/1163/1266 2406/1164/1269 2418/1164/1269
f 2418/1164/1269 2417/1163/1267 2403/1163/1266
f 2406/1164/1269 2398/1163/1270 2419/1163/1271
f 2419/1163/1271 2418/1164/1269 2406/1164/1269
f 2398/1176/1270 2397/1169/1272 2420/1169/1273
f 2420/1169/1273 2419/1176/1271 2398/1176/1270
f 2397/1169/1272 2394/14/1274 2407/14/1275
f 2407/14/1275 2420/1169/1273 2397/1169/1272
f 2402/1171/1259 2445/1171/1276 2421/1170/1307
f 2421/1170/1307 2414/1170/1261 2402/1171/1259
f 2401/1169/1264 2416/1169/1268 2415/14/1265
f 2408/1170/1240 2407/14/1243 2423/1169/1278
f 2423/1169/1278 2422/1171/1279 2408/1170/1240
f 2423/1169/1280 2424/1176/1281 2425/1175/1282
f 2425/1175/1282 2422/1171/1280 2423/1169/1280
f 2426/14/1283 2429/1170/1283 2428/1171/1284
f 2428/1171/1284 2427/1169/1284 2426/14/1283
f 2430/1176/1285 2427/1169/1284 2428/1171/1284
f 2428/1171/1284 2431/1175/1285 2430/1176/1285
f 2432/1161/192 2425/1162/1282 2424/1163/1281
f 2424/1163/1281 2433/1164/192 2432/1161/192
f 2431/1162/1285 2432/1161/192 2433/1164/192
f 2433/1164/192 2430/1163/1285 2431/1162/1285
f 2395/1170/1250 2408/1170/1253 2422/1171/1286
f 2422/1171/1286 2434/1171/1287 2395/1170/1250
f 2434/1171/1287 2422/1171/1286 2425/1175/1288
f 2425/1175/1288 2435/1175/1289 2434/1171/1287
f 2435/1162/1289 2425/1162/1288 2432/1161/1290
f 2432/1161/1290 2436/1161/1290 2435/1162/1289
f 2436/1161/1290 2432/1161/1290 2431/1162/1291
f 2431/1162/1291 2437/1162/1292 2436/1161/1290
f 2437/1175/1292 2431/1175/1291 2428/1171/1293
f 2428/1171/1293 2438/1171/1294 2437/1175/1292
f 2438/1171/1294 2428/1171/1293 2429/1170/1295
f 2421/1170/23 2429/1170/1283 2426/14/1283
f 2426/14/1283 2400/14/23 2421/1170/23
f 2400/14/1262 2426/14/1296 2440/1169/1297
f 2440/1169/1297 2439/1169/1263 2400/14/1262
f 2440/1169/1297 2427/1169/1298 2430/1176/1299
f 2430/1176/1299 2441/1176/1300 2440/1169/1297
f 2441/1163/1300 2430/1163/1299 2433/1164/1301
f 2433/1164/1301 2442/1164/1301 2441/1163/1300
f 2442/1164/1301 2433/1164/1301 2424/1163/1302
f 2424/1163/1302 2443/1163/1303 2442/1164/1301
f 2443/1176/1303 2424/1176/1302 2423/1169/1304
f 2423/1169/1304 2444/1169/1305 2443/1176/1303
f 2444/1169/1305 2423/1169/1304 2407/14/1275
f 2407/14/1275 2394/14/1274 2444/1169/1305
f 2438/1171/1294 2429/1170/1295 2421/1170/1307
f 2421/1170/1307 2445/1171/1276 2438/1171/1294
f 2440/1169/1297 2426/14/1296 2427/1169/1298
f 2460/1170/1240 2461/1171/1241 2472/1169/1242
f 2472/1169/1242 2459/14/1243 2460/1170/1240
f 2472/1169/1244 2461/1171/1244 2462/1175/1245
f 2462/1175/1245 2471/1176/1246 2472/1169/1244
f 2467/14/1247 2468/1169/1248 2465/1171/1248
f 2465/1171/1248 2466/1170/1247 2467/14/1247
f 2469/1176/1249 2464/1175/1249 2465/1171/1248
f 2465/1171/1248 2468/1169/1248 2469/1176/1249
f 2463/1161/2 2470/1164/2 2471/1163/1246
f 2471/1163/1246 2462/1162/1245 2463/1161/2
f 2464/1162/1249 2469/1163/1249 2470/1164/2
f 2470/1164/2 2463/1161/2 2464/1162/1249
f 2447/1170/1250 2448/1171/1251 2461/1171/1252
f 2461/1171/1252 2460/1170/1253 2447/1170/1250
f 2448/1171/1251 2451/1175/1254 2462/1175/1255
f 2462/1175/1255 2461/1171/1252 2448/1171/1251
f 2451/1162/1254 2457/1161/1256 2463/1161/1256
f 2463/1161/1256 2462/1162/1255 2451/1162/1254
f 2457/1161/1256 2456/1162/1257 2464/1162/1258
f 2464/1162/1258 2463/1161/1256 2457/1161/1256
f 2456/1175/1257 2454/1171/1259 2465/1171/1260
f 2465/1171/1260 2464/1175/1258 2456/1175/1257
f 2454/1171/1259 2466/1170/1261 2465/1171/1260
f 2473/1170/23 2452/14/23 2467/14/1247
f 2467/14/1247 2466/1170/1247 2473/1170/23
f 2452/14/1262 2491/1169/1263 2453/1169/1264
f 2453/1169/1264 2467/14/1265 2452/14/1262
f 2453/1169/1264 2455/1176/1266 2469/1176/1267
f 2469/1176/1267 2468/1169/1268 2453/1169/1264
f 2455/1163/1266 2458/1164/1269 2470/1164/1269
f 2470/1164/1269 2469/1163/1267 2455/1163/1266
f 2458/1164/1269 2450/1163/1270 2471/1163/1271
f 2471/1163/1271 2470/1164/1269 2458/1164/1269
f 2450/1176/1270 2449/1169/1272 2472/1169/1273
f 2472/1169/1273 2471/1176/1271 2450/1176/1270
f 2449/1169/1272 2446/14/1274 2459/14/1275
f 2459/14/1275 2472/1169/1273 2449/1169/1272
f 2454/1171/1259 2497/1171/1276 2473/1170/1307
f 2473/1170/1307 2466/1170/1261 2454/1171/1259
f 2453/1169/1264 2468/1169/1268 2467/14/1265
f 2460/1170/1240 2459/14/1243 2475/1169/1278
f 2475/1169/1278 2474/1171/1279 2460/1170/1240
f 2475/1169/1280 2476/1176/1281 2477/1175/1282
f 2477/1175/1282 2474/1171/1280 2475/1169/1280
f 2478/14/1283 2481/1170/1283 2480/1171/1284
f 2480/1171/1284 2479/1169/1284 2478/14/1283
f 2482/1176/1285 2479/1169/1284 2480/1171/1284
f 2480/1171/1284 2483/1175/1285 2482/1176/1285
f 2484/1161/192 2477/1162/1282 2476/1163/1281
f 2476/1163/1281 2485/1164/192 2484/1161/192
f 2483/1162/1285 2484/1161/192 2485/1164/192
f 2485/1164/192 2482/1163/1285 2483/1162/1285
f 2447/1170/1250 2460/1170/1253 2474/1171/1286
f 2474/1171/1286 2486/1171/1287 2447/1170/1250
f 2486/1171/1287 2474/1171/1286 2477/1175/1288
f 2477/1175/1288 2487/1175/1289 2486/1171/1287
f 2487/1162/1289 2477/1162/1288 2484/1161/1290
f 2484/1161/1290 2488/1161/1290 2487/1162/1289
f 2488/1161/1290 2484/1161/1290 2483/1162/1291
f 2483/1162/1291 2489/1162/1292 2488/1161/1290
f 2489/1175/1292 2483/1175/1291 2480/1171/1293
f 2480/1171/1293 2490/1171/1294 2489/1175/1292
f 2490/1171/1294 2480/1171/1293 2481/1170/1295
f 2473/1170/23 2481/1170/1283 2478/14/1283
f 2478/14/1283 2452/14/23 2473/1170/23
f 2452/14/1262 2478/14/1296 2492/1169/1297
f 2492/1169/1297 2491/1169/1263 2452/14/1262
f 2492/1169/1297 2479/1169/1298 2482/1176/1299
f 2482/1176/1299 2493/1176/1300 2492/1169/1297
f 2493/1163/1300 2482/1163/1299 2485/1164/1301
f 2485/1164/1301 2494/1164/1301 2493/1163/1300
f 2494/1164/1301 2485/1164/1301 2476/1163/1302
f 2476/1163/1302 2495/1163/1303 2494/1164/1301
f 2495/1176/1303 2476/1176/1302 2475/1169/1304
f 2475/1169/1304 2496/1169/1305 2495/1176/1303
f 2496/1169/1305 2475/1169/1304 2459/14/1275
f 2459/14/1275 2446/14/1274 2496/1169/1305
f 2490/1171/1294 2481/1170/1295 2473/1170/1307
f 2473/1170/1307 2497/1171/1276 2490/1171/1294
f 2492/1169/1297 2478/14/1296 2479/1169/1298
f 2512/1170/1240 2513/1171/1241 2524/1169/1242
f 2524/1169/1242 2511/14/1243 2512/1170/1240
f 2524/1169/1244 2513/1171/1244 2514/1175/1245
f 2514/1175/1245 2523/1176/1246 2524/1169/1244
f 2519/14/1247 2520/1169/1248 2517/1171/1248
f 2517/1171/1248 2518/1170/1247 2519/14/1247
f 2521/1176/1249 2516/1175/1249 2517/1171/1248
f 2517/1171/1248 2520/1169/1248 2521/1176/1249
f 2515/1161/2 2522/1164/2 2523/1163/1246
f 2523/1163/1246 2514/1162/1245 2515/1161/2
f 2516/1162/1249 2521/1163/1249 2522/1164/2
f 2522/1164/2 2515/1161/2 2516/1162/1249
f 2499/1170/1250 2500/1171/1251 2513/1171/1252
f 2513/1171/1252 2512/1170/1253 2499/1170/1250
f 2500/1171/1251 2503/1175/1254 2514/1175/1255
f 2514/1175/1255 2513/1171/1252 2500/1171/1251
f 2503/1162/1254 2509/1161/1256 2515/1161/1256
f 2515/1161/1256 2514/1162/1255 2503/1162/1254
f 2509/1161/1256 2508/1162/1257 2516/1162/1258
f 2516/1162/1258 2515/1161/1256 2509/1161/1256
f 2508/1175/1257 2506/1171/1259 2517/1171/1260
f 2517/1171/1260 2516/1175/1258 2508/1175/1257
f 2506/1171/1259 2518/1170/1261 2517/1171/1260
f 2525/1170/23 2504/14/23 2519/14/1247
f 2519/14/1247 2518/1170/1247 2525/1170/23
f 2504/14/1262 2543/1169/1263 2505/1169/1264
f 2505/1169/1264 2519/14/1265 2504/14/1262
f 2505/1169/1264 2507/1176/1266 2521/1176/1267
f 2521/1176/1267 2520/1169/1268 2505/1169/1264
f 2507/1163/1266 2510/1164/1269 2522/1164/1269
f 2522/1164/1269 2521/1163/1267 2507/1163/1266
f 2510/1164/1269 2502/1163/1270 2523/1163/1271
f 2523/1163/1271 2522/1164/1269 2510/1164/1269
f 2502/1176/1270 2501/1169/1272 2524/1169/1273
f 2524/1169/1273 2523/1176/1271 2502/1176/1270
f 2501/1169/1272 2498/14/1274 2511/14/1275
f 2511/14/1275 2524/1169/1273 2501/1169/1272
f 2506/1171/1259 2549/1171/1276 2525/1170/1307
f 2525/1170/1307 2518/1170/1261 2506/1171/1259
f 2505/1169/1264 2520/1169/1268 2519/14/1265
f 2512/1170/1240 2511/14/1243 2527/1169/1278
f 2527/1169/1278 2526/1171/1279 2512/1170/1240
f 2527/1169/1280 2528/1176/1281 2529/1175/1282
f 2529/1175/1282 2526/1171/1280 2527/1169/1280
f 2530/14/1283 2533/1170/1283 2532/1171/1284
f 2532/1171/1284 2531/1169/1284 2530/14/1283
f 2534/1176/1285 2531/1169/1284 2532/1171/1284
f 2532/1171/1284 2535/1175/1285 2534/1176/1285
f 2536/1161/192 2529/1162/1282 2528/1163/1281
f 2528/1163/1281 2537/1164/192 2536/1161/192
f 2535/1162/1285 2536/1161/192 2537/1164/192
f 2537/1164/192 2534/1163/1285 2535/1162/1285
f 2499/1170/1250 2512/1170/1253 2526/1171/1286
f 2526/1171/1286 2538/1171/1287 2499/1170/1250
f 2538/1171/1287 2526/1171/1286 2529/1175/1288
f 2529/1175/1288 2539/1175/1289 2538/1171/1287
f 2539/1162/1289 2529/1162/1288 2536/1161/1290
f 2536/1161/1290 2540/1161/1290 2539/1162/1289
f 2540/1161/1290 2536/1161/1290 2535/1162/1291
f 2535/1162/1291 2541/1162/1292 2540/1161/1290
f 2541/1175/1292 2535/1175/1291 2532/1171/1293
f 2532/1171/1293 2542/1171/1294 2541/1175/1292
f 2542/1171/1294 2532/1171/1293 2533/1170/1295
f 2525/1170/23 2533/1170/1283 2530/14/1283
f 2530/14/1283 2504/14/23 2525/1170/23
f 2504/14/1262 2530/14/1296 2544/1169/1297
f 2544/1169/1297 2543/1169/1263 2504/14/1262
f 2544/1169/1297 2531/1169/1298 2534/1176/1299
f 2534/1176/1299 2545/1176/1300 2544/1169/1297
f 2545/1163/1300 2534/1163/1299 2537/1164/1301
f 2537/1164/1301 2546/1164/1301 2545/1163/1300
f 2546/1164/1301 2537/1164/1301 2528/1163/1302
f 2528/1163/1302 2547/1163/1303 2546/1164/1301
f 2547/1176/1303 2528/1176/1302 2527/1169/1304
f 2527/1169/1304 2548/1169/1305 2547/1176/1303
f 2548/1169/1305 2527/1169/1304 2511/14/1275
f 2511/14/1275 2498/14/1274 2548/1169/1305
f 2542/1171/1294 2533/1170/1295 2525/1170/1307
f 2525/1170/1307 2549/1171/1276 2542/1171/1294
f 2544/1169/1297 2530/14/1296 2531/1169/1298
f 2564/1170/1240 2565/1171/1241 2576/1169/1242
f 2576/1169/1242 2563/14/1243 2564/1170/1240
f 2576/1169/1244 2565/1171/1244 2566/1175/1245
f 2566/1175/1245 2575/1176/1246 2576/1169/1244
f 2571/14/1247 2572/1169/1248 2569/1171/1248
f 2569/1171/1248 2570/1170/1247 2571/14/1247
f 2573/1176/1249 2568/1175/1249 2569/1171/1248
f 2569/1171/1248 2572/1169/1248 2573/1176/1249
f 2567/1161/2 2574/1164/2 2575/1163/1246
f 2575/1163/1246 2566/1162/1245 2567/1161/2
f 2568/1162/1249 2573/1163/1249 2574/1164/2
f 2574/1164/2 2567/1161/2 2568/1162/1249
f 2551/1170/1250 2552/1171/1251 2565/1171/1252
f 2565/1171/1252 2564/1170/1253 2551/1170/1250
f 2552/1171/1251 2555/1175/1254 2566/1175/1255
f 2566/1175/1255 2565/1171/1252 2552/1171/1251
f 2555/1162/1254 2561/1161/1256 2567/1161/1256
f 2567/1161/1256 2566/1162/1255 2555/1162/1254
f 2561/1161/1256 2560/1162/1257 2568/1162/1258
f 2568/1162/1258 2567/1161/1256 2561/1161/1256
f 2560/1175/1257 2558/1171/1259 2569/1171/1260
f 2569/1171/1260 2568/1175/1258 2560/1175/1257
f 2558/1171/1259 2570/1170/1261 2569/1171/1260
f 2577/1170/23 2556/14/23 2571/14/1247
f 2571/14/1247 2570/1170/1247 2577/1170/23
f 2556/14/1262 2595/1169/1263 2557/1169/1264
f 2557/1169/1264 2571/14/1265 2556/14/1262
f 2557/1169/1264 2559/1176/1266 2573/1176/1267
f 2573/1176/1267 2572/1169/1268 2557/1169/1264
f 2559/1163/1266 2562/1164/1269 2574/1164/1269
f 2574/1164/1269 2573/1163/1267 2559/1163/1266
f 2562/1164/1269 2554/1163/1270 2575/1163/1308
f 2575/1163/1308 2574/1164/1269 2562/1164/1269
f 2554/1176/1270 2553/1169/1272 2576/1169/1273
f 2576/1169/1273 2575/1176/1308 2554/1176/1270
f 2553/1169/1272 2550/14/1274 2563/14/1275
f 2563/14/1275 2576/1169/1273 2553/1169/1272
f 2558/1171/1259 2601/1171/1276 2577/1170/1277
f 2577/1170/1277 2570/1170/1261 2558/1171/1259
f 2557/1169/1264 2572/1169/1268 2571/14/1265
f 2564/1170/1240 2563/14/1243 2579/1169/1278
f 2579/1169/1278 2578/1171/1279 2564/1170/1240
f 2579/1169/1280 2580/1176/1281 2581/1175/1282
f 2581/1175/1282 2578/1171/1280 2579/1169/1280
f 2582/14/1283 2585/1170/1283 2584/1171/1284
f 2584/1171/1284 2583/1169/1284 2582/14/1283
f 2586/1176/1285 2583/1169/1284 2584/1171/1284
f 2584/1171/1284 2587/1175/1285 2586/1176/1285
f 2588/1161/192 2581/1162/1282 2580/1163/1281
f 2580/1163/1281 2589/1164/192 2588/1161/192
f 2587/1162/1285 2588/1161/192 2589/1164/192
f 2589/1164/192 2586/1163/1285 2587/1162/1285
f 2551/1170/1250 2564/1170/1253 2578/1171/1286
f 2578/1171/1286 2590/1171/1287 2551/1170/1250
f 2590/1171/1287 2578/1171/1286 2581/1175/1288
f 2581/1175/1288 2591/1175/1289 2590/1171/1287
f 2591/1162/1289 2581/1162/1288 2588/1161/1290
f 2588/1161/1290 2592/1161/1290 2591/1162/1289
f 2592/1161/1290 2588/1161/1290 2587/1162/1291
f 2587/1162/1291 2593/1162/1292 2592/1161/1290
f 2593/1175/1292 2587/1175/1291 2584/1171/1293
f 2584/1171/1293 2594/1171/1294 2593/1175/1292
f 2594/1171/1294 2584/1171/1293 2585/1170/1295
f 2577/1170/23 2585/1170/1283 2582/14/1283
f 2582/14/1283 2556/14/23 2577/1170/23
f 2556/14/1262 2582/14/1296 2596/1169/1297
f 2596/1169/1297 2595/1169/1263 2556/14/1262
f 2596/1169/1297 2583/1169/1298 2586/1176/1299
f 2586/1176/1299 2597/1176/1300 2596/1169/1297
f 2597/1163/1300 2586/1163/1299 2589/1164/1301
f 2589/1164/1301 2598/1164/1301 2597/1163/1300
f 2598/1164/1301 2589/1164/1301 2580/1163/1309
f 2580/1163/1309 2599/1163/1303 2598/1164/1301
f 2599/1176/1303 2580/1176/1309 2579/1169/1304
f 2579/1169/1304 2600/1169/1305 2599/1176/1303
f 2600/1169/1305 2579/1169/1304 2563/14/1275
f 2563/14/1275 2550/14/1274 2600/1169/1305
f 2594/1171/1294 2585/1170/1295 2577/1170/1277
f 2577/1170/1277 2601/1171/1276 2594/1171/1294
f 2596/1169/1297 2582/14/1296 2583/1169/1298
f 2616/1170/1240 2617/1171/1241 2628/1169/1242
f 2628/1169/1242 2615/14/1243 2616/1170/1240
f 2628/1169/1244 2617/1171/1244 2618/1175/1245
f 2618/1175/1245 2627/1176/1246 2628/1169/1244
f 2623/14/1247 2624/1169/1248 2621/1171/1248
f 2621/1171/1248 2622/1170/1247 2623/14/1247
f 2625/1176/1249 2620/1175/1249 2621/1171/1248
f 2621/1171/1248 2624/1169/1248 2625/1176/1249
f 2619/1161/2 2626/1164/2 2627/1163/1246
f 2627/1163/1246 2618/1162/1245 2619/1161/2
f 2620/1162/1249 2625/1163/1249 2626/1164/2
f 2626/1164/2 2619/1161/2 2620/1162/1249
f 2603/1170/1250 2604/1171/1251 2617/1171/1252
f 2617/1171/1252 2616/1170/1253 2603/1170/1250
f 2604/1171/1251 2607/1175/1254 2618/1175/1255
f 2618/1175/1255 2617/1171/1252 2604/1171/1251
f 2607/1162/1254 2613/1161/1256 2619/1161/1256
f 2619/1161/1256 2618/1162/1255 2607/1162/1254
f 2613/1161/1256 2612/1162/1257 2620/1162/1258
f 2620/1162/1258 2619/1161/1256 2613/1161/1256
f 2612/1175/1257 2610/1171/1259 2621/1171/1260
f 2621/1171/1260 2620/1175/1258 2612/1175/1257
f 2610/1171/1259 2622/1170/1261 2621/1171/1260
f 2629/1170/23 2608/14/23 2623/14/1247
f 2623/14/1247 2622/1170/1247 2629/1170/23
f 2608/14/1262 2647/1169/1263 2609/1169/1264
f 2609/1169/1264 2623/14/1265 2608/14/1262
f 2609/1169/1264 2611/1176/1266 2625/1176/1267
f 2625/1176/1267 2624/1169/1268 2609/1169/1264
f 2611/1163/1266 2614/1164/1269 2626/1164/1269
f 2626/1164/1269 2625/1163/1267 2611/1163/1266
f 2614/1164/1269 2606/1163/1270 2627/1163/1271
f 2627/1163/1271 2626/1164/1269 2614/1164/1269
f 2606/1176/1270 2605/1169/1272 2628/1169/1273
f 2628/1169/1273 2627/1176/1271 2606/1176/1270
f 2605/1169/1272 2602/14/1274 2615/14/1275
f 2615/14/1275 2628/1169/1273 2605/1169/1272
f 2610/1171/1259 2653/1171/1276 2629/1170/1307
f 2629/1170/1307 2622/1170/1261 2610/1171/1259
f 2609/1169/1264 2624/1169/1268 2623/14/1265
f 2616/1170/1240 2615/14/1243 2631/1169/1278
f 2631/1169/1278 2630/1171/1279 2616/1170/1240
f 2631/1169/1280 2632/1176/1281 2633/1175/1282
f 2633/1175/1282 2630/1171/1280 2631/1169/1280
f 2634/14/1283 2637/1170/1283 2636/1171/1284
f 2636/1171/1284 2635/1169/1284 2634/14/1283
f 2638/1176/1285 2635/1169/1284 2636/1171/1284
f 2636/1171/1284 2639/1175/1285 2638/1176/1285
f 2640/1161/192 2633/1162/1282 2632/1163/1281
f 2632/1163/1281 2641/1164/192 2640/1161/192
f 2639/1162/1285 2640/1161/192 2641/1164/192
f 2641/1164/192 2638/1163/1285 2639/1162/1285
f 2603/1170/1250 2616/1170/1253 2630/1171/1286
f 2630/1171/1286 2642/1171/1287 2603/1170/1250
f 2642/1171/1287 2630/1171/1286 2633/1175/1288
f 2633/1175/1288 2643/1175/1289 2642/1171/1287
f 2643/1162/1289 2633/1162/1288 2640/1161/1290
f 2640/1161/1290 2644/1161/1290 2643/1162/1289
f 2644/1161/1290 2640/1161/1290 2639/1162/1291
f 2639/1162/1291 2645/1162/1292 2644/1161/1290
f 2645/1175/1292 2639/1175/1291 2636/1171/1293
f 2636/1171/1293 2646/1171/1294 2645/1175/1292
f 2646/1171/1294 2636/1171/1293 2637/1170/1295
f 2629/1170/23 2637/1170/1283 2634/14/1283
f 2634/14/1283 2608/14/23 2629/1170/23
f 2608/14/1262 2634/14/1296 2648/1169/1297
f 2648/1169/1297 2647/1169/1263 2608/14/1262
f 2648/1169/1297 2635/1169/1298 2638/1176/1299
f 2638/1176/1299 2649/1176/1300 2648/1169/1297
f 2649/1163/1300 2638/1163/1299 2641/1164/1301
f 2641/1164/1301 2650/1164/1301 2649/1163/1300
f 2650/1164/1301 2641/1164/1301 2632/1163/1302
f 2632/1163/1302 2651/1163/1303 2650/1164/1301
f 2652/1169/1305 2631/1169/1304 2615/14/1275
f 2615/14/1275 2602/14/1274 2652/1169/1305
f 2646/1171/1294 2637/1170/1295 2629/1170/1307
f 2629/1170/1307 2653/1171/1276 2646/1171/1294
f 2648/1169/1297 2634/14/1296 2635/1169/1298
usemtl AllCharClothes_Slot_#21
f 72/1/1 71/2/2 2/3/2
f 2/3/2 1/4/3 72/1/1
f 71/2/2 70/5/2 3/6/2
f 3/6/2 2/3/2 71/2/2
f 9/14/8 74/15/8 70/16/8
f 70/16/8 4/17/8 9/14/8
f 10/18/8 11/19/8 2/20/8
f 2/20/8 3/21/8 10/18/8
f 11/19/8 6/22/8 1/23/8
f 1/23/8 2/20/8 11/19/8
f 17/24/9 270/25/10 13/26/11
f 13/26/11 12/27/12 17/24/9
f 270/25/10 7/22/13 14/28/14
f 14/28/14 13/26/11 270/25/10
f 160/33/19 159/33/20 17/27/9
f 17/27/9 12/27/12 160/33/19
f 1/23/8 6/22/8 18/29/8
f 112/40/25 118/41/26 119/42/27
f 119/42/27 26/32/25 112/40/25
f 113/40/28 123/43/29 124/32/30
f 124/32/30 22/32/28 113/40/28
f 116/44/31 121/44/32 122/31/33
f 122/31/33 23/31/34 116/44/31
f 24/38/35 110/45/35 127/46/36
f 127/46/36 120/47/37 24/38/35
f 113/40/38 115/48/39 116/44/40
f 116/44/40 23/31/41 113/40/38
f 34/49/42 35/32/42 36/7/42
f 36/7/42 33/6/42 34/49/42
f 29/6/43 30/49/43 34/49/43
f 34/49/43 33/6/43 29/6/43
f 30/49/44 31/32/44 35/32/44
f 35/32/44 34/49/44 30/49/44
f 31/32/45 32/7/45 36/7/45
f 36/7/45 35/32/45 31/32/45
f 32/7/46 29/6/46 33/6/46
f 33/6/46 36/7/46 32/7/46
f 76/50/47 83/51/48 84/52/49
f 84/52/49 37/32/50 76/50/47
f 77/50/51 90/50/52 91/32/52
f 91/32/52 41/32/51 77/50/51
f 42/31/53 81/53/54 88/53/55
f 88/53/55 89/31/56 42/31/53
f 97/38/57 98/54/58 99/54/59
f 99/54/59 96/38/60 97/38/57
f 77/50/61 80/55/62 81/53/63
f 81/53/63 42/31/64 77/50/61
f 160/33/19 161/88/2 71/2/2
f 71/2/2 72/1/1 160/33/19
f 161/88/2 162/89/2 70/5/2
f 70/5/2 71/2/2 161/88/2
f 72/1/1 1/4/3 18/4/101
f 18/4/101 73/1/102 72/1/1
f 70/5/2 69/8/2 4/7/2
f 74/15/111 10/18/111 3/21/111
f 3/21/111 70/16/111 74/15/111
f 7/101/13 274/29/13 15/32/14
f 15/32/14 14/28/14 7/101/13
f 15/32/14 163/90/2 162/89/2
f 162/89/2 14/28/14 15/32/14
f 38/31/112 82/53/113 83/51/48
f 83/51/48 76/50/47 38/31/112
f 77/50/51 42/31/51 89/31/51
f 89/31/51 90/50/52 77/50/51
f 41/32/114 79/102/115 80/55/62
f 80/55/62 77/50/61 41/32/114
f 75/103/116 40/104/117 84/52/49
f 84/52/49 83/51/48 75/103/116
f 81/53/54 43/10/118 87/10/119
f 87/10/119 88/53/55 81/53/54
f 78/105/45 43/10/45 81/53/45
f 81/53/120 80/55/120 78/105/120
f 129/10/121 130/103/122 131/51/123
f 131/51/123 132/53/124 129/10/121
f 76/50/125 37/32/125 91/32/52
f 91/32/52 90/50/52 76/50/125
f 82/53/126 38/31/127 89/31/56
f 89/31/56 88/53/55 82/53/126
f 94/54/128 95/38/129 96/38/60
f 96/38/60 99/54/59 94/54/128
f 38/31/125 76/50/125 90/50/52
f 90/50/52 89/31/51 38/31/125
f 101/37/130 94/54/128 99/54/59
f 99/54/59 100/37/131 101/37/130
f 132/53/132 133/53/132 134/10/132
f 134/10/133 129/10/133 132/53/133
f 78/105/134 80/55/135 93/55/136
f 93/55/136 86/105/137 78/105/134
f 80/55/8 79/102/8 92/102/8
f 92/102/8 93/55/8 80/55/8
f 86/54/138 93/55/139 92/102/140
f 92/102/140 85/37/141 86/54/138
f 75/103/142 39/10/142 95/38/142
f 95/38/142 94/54/142 75/103/142
f 39/10/143 87/10/119 96/38/144
f 96/38/144 95/38/145 39/10/143
f 87/10/119 43/10/118 97/38/146
f 97/38/146 96/38/144 87/10/119
f 185/10/147 186/105/147 187/54/147
f 187/54/147 188/38/147 185/10/147
f 78/105/134 86/105/137 99/54/148
f 99/54/148 98/54/149 78/105/134
f 86/54/150 85/37/150 100/37/150
f 100/37/150 99/54/150 86/54/150
f 85/37/151 40/37/152 101/37/153
f 101/37/153 100/37/154 85/37/151
f 40/104/142 75/103/142 94/54/142
f 94/54/142 101/37/142 40/104/142
f 106/54/155 107/37/155 108/37/155
f 108/37/155 109/54/155 106/54/155
f 194/37/156 195/37/156 196/54/156
f 196/54/156 193/54/156 194/37/156
f 105/54/157 191/54/157 192/37/157
f 192/37/157 104/37/157 105/54/157
f 105/54/158 102/54/159 190/54/160
f 190/54/160 191/54/158 105/54/158
f 27/31/27 117/44/161 118/41/26
f 118/41/26 112/40/25 27/31/27
f 23/31/28 122/31/162 123/43/29
f 123/43/29 113/40/28 23/31/28
f 25/37/35 128/106/35 127/46/36
f 127/46/36 110/45/35 25/37/35
f 22/32/163 114/107/164 115/48/39
f 115/48/39 113/40/38 22/32/163
f 24/10/31 120/10/32 121/44/32
f 121/44/32 116/44/31 24/10/31
f 110/108/165 24/10/45 116/44/40
f 116/44/40 115/48/39 110/108/165
f 28/10/166 111/109/166 118/41/26
f 118/41/26 117/44/161 28/10/166
f 25/37/167 110/108/165 115/48/39
f 115/48/39 114/107/164 25/37/168
f 112/40/169 26/32/169 124/32/30
f 124/32/30 123/43/29 112/40/169
f 117/44/170 27/31/170 122/31/33
f 122/31/33 121/44/32 117/44/170
f 111/45/37 28/38/37 120/47/37
f 120/47/37 127/46/36 111/45/37
f 122/31/162 27/31/169 112/40/169
f 112/40/169 123/43/29 122/31/162
f 28/10/170 117/44/170 121/44/32
f 121/44/32 120/10/32 28/10/170
f 119/42/8 118/41/8 125/41/8
f 125/41/8 126/42/8 119/42/8
f 126/42/171 125/41/171 127/41/171
f 127/41/171 128/42/171 126/42/171
f 111/109/172 127/46/173 125/41/174
f 125/41/174 118/41/175 111/109/172
f 39/10/176 75/103/176 130/103/176
f 130/103/177 129/10/177 39/10/177
f 75/103/178 83/51/178 131/51/178
f 131/51/179 130/103/179 75/103/179
f 83/51/180 82/53/180 132/53/180
f 132/53/181 131/51/181 83/51/181
f 82/53/182 88/53/182 133/53/182
f 133/53/183 132/53/183 82/53/183
f 88/53/184 87/10/185 134/10/186
f 134/10/186 133/53/187 88/53/184
f 87/10/188 39/10/188 129/10/188
f 129/10/189 134/10/189 87/10/189
f 138/22/190 139/23/190 140/21/190
f 140/21/190 137/18/190 138/22/190
f 142/22/43 136/23/43 139/23/43
f 139/23/191 138/22/191 142/22/191
f 136/23/2 135/21/2 140/21/2
f 140/21/2 139/23/2 136/23/2
f 135/21/45 141/18/45 137/18/45
f 137/18/45 140/21/45 135/21/45
f 135/21/23 136/23/23 142/23/23
f 142/23/23 141/21/23 135/21/23
f 147/19/8 148/22/8 149/23/8
f 149/23/8 150/20/8 147/19/8
f 143/19/192 144/22/192 148/22/192
f 148/22/192 147/19/192 143/19/192
f 144/22/193 145/23/193 149/23/193
f 149/23/193 148/22/193 144/22/193
f 145/23/2 146/20/2 150/20/2
f 150/20/2 149/23/2 145/23/2
f 146/20/194 143/19/194 147/19/195
f 147/19/195 150/20/195 146/20/194
f 72/1/1 73/1/102 159/33/20
f 159/33/20 160/33/19 72/1/1
f 12/27/12 13/26/11 161/88/2
f 161/88/2 160/33/19 12/27/12
f 13/26/11 14/28/14 162/89/2
f 162/89/2 161/88/2 13/26/11
f 69/8/2 70/5/2 162/89/2
f 162/89/2 163/90/2 69/8/2
f 102/54/209 105/54/210 104/37/210
f 104/37/210 103/37/209 102/54/209
f 43/10/211 78/105/211 186/105/211
f 186/105/211 185/10/211 43/10/211
f 78/105/134 98/54/149 187/54/212
f 187/54/212 186/105/213 78/105/134
f 98/54/58 97/38/57 188/38/58
f 188/38/58 187/54/58 98/54/58
f 97/38/146 43/10/118 185/10/214
f 185/10/214 188/38/215 97/38/146
f 197/37/156 198/54/156 190/54/156
f 190/54/156 189/37/156 197/37/156
f 199/54/157 200/37/157 192/37/157
f 192/37/157 191/54/157 199/54/157
f 190/54/160 198/54/216 199/54/217
f 199/54/217 191/54/158 190/54/160
f 102/54/218 103/37/218 194/37/218
f 194/37/218 193/54/218 102/54/218
f 103/37/219 189/37/220 195/37/219
f 195/37/219 194/37/221 103/37/219
f 189/37/222 190/54/222 196/54/223
f 196/54/223 195/37/223 189/37/222
f 190/54/160 102/54/159 193/54/224
f 193/54/224 196/54/225 190/54/160
f 201/37/156 202/54/156 203/54/156
f 203/54/156 204/37/156 201/37/156
f 109/54/157 108/37/157 200/37/157
f 200/37/157 199/54/157 109/54/157
f 198/54/216 106/54/226 109/54/227
f 109/54/227 199/54/217 198/54/216
f 107/37/228 106/54/228 202/54/228
f 202/54/228 201/37/228 107/37/228
f 106/54/226 198/54/216 203/54/229
f 203/54/229 202/54/229 106/54/226
f 198/54/230 197/37/230 204/37/230
f 204/37/230 203/54/230 198/54/230
f 197/37/231 107/37/231 201/37/231
f 201/37/231 204/37/231 197/37/231
f 210/37/8 211/38/8 212/64/8
f 212/64/8 209/65/8 210/37/8
f 205/65/192 206/37/192 210/37/192
f 210/37/192 209/65/192 205/65/192
f 206/37/232 207/38/232 211/38/232
f 211/38/232 210/37/232 206/37/232
f 207/38/2 208/64/2 212/64/2
f 212/64/2 211/38/2 207/38/2
f 208/64/233 205/65/233 209/65/233
f 209/65/233 212/64/233 208/64/233
f 214/37/8 215/38/8 216/64/8
f 216/64/8 213/65/8 214/37/8
f 217/65/192 218/37/192 214/37/192
f 214/37/192 213/65/192 217/65/192
f 218/37/232 219/38/232 215/38/232
f 215/38/232 214/37/232 218/37/232
f 219/38/2 220/64/2 216/64/2
f 216/64/2 215/38/2 219/38/2
f 220/64/233 217/65/233 213/65/233
f 213/65/233 216/64/233 220/64/233
f 222/37/8 223/38/8 224/64/8
f 224/64/8 221/65/8 222/37/8
f 225/65/192 226/37/192 222/37/192
f 222/37/192 221/65/192 225/65/192
f 226/37/232 227/38/232 223/38/232
f 223/38/232 222/37/232 226/37/232
f 227/38/2 228/64/2 224/64/2
f 224/64/2 223/38/2 227/38/2
f 228/64/233 225/65/233 221/65/233
f 221/65/233 224/64/233 228/64/233
f 230/37/8 231/38/8 232/64/8
f 232/64/8 229/65/8 230/37/8
f 233/65/192 234/37/192 230/37/192
f 230/37/192 229/65/192 233/65/192
f 234/37/232 235/38/232 231/38/232
f 231/38/232 230/37/232 234/37/232
f 235/38/2 236/64/2 232/64/2
f 232/64/2 231/38/2 235/38/2
f 236/64/233 233/65/233 229/65/233
f 229/65/233 232/64/233 236/64/233
f 238/37/8 239/38/8 240/64/8
f 240/64/8 237/65/8 238/37/8
f 241/65/192 242/37/192 238/37/192
f 238/37/192 237/65/192 241/65/192
f 242/37/232 243/38/232 239/38/232
f 239/38/232 238/37/232 242/37/232
f 243/38/2 244/64/2 240/64/2
f 240/64/2 239/38/2 243/38/2
f 244/64/233 241/65/233 237/65/233
f 237/65/233 240/64/233 244/64/233
f 257/1/192 256/4/192 259/3/192
f 259/3/192 258/2/192 257/1/192
f 258/2/192 259/3/192 261/6/192
f 261/6/192 260/5/192 258/2/192
f 74/15/8 9/14/8 262/17/8
f 262/17/8 260/16/8 74/15/8
f 10/18/8 261/21/8 259/20/8
f 259/20/8 11/19/8 10/18/8
f 11/19/8 259/20/8 256/23/8
f 256/23/8 6/22/8 11/19/8
f 269/27/239 271/26/240 270/25/241
f 270/25/241 17/24/242 269/27/239
f 270/25/241 271/26/240 272/28/243
f 272/28/243 7/22/243 270/25/241
f 277/33/246 269/27/239 17/27/242
f 17/27/242 159/33/247 277/33/246
f 256/23/8 18/29/8 6/22/8
f 285/40/250 284/32/250 287/42/250
f 287/42/27 286/41/26 285/40/27
f 289/40/28 288/32/28 291/32/30
f 291/32/30 290/43/29 289/40/28
f 293/44/251 292/31/252 295/31/253
f 295/31/253 294/44/254 293/44/251
f 296/38/35 299/47/37 298/46/255
f 298/46/255 297/45/35 296/38/35
f 289/40/256 292/31/257 293/44/258
f 293/44/258 300/48/259 289/40/256
f 302/49/260 301/6/260 304/7/260
f 304/7/260 303/32/260 302/49/260
f 305/6/43 301/6/43 302/49/43
f 302/49/43 306/49/43 305/6/43
f 306/49/261 302/49/261 303/32/261
f 303/32/261 307/32/261 306/49/261
f 307/32/45 303/32/45 304/7/45
f 304/7/45 308/7/45 307/32/45
f 308/7/262 304/7/262 301/6/262
f 301/6/262 305/6/262 308/7/262
f 310/50/263 309/32/264 312/52/265
f 312/52/265 311/51/266 310/50/263
f 314/50/51 313/32/51 316/32/52
f 316/32/52 315/50/52 314/50/51
f 317/31/267 320/31/268 319/53/269
f 319/53/269 318/53/270 317/31/267
f 321/38/271 324/38/272 323/54/273
f 323/54/273 322/54/58 321/38/271
f 314/50/274 317/31/275 318/53/276
f 318/53/276 325/55/277 314/50/274
f 277/33/192 257/1/192 258/2/192
f 258/2/192 356/88/192 277/33/192
f 356/88/192 258/2/192 260/5/192
f 260/5/192 357/89/192 356/88/192
f 256/4/306 257/1/307 73/1/308
f 73/1/308 18/4/309 256/4/306
f 260/5/192 262/7/192 263/8/192
f 10/18/111 74/15/111 260/16/111
f 260/16/111 261/21/111 10/18/111
f 274/29/243 7/101/243 272/28/243
f 272/28/243 273/32/243 274/29/243
f 273/32/192 272/28/192 357/89/192
f 357/89/192 358/90/192 273/32/192
f 372/31/318 310/50/263 311/51/266
f 311/51/266 373/53/319 372/31/318
f 314/50/51 315/50/52 320/31/51
f 320/31/51 317/31/51 314/50/51
f 313/32/320 314/50/274 325/55/277
f 325/55/321 374/102/321 313/32/321
f 375/103/322 311/51/266 312/52/265
f 312/52/265 376/104/117 375/103/322
f 318/53/270 319/53/269 378/10/323
f 378/10/323 377/10/324 318/53/270
f 379/105/325 325/55/325 318/53/325
f 318/53/45 377/10/45 379/105/45
f 381/10/326 380/53/327 383/51/328
f 383/51/328 382/103/329 381/10/326
f 310/50/125 315/50/52 316/32/52
f 316/32/52 309/32/125 310/50/125
f 373/53/330 319/53/269 320/31/268
f 320/31/268 372/31/331 373/53/330
f 384/54/332 323/54/273 324/38/272
f 324/38/272 385/38/129 384/54/332
f 372/31/125 320/31/51 315/50/52
f 315/50/52 310/50/125 372/31/125
f 387/37/333 386/37/334 323/54/273
f 323/54/273 384/54/332 387/37/333
f 380/53/335 381/10/335 388/10/335
f 388/10/336 389/53/336 380/53/336
f 379/105/337 391/105/338 390/55/339
f 390/55/339 325/55/340 379/105/337
f 325/55/8 390/55/8 392/102/8
f 392/102/8 374/102/8 325/55/8
f 391/54/341 393/37/342 392/102/343
f 392/102/139 390/55/139 391/54/139
f 375/103/142 384/54/142 385/38/142
f 385/38/142 394/10/142 375/103/142
f 394/10/344 385/38/345 324/38/346
f 324/38/346 378/10/323 394/10/344
f 378/10/323 324/38/346 321/38/347
f 321/38/347 377/10/324 378/10/323
f 395/10/147 398/38/147 397/54/147
f 397/54/147 396/105/147 395/10/147
f 379/105/337 322/54/348 323/54/349
f 323/54/349 391/105/338 379/105/337
f 391/54/341 323/54/350 386/37/350
f 386/37/350 393/37/342 391/54/341
f 393/37/351 386/37/351 387/37/351
f 387/37/352 376/37/352 393/37/352
f 376/104/142 387/37/142 384/54/142
f 384/54/142 375/103/142 376/104/142
f 399/54/353 402/54/353 401/37/353
f 401/37/353 400/37/353 399/54/353
f 404/37/354 403/54/354 406/54/354
f 406/54/354 405/37/354 404/37/354
f 408/54/355 407/37/355 410/37/355
f 410/37/355 409/54/355 408/54/355
f 408/54/356 409/54/356 412/54/357
f 412/54/357 411/54/358 408/54/356
f 413/31/27 285/40/27 286/41/26
f 286/41/26 414/44/161 413/31/27
f 292/31/29 289/40/28 290/43/29
f 290/43/29 295/31/162 292/31/29
f 415/37/35 297/45/35 298/46/255
f 298/46/35 416/106/35 415/37/35
f 288/32/359 289/40/256 300/48/259
f 300/48/259 417/107/360 288/32/361
f 296/10/251 293/44/251 294/44/254
f 294/44/254 299/10/254 296/10/251
f 297/108/362 300/48/259 293/44/258
f 293/44/258 296/10/45 297/108/362
f 418/10/166 414/44/161 286/41/26
f 286/41/26 419/109/166 418/10/166
f 415/37/363 417/107/360 300/48/259
f 300/48/259 297/108/362 415/37/363
f 285/40/169 290/43/29 291/32/30
f 291/32/30 284/32/169 285/40/169
f 414/44/364 294/44/254 295/31/253
f 295/31/253 413/31/364 414/44/364
f 419/45/37 298/46/255 299/47/37
f 299/47/37 418/38/37 419/45/37
f 295/31/162 290/43/29 285/40/169
f 285/40/169 413/31/169 295/31/162
f 418/10/364 299/10/254 294/44/254
f 294/44/254 414/44/364 418/10/364
f 287/42/8 421/42/8 420/41/8
f 420/41/8 286/41/8 287/42/8
f 421/42/171 416/42/171 298/41/171
f 298/41/171 420/41/171 421/42/171
f 419/109/365 286/41/366 420/41/367
f 420/41/367 298/46/368 419/109/365
f 394/10/369 381/10/369 382/103/369
f 382/103/176 375/103/176 394/10/176
f 375/103/370 382/103/370 383/51/370
f 383/51/371 311/51/371 375/103/371
f 311/51/372 383/51/372 380/53/372
f 380/53/373 373/53/373 311/51/373
f 373/53/374 380/53/374 389/53/374
f 389/53/182 319/53/182 373/53/182
f 319/53/375 389/53/376 388/10/377
f 388/10/377 378/10/378 319/53/375
f 378/10/379 388/10/379 381/10/379
f 381/10/380 394/10/380 378/10/380
f 423/22/381 422/18/381 425/21/381
f 425/21/381 424/23/381 423/22/381
f 426/22/43 423/22/43 424/23/43
f 424/23/43 427/23/43 426/22/43
f 427/23/192 424/23/192 425/21/192
f 425/21/192 428/21/192 427/23/192
f 428/21/45 425/21/45 422/18/45
f 422/18/45 429/18/45 428/21/45
f 428/21/23 429/21/23 426/23/23
f 426/23/23 427/23/23 428/21/23
f 430/19/8 433/20/8 432/23/8
f 432/23/8 431/22/8 430/19/8
f 434/19/2 430/19/2 431/22/2
f 431/22/2 435/22/2 434/19/2
f 435/22/193 431/22/193 432/23/193
f 432/23/193 436/23/193 435/22/193
f 436/23/192 432/23/192 433/20/192
f 433/20/192 437/20/192 436/23/192
f 437/20/382 433/20/382 430/19/382
f 430/19/383 434/19/383 437/20/383
f 257/1/307 277/33/246 159/33/247
f 159/33/247 73/1/308 257/1/307
f 269/27/192 277/33/192 356/88/192
f 356/88/192 271/26/192 269/27/192
f 271/26/192 356/88/192 357/89/192
f 357/89/192 272/28/192 271/26/192
f 263/8/192 358/90/192 357/89/192
f 357/89/192 260/5/192 263/8/192
f 411/54/395 457/37/395 407/37/395
f 407/37/396 408/54/396 411/54/396
f 377/10/211 395/10/211 396/105/211
f 396/105/211 379/105/211 377/10/211
f 379/105/337 396/105/397 397/54/398
f 397/54/398 322/54/348 379/105/337
f 322/54/58 397/54/58 398/38/58
f 398/38/58 321/38/271 322/54/58
f 321/38/347 398/38/399 395/10/400
f 395/10/400 377/10/324 321/38/347
f 459/37/354 458/37/354 412/54/354
f 412/54/354 460/54/354 459/37/354
f 461/54/355 409/54/355 410/37/355
f 410/37/355 462/37/355 461/54/355
f 412/54/357 409/54/356 461/54/401
f 461/54/401 460/54/402 412/54/357
f 411/54/403 403/54/403 404/37/403
f 404/37/403 457/37/403 411/54/403
f 457/37/404 404/37/404 405/37/404
f 405/37/405 458/37/405 457/37/405
f 458/37/406 405/37/407 406/54/407
f 406/54/407 412/54/406 458/37/406
f 412/54/357 406/54/408 403/54/409
f 403/54/409 411/54/358 412/54/357
f 464/37/354 463/37/354 466/54/354
f 466/54/354 465/54/354 464/37/354
f 402/54/355 461/54/355 462/37/355
f 462/37/355 401/37/355 402/54/355
f 460/54/402 461/54/401 402/54/410
f 402/54/410 399/54/411 460/54/402
f 400/37/412 464/37/412 465/54/412
f 465/54/412 399/54/412 400/37/412
f 399/54/411 465/54/413 466/54/413
f 466/54/413 460/54/402 399/54/411
f 460/54/414 466/54/414 463/37/414
f 463/37/414 459/37/414 460/54/414
f 459/37/415 463/37/415 464/37/415
f 464/37/415 400/37/415 459/37/415
f 468/37/8 467/65/8 470/64/8
f 470/64/8 469/38/8 468/37/8
f 471/65/2 467/65/2 468/37/2
f 468/37/2 472/37/2 471/65/2
f 472/37/232 468/37/232 469/38/232
f 469/38/232 473/38/232 472/37/232
f 473/38/192 469/38/192 470/64/192
f 470/64/192 474/64/192 473/38/192
f 474/64/233 470/64/233 467/65/233
f 467/65/233 471/65/233 474/64/233
f 476/37/8 475/65/8 478/64/8
f 478/64/8 477/38/8 476/37/8
f 479/65/2 475/65/2 476/37/2
f 476/37/2 480/37/2 479/65/2
f 480/37/232 476/37/232 477/38/232
f 477/38/232 481/38/232 480/37/232
f 481/38/192 477/38/192 478/64/192
f 478/64/192 482/64/192 481/38/192
f 482/64/233 478/64/233 475/65/233
f 475/65/233 479/65/233 482/64/233
f 484/37/8 483/65/8 486/64/8
f 486/64/8 485/38/8 484/37/8
f 487/65/2 483/65/2 484/37/2
f 484/37/2 488/37/2 487/65/2
f 488/37/232 484/37/232 485/38/232
f 485/38/232 489/38/232 488/37/232
f 489/38/192 485/38/192 486/64/192
f 486/64/192 490/64/192 489/38/192
f 490/64/233 486/64/233 483/65/233
f 483/65/233 487/65/233 490/64/233
f 492/37/8 491/65/8 494/64/8
f 494/64/8 493/38/8 492/37/8
f 495/65/2 491/65/2 492/37/2
f 492/37/2 496/37/2 495/65/2
f 496/37/232 492/37/232 493/38/232
f 493/38/232 497/38/232 496/37/232
f 497/38/192 493/38/192 494/64/192
f 494/64/192 498/64/192 497/38/192
f 498/64/233 494/64/233 491/65/233
f 491/65/233 495/65/233 498/64/233
f 500/37/8 499/65/8 502/64/8
f 502/64/8 501/38/8 500/37/8
f 503/65/2 499/65/2 500/37/2
f 500/37/2 504/37/2 503/65/2
f 504/37/232 500/37/232 501/38/232
f 501/38/232 505/38/232 504/37/232
f 505/38/192 501/38/192 502/64/192
f 502/64/192 506/64/192 505/38/192
f 506/64/233 502/64/233 499/65/233
f 499/65/233 503/65/233 506/64/233
usemtl Material_#6840
f 1531/1106/430 1532/1105/1037 1533/728/1037
f 1533/728/1037 1534/730/430 1531/1106/430
f 1544/1107/431 1531/1106/430 1534/730/430
f 1534/730/430 1535/732/431 1544/1107/431
f 1543/1108/2 1544/1107/431 1535/732/431
f 1535/732/431 1536/734/2 1543/1108/2
f 1542/1110/432 1543/1109/2 1536/737/2
f 1536/737/2 1537/736/432 1542/1110/432
f 1541/1111/433 1542/1110/432 1537/736/432
f 1537/736/432 1538/740/433 1541/1111/433
f 1540/1112/1038 1541/1111/433 1538/740/433
f 1538/740/433 1539/742/1038 1540/1112/1038
usemtl Material_#6839
f 176/12/65 177/58/65 178/13/65
f 178/13/65 175/13/65 176/12/65
f 331/12/278 330/13/278 333/13/278
f 333/13/278 332/58/278 331/12/278
